
> aurora-ai-agency@2.5.0 tauri:build:thin
> node tools/build-cloud.mjs

[облачная сборка] крейт шлюза берётся по метке aurora_gateway-v0.6.5 (метка на месте, запись bc955c0e74b5)
[облачная сборка] контракт по метке aurora_gateway-v0.6.5 проверен (продукт берёт 17 имён, все на месте)
[облачная сборка] проверяю типы фронта (svelte-check)
[облачная сборка] типы фронта в порядке
[облачная сборка] манифест собран (базовый + фрагмент), запускаю сборку
[облачная сборка] ⚠ настройка сборки D:\Docs\Aurora_Ai\Dev\Aurora_Econometrica_thinwt\src-tauri\tauri.thin.conf.json переопределяет productName и identifier (productName="Optimizer MMM", identifier="com.aurora.econometrica.thin"), но сборкой НЕ накладывается (ADR-049 §2) — дефекта нет. Вернёте наложение — получите второй продукт у клиента, проверка станет отказом
(node:85392) [DEP0190] DeprecationWarning: Passing args to a child process with shell option true can lead to security vulnerabilities, as the arguments are not escaped, only concatenated.
(Use `node --trace-deprecation ...` to show where the warning was created)
        Info Looking up installed tauri packages to check mismatched versions...
     Running beforeBuildCommand `npm run build`

> aurora-ai-agency@2.5.0 prebuild
> npm run build:tokens


> aurora-ai-agency@2.5.0 build:tokens
> node tools/build-tokens.mjs

Loaded tokens from D:\Docs\Aurora_Ai\Standards\tokens\tokens.json
  [OK] wrote D:\Docs\Aurora_Ai\Dev\Aurora_Econometrica_thinwt\src\tokens.generated.css (5450 bytes)
Done.

> aurora-ai-agency@2.5.0 build
> vite build

[36mvite v6.4.1 [32mbuilding SSR bundle for production...[36m[39m
transforming...
11:39:29 [vite-plugin-svelte] src/routes/+page.svelte:630:2 Unused CSS selector ".quick-actions"
https://svelte.dev/e/css_unused_selector
628: 
629:   /* ── Cabinets Section ── */
630:   .quick-actions {
                     ^
631:     display: flex;
632:     gap: 10px;
11:39:29 [vite-plugin-svelte] src/routes/+page.svelte:638:2 Unused CSS selector ".qa-card"
https://svelte.dev/e/css_unused_selector
636:   }
637: 
638:   .qa-card {
               ^
639:     flex: 1;
640:     display: flex;
11:39:29 [vite-plugin-svelte] src/routes/+page.svelte:655:2 Unused CSS selector ".qa-card:hover"
https://svelte.dev/e/css_unused_selector
653:   }
654: 
655:   .qa-card:hover {
                     ^
656:     border-color: var(--accent-primary);
657:     color: var(--text-primary);
11:39:29 [vite-plugin-svelte] src/routes/+page.svelte:661:2 Unused CSS selector ".qa-icon"
https://svelte.dev/e/css_unused_selector
659:   }
660: 
661:   .qa-icon { font-size: 22px; }
               ^
662:   .qa-label { font-size: 13px; font-weight: 600; }
663:   .qa-desc { font-size: 10px; color: var(--text-muted); }
11:39:29 [vite-plugin-svelte] src/routes/+page.svelte:662:2 Unused CSS selector ".qa-label"
https://svelte.dev/e/css_unused_selector
660: 
661:   .qa-icon { font-size: 22px; }
662:   .qa-label { font-size: 13px; font-weight: 600; }
                ^
663:   .qa-desc { font-size: 10px; color: var(--text-muted); }
664: 
11:39:29 [vite-plugin-svelte] src/routes/+page.svelte:663:2 Unused CSS selector ".qa-desc"
https://svelte.dev/e/css_unused_selector
661:   .qa-icon { font-size: 22px; }
662:   .qa-label { font-size: 13px; font-weight: 600; }
663:   .qa-desc { font-size: 10px; color: var(--text-muted); }
               ^
664: 
665:   .cabinets-section {
11:39:29 [vite-plugin-svelte] src/routes/+page.svelte:665:2 Unused CSS selector ".cabinets-section"
https://svelte.dev/e/css_unused_selector
663:   .qa-desc { font-size: 10px; color: var(--text-muted); }
664: 
665:   .cabinets-section {
                        ^
666:     width: 100%;
667:     max-width: 960px;
11:39:29 [vite-plugin-svelte] src/routes/+page.svelte:670:2 Unused CSS selector ".section-header"
https://svelte.dev/e/css_unused_selector
668:   }
669: 
670:   .section-header {
                      ^
671:     display: flex;
672:     align-items: flex-end;
11:39:29 [vite-plugin-svelte] src/routes/+page.svelte:677:2 Unused CSS selector ".section-title"
https://svelte.dev/e/css_unused_selector
675:   }
676: 
677:   .section-title {
                     ^
678:     font-size: 22px;
679:     font-weight: 700;
11:39:29 [vite-plugin-svelte] src/routes/+page.svelte:687:2 Unused CSS selector ".section-subtitle"
https://svelte.dev/e/css_unused_selector
685:   }
686: 
687:   .section-subtitle {
                        ^
688:     color: var(--text-muted);
689:     font-size: 13px;
11:39:29 [vite-plugin-svelte] src/routes/+page.svelte:693:2 Unused CSS selector ".open-error"
https://svelte.dev/e/css_unused_selector
691:   }
692: 
693:   .open-error {
                  ^
694:     background: color-mix(in srgb, var(--danger) 10%, transparent);
695:     border: 1px solid color-mix(in srgb, var(--danger) 25%, transparent);
11:39:29 [vite-plugin-svelte] src/routes/+page.svelte:707:2 Unused CSS selector ".open-error button"
https://svelte.dev/e/css_unused_selector
705:   }
706: 
707:   .open-error button {
                         ^
708:     background: transparent;
709:     color: var(--danger-text-light);
11:39:29 [vite-plugin-svelte] src/routes/+page.svelte:719:2 Unused CSS selector ".cabinets-grid"
https://svelte.dev/e/css_unused_selector
717: 
718:   /* ── Bento Grid ── */
719:   .cabinets-grid {
                     ^
720:     display: grid;
721:     grid-template-columns: repeat(auto-fill, minmax(241px, 1fr));
11:39:29 [vite-plugin-svelte] src/routes/+page.svelte:725:2 Unused CSS selector ".card-wrapper"
https://svelte.dev/e/css_unused_selector
723:   }
724: 
725:   .card-wrapper {
                    ^
726:     animation: card-appear 0.45s cubic-bezier(0.4, 0, 0.2, 1) both;
727:   }
11:39:29 [vite-plugin-svelte] src/routes/+page.svelte:730:2 Unused CSS selector ".exports-section"
https://svelte.dev/e/css_unused_selector
728: 
729:   /* ── Recent Exports ── */
730:   .exports-section {
                       ^
731:     margin-top: 32px;
732:   }
11:39:29 [vite-plugin-svelte] src/routes/+page.svelte:734:2 Unused CSS selector ".exports-title"
https://svelte.dev/e/css_unused_selector
732:   }
733: 
734:   .exports-title {
                     ^
735:     font-size: 14px;
736:     font-weight: 600;
11:39:29 [vite-plugin-svelte] src/routes/+page.svelte:742:2 Unused CSS selector ".exports-list"
https://svelte.dev/e/css_unused_selector
740:   }
741: 
742:   .exports-list {
                    ^
743:     display: flex;
744:     flex-direction: column;
11:39:29 [vite-plugin-svelte] src/routes/+page.svelte:748:2 Unused CSS selector ".export-row"
https://svelte.dev/e/css_unused_selector
746:   }
747: 
748:   .export-row {
                  ^
749:     display: flex;
750:     align-items: center;
11:39:29 [vite-plugin-svelte] src/routes/+page.svelte:757:2 Unused CSS selector ".export-row:hover"
https://svelte.dev/e/css_unused_selector
755:   }
756: 
757:   .export-row:hover {
                        ^
758:     background: var(--hover-bg);
759:   }
11:39:29 [vite-plugin-svelte] src/routes/+page.svelte:761:2 Unused CSS selector ".export-cab"
https://svelte.dev/e/css_unused_selector
759:   }
760: 
761:   .export-cab {
                  ^
762:     font-size: 11px;
763:     color: var(--text-muted);
11:39:29 [vite-plugin-svelte] src/routes/+page.svelte:771:2 Unused CSS selector ".export-file"
https://svelte.dev/e/css_unused_selector
769:   }
770: 
771:   .export-file {
                   ^
772:     flex: 1;
773:     font-size: 12.5px;
11:39:29 [vite-plugin-svelte] src/routes/+page.svelte:780:2 Unused CSS selector ".share-btn"
https://svelte.dev/e/css_unused_selector
778:   }
779: 
780:   .share-btn {
                 ^
781:     width: 26px;
782:     height: 26px;
11:39:29 [vite-plugin-svelte] src/routes/+page.svelte:796:2 Unused CSS selector ".export-row:hover .share-btn"
https://svelte.dev/e/css_unused_selector
794:   }
795: 
796:   .export-row:hover .share-btn {
                                   ^
797:     opacity: 1;
798:   }
11:39:29 [vite-plugin-svelte] src/routes/+page.svelte:800:2 Unused CSS selector ".share-btn:hover"
https://svelte.dev/e/css_unused_selector
798:   }
799: 
800:   .share-btn:hover {
                       ^
801:     color: var(--accent-primary);
802:     background: var(--accent-glow);
11:39:29 [vite-plugin-svelte] src/routes/+page.svelte:806:2 Unused CSS selector ".share-targets"
https://svelte.dev/e/css_unused_selector
804:   }
805: 
806:   .share-targets {
                     ^
807:     display: flex;
808:     flex-wrap: wrap;
11:39:29 [vite-plugin-svelte] src/routes/+page.svelte:813:2 Unused CSS selector ".target-btn"
https://svelte.dev/e/css_unused_selector
811:   }
812: 
813:   .target-btn {
                  ^
814:     padding: 5px 10px;
815:     background: var(--accent-glow);
11:39:29 [vite-plugin-svelte] src/routes/+page.svelte:824:2 Unused CSS selector ".target-btn:hover"
https://svelte.dev/e/css_unused_selector
822:   }
823: 
824:   .target-btn:hover {
                        ^
825:     background: var(--accent-glow-strong);
826:     color: var(--text-primary);
11:39:29 [vite-plugin-svelte] src/routes/+page.svelte:886:2 Unused CSS selector ".share-success"
https://svelte.dev/e/css_unused_selector
884:   }
885: 
886:   .share-success {
                     ^
887:     font-size: 12px;
888:     color: var(--success, #10B981);
11:39:29 [vite-plugin-svelte] src/routes/+page.svelte:961:2 Unused CSS selector ".welcome-brand"
https://svelte.dev/e/css_unused_selector
959:   }
960: 
961:   .welcome-brand {
                     ^
962:     background: linear-gradient(135deg, color-mix(in srgb, var(--brand-gradient-start) 10%, transparent), color-mix(in srgb, var(--brand-gradient-end) 8%, transparent));
963:     border: 1px solid color-mix(in srgb, var(--brand-gradient-start) 20%, transparent);
11:39:29 [vite-plugin-svelte] src/routes/+page.svelte:969:2 Unused CSS selector ".welcome-brand h3"
https://svelte.dev/e/css_unused_selector
967:     margin-bottom: 16px;
968:   }
969:   .welcome-brand h3 { font-size: 1.1rem; font-weight: 600; color: var(--text-primary, #fff); margin: 0 0 6px; }
                        ^
970:   .welcome-brand p { font-size: 0.85rem; color: var(--text-secondary, #aaa); margin: 0 0 16px; }
971:   .welcome-input-row { display: flex; gap: 8px; max-width: 360px; margin: 0 auto; }
11:39:29 [vite-plugin-svelte] src/routes/+page.svelte:970:2 Unused CSS selector ".welcome-brand p"
https://svelte.dev/e/css_unused_selector
968:   }
969:   .welcome-brand h3 { font-size: 1.1rem; font-weight: 600; color: var(--text-primary, #fff); margin: 0 0 6px; }
970:   .welcome-brand p { font-size: 0.85rem; color: var(--text-secondary, #aaa); margin: 0 0 16px; }
                       ^
971:   .welcome-input-row { display: flex; gap: 8px; max-width: 360px; margin: 0 auto; }
972:   .welcome-input { flex: 1; padding: 8px 12px; background: var(--hover-bg); border: 1px solid var(--border); border-radius: var(--radius-input); color: var(--text-primary, #fff); font-size: 0.9rem; outline: none; font-family: inherit; }
11:39:29 [vite-plugin-svelte] src/routes/+page.svelte:971:2 Unused CSS selector ".welcome-input-row"
https://svelte.dev/e/css_unused_selector
969:   .welcome-brand h3 { font-size: 1.1rem; font-weight: 600; color: var(--text-primary, #fff); margin: 0 0 6px; }
970:   .welcome-brand p { font-size: 0.85rem; color: var(--text-secondary, #aaa); margin: 0 0 16px; }
971:   .welcome-input-row { display: flex; gap: 8px; max-width: 360px; margin: 0 auto; }
                         ^
972:   .welcome-input { flex: 1; padding: 8px 12px; background: var(--hover-bg); border: 1px solid var(--border); border-radius: var(--radius-input); color: var(--text-primary, #fff); font-size: 0.9rem; outline: none; font-family: inherit; }
973:   .welcome-input:focus { border-color: var(--brand-gradient-start); }
11:39:29 [vite-plugin-svelte] src/routes/+page.svelte:972:2 Unused CSS selector ".welcome-input"
https://svelte.dev/e/css_unused_selector
970:   .welcome-brand p { font-size: 0.85rem; color: var(--text-secondary, #aaa); margin: 0 0 16px; }
971:   .welcome-input-row { display: flex; gap: 8px; max-width: 360px; margin: 0 auto; }
972:   .welcome-input { flex: 1; padding: 8px 12px; background: var(--hover-bg); border: 1px solid var(--border); border-radius: var(--radius-input); color: var(--text-primary, #fff); font-size: 0.9rem; outline: none; font-family: inherit; }
                     ^
973:   .welcome-input:focus { border-color: var(--brand-gradient-start); }
974:   .welcome-create-btn { background: linear-gradient(135deg, var(--brand-gradient-start), var(--brand-gradient-end)); color: var(--text-on-accent, #fff); border: none; padding: 8px 20px; border-radius: var(--radius-btn); cursor: pointer; font-weight: 500; font-size: 0.9rem; }
11:39:29 [vite-plugin-svelte] src/routes/+page.svelte:973:2 Unused CSS selector ".welcome-input:focus"
https://svelte.dev/e/css_unused_selector
971:   .welcome-input-row { display: flex; gap: 8px; max-width: 360px; margin: 0 auto; }
972:   .welcome-input { flex: 1; padding: 8px 12px; background: var(--hover-bg); border: 1px solid var(--border); border-radius: var(--radius-input); color: var(--text-primary, #fff); font-size: 0.9rem; outline: none; font-family: inherit; }
973:   .welcome-input:focus { border-color: var(--brand-gradient-start); }
                           ^
974:   .welcome-create-btn { background: linear-gradient(135deg, var(--brand-gradient-start), var(--brand-gradient-end)); color: var(--text-on-accent, #fff); border: none; padding: 8px 20px; border-radius: var(--radius-btn); cursor: pointer; font-weight: 500; font-size: 0.9rem; }
975:   .welcome-create-btn:disabled { opacity: 0.5; cursor: not-allowed; }
11:39:29 [vite-plugin-svelte] src/routes/+page.svelte:974:2 Unused CSS selector ".welcome-create-btn"
https://svelte.dev/e/css_unused_selector
972:   .welcome-input { flex: 1; padding: 8px 12px; background: var(--hover-bg); border: 1px solid var(--border); border-radius: var(--radius-input); color: var(--text-primary, #fff); font-size: 0.9rem; outline: none; font-family: inherit; }
973:   .welcome-input:focus { border-color: var(--brand-gradient-start); }
974:   .welcome-create-btn { background: linear-gradient(135deg, var(--brand-gradient-start), var(--brand-gradient-end)); color: var(--text-on-accent, #fff); border: none; padding: 8px 20px; border-radius: var(--radius-btn); cursor: pointer; font-weight: 500; font-size: 0.9rem; }
                          ^
975:   .welcome-create-btn:disabled { opacity: 0.5; cursor: not-allowed; }
976: 
11:39:29 [vite-plugin-svelte] src/routes/+page.svelte:975:2 Unused CSS selector ".welcome-create-btn:disabled"
https://svelte.dev/e/css_unused_selector
973:   .welcome-input:focus { border-color: var(--brand-gradient-start); }
974:   .welcome-create-btn { background: linear-gradient(135deg, var(--brand-gradient-start), var(--brand-gradient-end)); color: var(--text-on-accent, #fff); border: none; padding: 8px 20px; border-radius: var(--radius-btn); cursor: pointer; font-weight: 500; font-size: 0.9rem; }
975:   .welcome-create-btn:disabled { opacity: 0.5; cursor: not-allowed; }
                                   ^
976: 
977:   /* ── Dashboard Stats ── */
11:39:29 [vite-plugin-svelte] src/routes/+page.svelte:978:2 Unused CSS selector ".dash-stats"
https://svelte.dev/e/css_unused_selector
976: 
977:   /* ── Dashboard Stats ── */
978:   .dash-stats {
                  ^
979:     display: flex;
980:     gap: 12px;
11:39:29 [vite-plugin-svelte] src/routes/+page.svelte:984:2 Unused CSS selector ".dash-card"
https://svelte.dev/e/css_unused_selector
982:     flex-wrap: wrap;
983:   }
984:   .dash-card {
                 ^
985:     background: var(--bg-card);
986:     border: 1px solid var(--border-subtle);
11:39:29 [vite-plugin-svelte] src/routes/+page.svelte:995:2 Unused CSS selector ".dash-card--wide"
https://svelte.dev/e/css_unused_selector
993:     flex: 1;
994:   }
995:   .dash-card--wide { flex: 2; }
                       ^
996:   .dash-value {
997:     font-size: 20px;
11:39:29 [vite-plugin-svelte] src/routes/+page.svelte:996:2 Unused CSS selector ".dash-value"
https://svelte.dev/e/css_unused_selector
994:   }
995:   .dash-card--wide { flex: 2; }
996:   .dash-value {
                  ^
997:     font-size: 20px;
998:     font-weight: 700;
11:39:29 [vite-plugin-svelte] src/routes/+page.svelte:1005:2 Unused CSS selector ".dash-label"
https://svelte.dev/e/css_unused_selector
1003:     white-space: nowrap;
1004:   }
1005:   .dash-label {
                   ^
1006:     font-size: 11px;
1007:     color: var(--text-muted);
11:39:29 [vite-plugin-svelte] src/routes/+page.svelte:1193:4 Unused CSS selector ".cabinet-card"
https://svelte.dev/e/css_unused_selector
1191:       border-color: var(--accent-primary);
1192:     }
1193:     .cabinet-card {
                       ^
1194:       animation: none;
1195:       opacity: 1;
11:39:29 [vite-plugin-svelte] src/routes/cabinet/+page.svelte:539:2 Unused CSS selector ".breadcrumb"
https://svelte.dev/e/css_unused_selector
537: 
538:   /* ── Breadcrumb ── */
539:   .breadcrumb {
                  ^
540:     display: flex;
541:     align-items: center;
11:39:29 [vite-plugin-svelte] src/routes/cabinet/+page.svelte:545:2 Unused CSS selector ".breadcrumb-logo"
https://svelte.dev/e/css_unused_selector
543:   }
544: 
545:   .breadcrumb-logo {
                       ^
546:     height: 22px;
547:     width: auto;
11:39:29 [vite-plugin-svelte] src/routes/cabinet/+page.svelte:553:2 Unused CSS selector ".breadcrumb-root"
https://svelte.dev/e/css_unused_selector
551:   }
552: 
553:   .breadcrumb-root {
                       ^
554:     font-size: 11px;
555:     color: var(--text-secondary);
11:39:29 [vite-plugin-svelte] src/routes/cabinet/+page.svelte:612:2 Unused CSS selector ".breadcrumb-sep"
https://svelte.dev/e/css_unused_selector
610:   }
611: 
612:   .breadcrumb-sep {
                      ^
613:     color: var(--text-muted);
614:     opacity: 0.7;
11:39:29 [vite-plugin-svelte] src/routes/cabinet/+page.svelte:617:2 Unused CSS selector ".breadcrumb-icon"
https://svelte.dev/e/css_unused_selector
615:   }
616: 
617:   .breadcrumb-icon {
                       ^
618:     font-size: 14px;
619:     line-height: 1;
11:39:29 [vite-plugin-svelte] src/routes/cabinet/+page.svelte:622:2 Unused CSS selector ".breadcrumb-name"
https://svelte.dev/e/css_unused_selector
620:   }
621: 
622:   .breadcrumb-name {
                       ^
623:     font-size: 13.5px;
624:     font-weight: var(--font-weight-heading);
11:39:29 [vite-plugin-svelte] src/routes/cabinet/+page.svelte:629:2 Unused CSS selector ".mastery-badge"
https://svelte.dev/e/css_unused_selector
627:   }
628: 
629:   .mastery-badge {
                     ^
630:     font-size: 10px;
631:     font-weight: 500;
11:39:29 [vite-plugin-svelte] src/routes/cabinet/+page.svelte:642:2 Unused CSS selector ".brand-badge"
https://svelte.dev/e/css_unused_selector
640:   }
641: 
642:   .brand-badge {
                   ^
643:     font-size: 10px;
644:     color: var(--text-secondary);
11:39:29 [vite-plugin-svelte] src/routes/cabinet/+page.svelte:868:2 Unused CSS selector ".header-icon-btn.header-icon-active"
https://svelte.dev/e/css_unused_selector
866:   }
867: 
868:   .header-icon-btn.header-icon-active {
                                          ^
869:     color: var(--accent-primary);
870:     background: var(--accent-glow);
11:39:29 [vite-plugin-svelte] src/routes/workflow/+page.svelte:119:4 Buttons and links should either contain text or have an `aria-label`, `aria-labelledby` or `title` attribute
https://svelte.dev/e/a11y_consider_explicit_label
117: <div class="page">
118:   <header class="page-header">
119:     <button class="back-btn" onclick={() => goto('/')}>
                  ^
120:       <svg width="16" height="16" viewBox="0 0 24 24" fill="none" stroke="currentColor" stroke-width="2"><path d="M19 12H5M12 19l-7-7 7-7"/></svg>
121:     </button>
11:39:29 [vite-plugin-svelte] src/routes/data-chat/+page.svelte:289:6 Buttons and links should either contain text or have an `aria-label`, `aria-labelledby` or `title` attribute
https://svelte.dev/e/a11y_consider_explicit_label
287:         disabled={isThinking}
288:       />
289:       <button class="btn-send" onclick={() => sendMessage(input)} disabled={isThinking || !input.trim()}>
                    ^
290:         <svg width="16" height="16" viewBox="0 0 24 24" fill="none" stroke="currentColor" stroke-width="2" stroke-linecap="round">
291:           <line x1="22" y1="2" x2="11" y2="13"/><polygon points="22 2 15 22 11 13 2 9 22 2"/>
11:39:29 [vite-plugin-svelte] src/routes/settings/+page.svelte:1187:2 Unused CSS selector ".raw-fp-btn"
https://svelte.dev/e/css_unused_selector
1185:   }
1186: 
1187:   .raw-fp-btn {
                   ^
1188:     margin-top: 6px;
1189:     border-color: color-mix(in srgb, var(--accent-secondary) 15%, transparent);
11:39:29 [vite-plugin-svelte] src/routes/settings/+page.svelte:1193:2 Unused CSS selector ".raw-fp-btn:hover"
https://svelte.dev/e/css_unused_selector
1191:   }
1192: 
1193:   .raw-fp-btn:hover {
                         ^
1194:     border-color: color-mix(in srgb, var(--accent-secondary) 30%, transparent);
1195:     color: var(--accent-secondary);
11:39:29 [vite-plugin-svelte] src/routes/settings/+page.svelte:1199:2 Unused CSS selector ".status-card"
https://svelte.dev/e/css_unused_selector
1197:   }
1198: 
1199:   .status-card {
                    ^
1200:     display: flex;
1201:     align-items: flex-start;
11:39:29 [vite-plugin-svelte] src/routes/settings/+page.svelte:1210:2 Unused CSS selector ".status-card.status-ok"
https://svelte.dev/e/css_unused_selector
1208:   }
1209: 
1210:   .status-card.status-ok {
                              ^
1211:     border-color: color-mix(in srgb, var(--success) 25%, transparent);
1212:     background: color-mix(in srgb, var(--success) 5%, transparent);
11:39:29 [vite-plugin-svelte] src/routes/settings/+page.svelte:1215:2 Unused CSS selector ".status-card.status-error"
https://svelte.dev/e/css_unused_selector
1213:   }
1214: 
1215:   .status-card.status-error {
                                 ^
1216:     border-color: color-mix(in srgb, var(--danger) 25%, transparent);
1217:     background: color-mix(in srgb, var(--danger) 5%, transparent);
11:39:29 [vite-plugin-svelte] src/routes/settings/+page.svelte:1228:2 Unused CSS selector ".status-dot.ok"
https://svelte.dev/e/css_unused_selector
1226:   }
1227: 
1228:   .status-dot.ok {
                      ^
1229:     background: var(--success);
1230:     box-shadow: 0 0 8px color-mix(in srgb, var(--success) 50%, transparent);
11:39:29 [vite-plugin-svelte] src/routes/settings/+page.svelte:1234:2 Unused CSS selector ".status-dot.error"
https://svelte.dev/e/css_unused_selector
1232:   }
1233: 
1234:   .status-dot.error {
                         ^
1235:     background: var(--danger);
1236:     box-shadow: 0 0 6px color-mix(in srgb, var(--danger) 50%, transparent);
11:39:29 [vite-plugin-svelte] src/routes/settings/+page.svelte:1239:2 Unused CSS selector ".status-label"
https://svelte.dev/e/css_unused_selector
1237:   }
1238: 
1239:   .status-label {
                     ^
1240:     font-size: 13.5px;
1241:     font-weight: 600;
11:39:29 [vite-plugin-svelte] src/routes/settings/+page.svelte:1245:2 Unused CSS selector ".status-detail"
https://svelte.dev/e/css_unused_selector
1243:   }
1244: 
1245:   .status-detail {
                      ^
1246:     font-size: 12.5px;
1247:     color: var(--text-secondary);
11:39:29 [vite-plugin-svelte] src/routes/settings/+page.svelte:1251:2 Unused CSS selector ".btn"
https://svelte.dev/e/css_unused_selector
1249:   }
1250: 
1251:   .btn {
            ^
1252:     padding: 9px 22px;
1253:     border-radius: var(--radius-sm);
11:39:29 [vite-plugin-svelte] src/routes/settings/+page.svelte:1260:2 Unused CSS selector ".btn-accent"
https://svelte.dev/e/css_unused_selector
1258:   }
1259: 
1260:   .btn-accent {
                   ^
1261:     background: linear-gradient(135deg, var(--accent-primary) 0%, #4A76FF 100%);
1262:     color: white;
11:39:29 [vite-plugin-svelte] src/routes/settings/+page.svelte:1267:2 Unused CSS selector ".btn-accent:hover"
https://svelte.dev/e/css_unused_selector
1265:   }
1266: 
1267:   .btn-accent:hover {
                         ^
1268:     transform: translateY(-1px);
1269:     box-shadow: var(--shadow-glow);
11:39:29 [vite-plugin-svelte] src/routes/settings/+page.svelte:1279:2 Unused CSS selector ".metrics-grid"
https://svelte.dev/e/css_unused_selector
1277:   }
1278: 
1279:   .metrics-grid {
                     ^
1280:     display: grid;
1281:     grid-template-columns: 1fr 1fr;
11:39:29 [vite-plugin-svelte] src/routes/settings/+page.svelte:1286:2 Unused CSS selector ".metric-card"
https://svelte.dev/e/css_unused_selector
1284:   }
1285: 
1286:   .metric-card {
                    ^
1287:     display: flex;
1288:     flex-direction: column;
11:39:29 [vite-plugin-svelte] src/routes/settings/+page.svelte:1296:2 Unused CSS selector ".metric-value"
https://svelte.dev/e/css_unused_selector
1294:   }
1295: 
1296:   .metric-value {
                     ^
1297:     font-size: 20px;
1298:     font-weight: 700;
11:39:29 [vite-plugin-svelte] src/routes/settings/+page.svelte:1303:2 Unused CSS selector ".metric-label"
https://svelte.dev/e/css_unused_selector
1301:   }
1302: 
1303:   .metric-label {
                     ^
1304:     font-size: 11px;
1305:     color: var(--text-muted);
11:39:29 [vite-plugin-svelte] src/routes/settings/+page.svelte:1311:2 Unused CSS selector ".metric-detail"
https://svelte.dev/e/css_unused_selector
1309:   }
1310: 
1311:   .metric-detail {
                      ^
1312:     font-size: 12px;
1313:     color: var(--text-secondary);
11:39:29 [vite-plugin-svelte] src/routes/settings/+page.svelte:1317:2 Unused CSS selector ".reset-metrics-btn"
https://svelte.dev/e/css_unused_selector
1315:   }
1316: 
1317:   .reset-metrics-btn {
                          ^
1318:     margin-top: 12px;
1319:     padding: 5px 14px;
11:39:29 [vite-plugin-svelte] src/routes/settings/+page.svelte:1329:2 Unused CSS selector ".reset-metrics-btn:hover"
https://svelte.dev/e/css_unused_selector
1327:   }
1328: 
1329:   .reset-metrics-btn:hover {
                                ^
1330:     color: var(--danger);
1331:     border-color: color-mix(in srgb, var(--danger) 20%, transparent);
11:39:29 [vite-plugin-svelte] src/routes/settings/+page.svelte:1353:2 Unused CSS selector ".chart-section"
https://svelte.dev/e/css_unused_selector
1351: 
1352:   /* ── Command Chart ── */
1353:   .chart-section {
                      ^
1354:     margin-top: 14px;
1355:     padding-top: 14px;
11:39:29 [vite-plugin-svelte] src/routes/settings/+page.svelte:1359:2 Unused CSS selector ".chart-title"
https://svelte.dev/e/css_unused_selector
1357:   }
1358: 
1359:   .chart-title {
                    ^
1360:     font-size: 11px;
1361:     font-weight: 600;
11:39:29 [vite-plugin-svelte] src/routes/settings/+page.svelte:1368:2 Unused CSS selector ".chart-bars"
https://svelte.dev/e/css_unused_selector
1366:   }
1367: 
1368:   .chart-bars {
                   ^
1369:     display: flex;
1370:     flex-direction: column;
11:39:29 [vite-plugin-svelte] src/routes/settings/+page.svelte:1374:2 Unused CSS selector ".chart-row"
https://svelte.dev/e/css_unused_selector
1372:   }
1373: 
1374:   .chart-row {
                  ^
1375:     display: flex;
1376:     align-items: center;
11:39:29 [vite-plugin-svelte] src/routes/settings/+page.svelte:1380:2 Unused CSS selector ".chart-label"
https://svelte.dev/e/css_unused_selector
1378:   }
1379: 
1380:   .chart-label {
                    ^
1381:     width: 80px;
1382:     font-size: 12px;
11:39:29 [vite-plugin-svelte] src/routes/settings/+page.svelte:1391:2 Unused CSS selector ".chart-bar-track"
https://svelte.dev/e/css_unused_selector
1389:   }
1390: 
1391:   .chart-bar-track {
                        ^
1392:     flex: 1;
1393:     height: 14px;
11:39:29 [vite-plugin-svelte] src/routes/settings/+page.svelte:1399:2 Unused CSS selector ".chart-bar-fill"
https://svelte.dev/e/css_unused_selector
1397:   }
1398: 
1399:   .chart-bar-fill {
                       ^
1400:     height: 100%;
1401:     background: var(--gradient-accent-line);
11:39:29 [vite-plugin-svelte] src/routes/settings/+page.svelte:1407:2 Unused CSS selector ".chart-value"
https://svelte.dev/e/css_unused_selector
1405:   }
1406: 
1407:   .chart-value {
                    ^
1408:     width: 30px;
1409:     font-size: 12px;
11:39:29 [vite-plugin-svelte] src/lib/components/CommandPalette.svelte:425:4 Unused CSS selector ".overlay"
https://svelte.dev/e/css_unused_selector
423:   /* v2.1.0 п.5.6: instant command palette appearance */
424:   @media (prefers-reduced-motion: reduce) {
425:     .overlay,
                 ^
426:     .palette {
427:       animation: none;
11:39:30 [vite-plugin-svelte] src/lib/components/GlossaryPanel.svelte:18:30 This reference only captures the initial value of `initialTerm`. Did you mean to reference it inside a derived instead?
https://svelte.dev/e/state_referenced_locally
16:   let query = $state('');
17:   /** @type {string | null} */
18:   let selectedTermId = $state(initialTerm ?? null);
                                             ^
19: 
20:   /** @type {HTMLInputElement | null} */
11:39:30 [vite-plugin-svelte] src/lib/components/GlossaryPanel.svelte:78:0 Visible, non-interactive elements with a click event must be accompanied by a keyboard event handler. Consider whether an interactive element such as `<button type="button">` or `<a>` might be more appropriate
https://svelte.dev/e/a11y_click_events_have_key_events
76: <svelte:window onkeydown={handleKeydown} />
77: 
78: <div class="glossary-overlay" onclick={onClose}>
          ^
79:   <div
80:     class="glossary-panel"
11:39:30 [vite-plugin-svelte] src/lib/components/GlossaryPanel.svelte:78:0 `<div>` with a click handler must have an ARIA role
https://svelte.dev/e/a11y_no_static_element_interactions
76: <svelte:window onkeydown={handleKeydown} />
77: 
78: <div class="glossary-overlay" onclick={onClose}>
          ^
79:   <div
80:     class="glossary-panel"
11:39:30 [vite-plugin-svelte] src/lib/components/GlossaryPanel.svelte:79:2 Elements with the 'dialog' interactive role must have a tabindex value
https://svelte.dev/e/a11y_interactive_supports_focus
77: 
78: <div class="glossary-overlay" onclick={onClose}>
79:   <div
           ^
80:     class="glossary-panel"
81:     bind:this={panelEl}
11:39:30 [vite-plugin-svelte] src/lib/components/GlossaryPanel.svelte:79:2 Visible, non-interactive elements with a click event must be accompanied by a keyboard event handler. Consider whether an interactive element such as `<button type="button">` or `<a>` might be more appropriate
https://svelte.dev/e/a11y_click_events_have_key_events
77: 
78: <div class="glossary-overlay" onclick={onClose}>
79:   <div
           ^
80:     class="glossary-panel"
81:     bind:this={panelEl}
11:39:30 [vite-plugin-svelte] src/lib/components/IntroTutorial.svelte:116:8 `<svelte:component>` is deprecated in runes mode — components are dynamic by default
https://svelte.dev/e/svelte_component_deprecated
114:     <div class="slide">
115:       <div class="slide-icon">
116:         <svelte:component this={currentSlide.icon} size={56} strokeWidth={1} />
                                                                                    ^
117:       </div>
118:       <h2 id="intro-title">{currentSlide.title}</h2>
11:39:30 [vite-plugin-svelte] src/lib/components/CabinetOnboarding.svelte:395:4 Unused CSS selector ".onboarding-card"
https://svelte.dev/e/css_unused_selector
393:   /* v2.1.0 п.5.6: instant appearance, no slide-in */
394:   @media (prefers-reduced-motion: reduce) {
395:     .onboarding-card,
                         ^
396:     .step-content {
397:       animation: none;
11:39:30 [vite-plugin-svelte] src/lib/components/pipeline/ImportStep.svelte:1039:2 Unused CSS selector ".engine-selector"
https://svelte.dev/e/css_unused_selector
1037:   /* legacy selector classes (unused after v1.0.16 auto-selection refactor)
1038:      kept for CSS compatibility - to remove in next cleanup pass */
1039:   .engine-selector {
                        ^
1040:     margin-top: 16px;
1041:     padding: 16px 18px;
11:39:30 [vite-plugin-svelte] src/lib/components/pipeline/ImportStep.svelte:1046:2 Unused CSS selector ".engine-title"
https://svelte.dev/e/css_unused_selector
1044:     border-radius: 10px;
1045:   }
1046:   .engine-title {
                     ^
1047:     margin: 0 0 12px 0;
1048:     font-size: 14px;
11:39:30 [vite-plugin-svelte] src/lib/components/pipeline/ImportStep.svelte:1052:2 Unused CSS selector ".engine-options"
https://svelte.dev/e/css_unused_selector
1050:     color: var(--text-primary, #e2e8f0);
1051:   }
1052:   .engine-options { display: flex; flex-direction: column; gap: 10px; }
                       ^
1053:   .engine-radio {
1054:     display: flex;
11:39:30 [vite-plugin-svelte] src/lib/components/pipeline/ImportStep.svelte:1053:2 Unused CSS selector ".engine-radio"
https://svelte.dev/e/css_unused_selector
1051:   }
1052:   .engine-options { display: flex; flex-direction: column; gap: 10px; }
1053:   .engine-radio {
                     ^
1054:     display: flex;
1055:     gap: 12px;
11:39:30 [vite-plugin-svelte] src/lib/components/pipeline/ImportStep.svelte:1063:2 Unused CSS selector ".engine-radio:hover"
https://svelte.dev/e/css_unused_selector
1061:     transition: all 0.15s ease;
1062:   }
1063:   .engine-radio:hover {
                           ^
1064:     background: rgba(255,255,255,0.06);
1065:     border-color: rgba(255,255,255,0.16);
11:39:30 [vite-plugin-svelte] src/lib/components/pipeline/ImportStep.svelte:1067:2 Unused CSS selector ".engine-radio.active"
https://svelte.dev/e/css_unused_selector
1065:     border-color: rgba(255,255,255,0.16);
1066:   }
1067:   .engine-radio.active {
                            ^
1068:     background: color-mix(in srgb, var(--accent-primary, #3b82f6) 12%, transparent);
1069:     border-color: color-mix(in srgb, var(--accent-primary, #3b82f6) 40%, transparent);
11:39:30 [vite-plugin-svelte] src/lib/components/pipeline/ImportStep.svelte:1071:2 Unused CSS selector ".engine-radio input[type="radio"]"
https://svelte.dev/e/css_unused_selector
1069:     border-color: color-mix(in srgb, var(--accent-primary, #3b82f6) 40%, transparent);
1070:   }
1071:   .engine-radio input[type="radio"] {
                                         ^
1072:     appearance: none;
1073:     width: 16px; height: 16px;
11:39:30 [vite-plugin-svelte] src/lib/components/pipeline/ImportStep.svelte:1081:2 Unused CSS selector ".engine-radio.active input[type="radio"]"
https://svelte.dev/e/css_unused_selector
1079:     flex-shrink: 0;
1080:   }
1081:   .engine-radio.active input[type="radio"] { border-color: var(--accent-primary, #3b82f6); }
                                                ^
1082:   .engine-radio.active input[type="radio"]::after {
1083:     content: ''; position: absolute;
11:39:30 [vite-plugin-svelte] src/lib/components/pipeline/ImportStep.svelte:1082:2 Unused CSS selector ".engine-radio.active input[type="radio"]::after"
https://svelte.dev/e/css_unused_selector
1080:   }
1081:   .engine-radio.active input[type="radio"] { border-color: var(--accent-primary, #3b82f6); }
1082:   .engine-radio.active input[type="radio"]::after {
                                                       ^
1083:     content: ''; position: absolute;
1084:     top: 50%; left: 50%; transform: translate(-50%, -50%);
11:39:30 [vite-plugin-svelte] src/lib/components/pipeline/ImportStep.svelte:1088:2 Unused CSS selector ".engine-content"
https://svelte.dev/e/css_unused_selector
1086:     background: var(--accent-primary, #3b82f6);
1087:   }
1088:   .engine-content { flex: 1; }
                       ^
1089:   .engine-label {
1090:     display: flex; align-items: center; gap: 8px;
11:39:30 [vite-plugin-svelte] src/lib/components/pipeline/ImportStep.svelte:1089:2 Unused CSS selector ".engine-label"
https://svelte.dev/e/css_unused_selector
1087:   }
1088:   .engine-content { flex: 1; }
1089:   .engine-label {
                     ^
1090:     display: flex; align-items: center; gap: 8px;
1091:     font-size: 13.5px; font-weight: 600;
11:39:30 [vite-plugin-svelte] src/lib/components/pipeline/ImportStep.svelte:1095:2 Unused CSS selector ".engine-icon"
https://svelte.dev/e/css_unused_selector
1093:     margin-bottom: 4px;
1094:   }
1095:   .engine-icon { font-size: 16px; }
                    ^
1096:   .engine-recommend {
1097:     margin-left: auto;
11:39:30 [vite-plugin-svelte] src/lib/components/pipeline/ImportStep.svelte:1096:2 Unused CSS selector ".engine-recommend"
https://svelte.dev/e/css_unused_selector
1094:   }
1095:   .engine-icon { font-size: 16px; }
1096:   .engine-recommend {
                         ^
1097:     margin-left: auto;
1098:     padding: 2px 8px;
11:39:30 [vite-plugin-svelte] src/lib/components/pipeline/ImportStep.svelte:1107:2 Unused CSS selector ".engine-desc"
https://svelte.dev/e/css_unused_selector
1105:     letter-spacing: 0.02em;
1106:   }
1107:   .engine-desc {
                    ^
1108:     margin: 0;
1109:     font-size: 12.5px;
11:39:30 [vite-plugin-svelte] src/lib/components/pipeline/ImportStep.svelte:1224:2 Unused CSS selector ".intro-btn.primary"
https://svelte.dev/e/css_unused_selector
1222:     margin-top: 6px;
1223:   }
1224:   .intro-btn.primary {
                          ^
1225:     background: var(--accent-primary, #3b82f6);
1226:     color: white;
11:39:30 [vite-plugin-svelte] src/lib/components/pipeline/ValidateStepV13.svelte:352:5 This reference only captures the initial value of `kpiConfirmed`. Did you mean to reference it inside a derived instead?
https://svelte.dev/e/state_referenced_locally
350:    */
351:   let subStep = $state(
352:     !kpiConfirmed ? -2 : (!rolesConfirmed ? -1 : 0)
                      ^
353:   );
354:   /** @type {string} */
11:39:30 [vite-plugin-svelte] src/lib/components/pipeline/ValidateStepV13.svelte:352:27 This reference only captures the initial value of `rolesConfirmed`. Did you mean to reference it inside a derived instead?
https://svelte.dev/e/state_referenced_locally
350:    */
351:   let subStep = $state(
352:     !kpiConfirmed ? -2 : (!rolesConfirmed ? -1 : 0)
                                              ^
353:   );
354:   /** @type {string} */
11:39:30 [vite-plugin-svelte] src/lib/components/pipeline/ValidateStepV13.svelte:437:53 This reference only captures the initial value of `subStep`. Did you mean to reference it inside a closure instead?
https://svelte.dev/e/state_referenced_locally
435:   // (subStep declared как `-2 | -1 | 0 | 1 | 2 | 3` union).
436:   /** @type {number} */
437:   let prevSubStepIdx = $state(/** @type {number} */ (subStep));
                                                                 ^
438:   let substepDir = $state(/** @type {'forward' | 'back'} */ ('forward'));
439:   $effect(() => {
11:39:30 [vite-plugin-svelte] src/lib/components/pipeline/ValidateStepV13.svelte:1825:4 Unused CSS selector ".spinner"
https://svelte.dev/e/css_unused_selector
1823:   /* v2.1.0 п.5.6: static spinner ring */
1824:   @media (prefers-reduced-motion: reduce) {
1825:     .spinner {
                  ^
1826:       border-color: color-mix(in srgb, var(--accent-primary) 70%, transparent);
1827:     }
11:39:30 [vite-plugin-svelte] src/lib/components/pipeline/ReportStep.svelte:1484:2 Unused CSS selector ".export-buttons"
https://svelte.dev/e/css_unused_selector
1482:   .generate-card { flex: 1 0 auto; }
1483: 
1484:   .export-buttons {
                       ^
1485:     display: flex;
1486:     gap: 12px;
11:39:30 [vite-plugin-svelte] src/lib/components/pipeline/ReportStep.svelte:1490:2 Unused CSS selector ".btn-export"
https://svelte.dev/e/css_unused_selector
1488:     margin-bottom: 12px;
1489:   }
1490:   .btn-export {
                   ^
1491:     display: flex;
1492:     align-items: center;
11:39:30 [vite-plugin-svelte] src/lib/components/pipeline/ReportStep.svelte:1503:2 Unused CSS selector ".btn-export.primary"
https://svelte.dev/e/css_unused_selector
1501:     white-space: nowrap;
1502:   }
1503:   .btn-export.primary {
                           ^
1504:     background: var(--accent-primary, #3b82f6);
1505:     color: white;
11:39:30 [vite-plugin-svelte] src/lib/components/pipeline/ReportStep.svelte:1507:2 Unused CSS selector ".btn-export.secondary"
https://svelte.dev/e/css_unused_selector
1505:     color: white;
1506:   }
1507:   .btn-export.secondary {
                             ^
1508:     background: color-mix(in srgb, var(--success) 15%, transparent);
1509:     border: 1px solid color-mix(in srgb, var(--success) 30%, transparent);
11:39:30 [vite-plugin-svelte] src/lib/components/pipeline/ReportStep.svelte:1512:2 Unused CSS selector ".btn-export.pptx"
https://svelte.dev/e/css_unused_selector
1510:     color: #22c55e;
1511:   }
1512:   .btn-export.pptx {
                        ^
1513:     background: rgba(139,92,246,0.15);
1514:     border: 1px solid rgba(139,92,246,0.3);
11:39:30 [vite-plugin-svelte] src/lib/components/pipeline/ReportStep.svelte:1517:2 Unused CSS selector ".btn-export.html"
https://svelte.dev/e/css_unused_selector
1515:     color: #a78bfa;
1516:   }
1517:   .btn-export.html {
                        ^
1518:     background: rgba(14,165,233,0.15);
1519:     border: 1px solid rgba(14,165,233,0.3);
11:39:30 [vite-plugin-svelte] src/lib/components/pipeline/ReportStep.svelte:1522:2 Unused CSS selector ".btn-export:hover:not(:disabled)"
https://svelte.dev/e/css_unused_selector
1520:     color: #38bdf8;
1521:   }
1522:   .btn-export:hover:not(:disabled) { opacity: 0.85; }
                                        ^
1523:   .btn-export:disabled { opacity: 0.4; cursor: not-allowed; }
1524:   .btn-icon { font-size: 16px; }
11:39:30 [vite-plugin-svelte] src/lib/components/pipeline/ReportStep.svelte:1523:2 Unused CSS selector ".btn-export:disabled"
https://svelte.dev/e/css_unused_selector
1521:   }
1522:   .btn-export:hover:not(:disabled) { opacity: 0.85; }
1523:   .btn-export:disabled { opacity: 0.4; cursor: not-allowed; }
                            ^
1524:   .btn-icon { font-size: 16px; }
1525: 
11:39:30 [vite-plugin-svelte] src/lib/components/pipeline/ReportStep.svelte:1524:2 Unused CSS selector ".btn-icon"
https://svelte.dev/e/css_unused_selector
1522:   .btn-export:hover:not(:disabled) { opacity: 0.85; }
1523:   .btn-export:disabled { opacity: 0.4; cursor: not-allowed; }
1524:   .btn-icon { font-size: 16px; }
                 ^
1525: 
1526:   /* v1.0.16: unified Create Report selector */
11:39:30 [vite-plugin-svelte] src/lib/components/pipeline/ReportStep.svelte:1686:2 Unused CSS selector ".export-hint"
https://svelte.dev/e/css_unused_selector
1684:   }
1685: 
1686:   .export-hint {
                    ^
1687:     font-size: 12px;
1688:     color: var(--text-muted);
11:39:30 [vite-plugin-svelte] src/lib/components/pipeline/ReportStep.svelte:1810:2 Unused CSS selector ".btn-more"
https://svelte.dev/e/css_unused_selector
1808:     flex-wrap: wrap;
1809:   }
1810:   .btn-more, .btn-folder {
                 ^
1811:     padding: 7px 14px;
1812:     background: transparent;
11:39:30 [vite-plugin-svelte] src/lib/components/pipeline/ReportStep.svelte:1821:2 Unused CSS selector ".btn-more:hover"
https://svelte.dev/e/css_unused_selector
1819:     white-space: nowrap;
1820:   }
1821:   .btn-more:hover, .btn-folder:hover {
                       ^
1822:     border-color: rgba(255,255,255,0.22);
1823:     color: var(--text-primary, #e2e8f0);
11:39:30 [vite-plugin-svelte] src/lib/components/pipeline/ReportStep.svelte:2045:4 Unused CSS selector ".spinner-sm"
https://svelte.dev/e/css_unused_selector
2043:   @media (prefers-reduced-motion: reduce) {
2044:     .spinner,
2045:     .spinner-sm {
                     ^
2046:       border-color: color-mix(in srgb, var(--accent-primary) 70%, transparent);
2047:     }
11:39:31 [vite-plugin-svelte] src/lib/components/pipeline/MultiScenarioPage.svelte:381:16 Redundant role 'row'
https://svelte.dev/e/a11y_no_redundant_roles
379:                 class:selected-row={isSelected}
380:                 onclick={() => { selectedId = isSelected ? null : sc.id; }}
381:                 role="row"
                               ^
382:                 aria-selected={isSelected}
383:                 style="cursor: pointer;"
11:39:31 [vite-plugin-svelte] src/lib/components/pipeline/OptimizeStep.svelte:2593:8 A form label must be associated with a control
https://svelte.dev/e/a11y_label_has_associated_control
2591: 
2592:       <div class="whatif-controls">
2593:         <label class="whatif-label">Новый бюджет: <b>{fmtBudget(newMoney)}</b>
                      ^
2594:           <span class="whatif-delta" class:positive={deltaMoney > 0} class:negative={deltaMoney < 0}>
2595:             {deltaMoney > 0 ? '+' : ''}{((whatIfMult - 1) * 100).toFixed(0)}%
11:39:31 [vite-plugin-svelte] src/lib/components/pipeline/OptimizeStep.svelte:3100:2 Unused CSS selector ".preview-content p"
https://svelte.dev/e/css_unused_selector
3098:     line-height: 1.5;
3099:   }
3100:   .preview-content p { margin: 0; }
                          ^
3101:   .preview-content .hint {
3102:     font-size: 11px;
11:39:31 [vite-plugin-svelte] src/lib/components/pipeline/OptimizeStep.svelte:3380:2 Unused CSS selector ".forecast-avg b"
https://svelte.dev/e/css_unused_selector
3378:     color: var(--text-secondary);
3379:   }
3380:   .forecast-avg b { color: var(--text-primary); font-weight: 600; }
                       ^
3381: 
3382:   .whatif-compare {
11:39:31 [vite-plugin-svelte] src/lib/components/pipeline/OptimizeStep.svelte:3423:2 Unused CSS selector ".mode-radio input"
https://svelte.dev/e/css_unused_selector
3421:     cursor: pointer;
3422:   }
3423:   .mode-radio input { cursor: pointer; }
                         ^
3424:   .mode-hint { font-size: 11px; color: var(--text-muted); }
3425: 
11:39:31 [vite-plugin-svelte] src/lib/components/pipeline/OptimizeStep.svelte:3537:2 Unused CSS selector ".forecast-disclosure[open] .forecast-arrow"
https://svelte.dev/e/css_unused_selector
3535:   /* v1.0.16: Block D collapsible (Прогноз на будущий период) */
3536:   .forecast-disclosure { padding: 0; overflow: hidden; }
3537:   .forecast-disclosure[open] .forecast-arrow { transform: rotate(90deg); }
                                                  ^
3538:   .forecast-summary {
3539:     list-style: none;
11:39:31 [vite-plugin-svelte] src/lib/components/pipeline/OptimizeStep.svelte:3564:2 Unused CSS selector ".forecast-disclosure > .forecast-mode"
https://svelte.dev/e/css_unused_selector
3562:     border-radius: 4px;
3563:   }
3564:   .forecast-disclosure > .forecast-mode,
                                             ^
3565:   .forecast-disclosure > .forecast-table,
3566:   .forecast-disclosure > .forecast-actions,
11:39:31 [vite-plugin-svelte] src/lib/components/pipeline/OptimizeStep.svelte:3565:2 Unused CSS selector ".forecast-disclosure > .forecast-table"
https://svelte.dev/e/css_unused_selector
3563:   }
3564:   .forecast-disclosure > .forecast-mode,
3565:   .forecast-disclosure > .forecast-table,
                                              ^
3566:   .forecast-disclosure > .forecast-actions,
3567:   .forecast-disclosure > .whatif-compare,
11:39:31 [vite-plugin-svelte] src/lib/components/pipeline/OptimizeStep.svelte:3566:2 Unused CSS selector ".forecast-disclosure > .forecast-actions"
https://svelte.dev/e/css_unused_selector
3564:   .forecast-disclosure > .forecast-mode,
3565:   .forecast-disclosure > .forecast-table,
3566:   .forecast-disclosure > .forecast-actions,
                                                ^
3567:   .forecast-disclosure > .whatif-compare,
3568:   .forecast-disclosure > .inline-error,
11:39:31 [vite-plugin-svelte] src/lib/components/pipeline/OptimizeStep.svelte:3567:2 Unused CSS selector ".forecast-disclosure > .whatif-compare"
https://svelte.dev/e/css_unused_selector
3565:   .forecast-disclosure > .forecast-table,
3566:   .forecast-disclosure > .forecast-actions,
3567:   .forecast-disclosure > .whatif-compare,
                                              ^
3568:   .forecast-disclosure > .inline-error,
3569:   .forecast-disclosure > .inline-success { padding: 0 18px; }
11:39:31 [vite-plugin-svelte] src/lib/components/pipeline/OptimizeStep.svelte:3568:2 Unused CSS selector ".forecast-disclosure > .inline-error"
https://svelte.dev/e/css_unused_selector
3566:   .forecast-disclosure > .forecast-actions,
3567:   .forecast-disclosure > .whatif-compare,
3568:   .forecast-disclosure > .inline-error,
                                            ^
3569:   .forecast-disclosure > .inline-success { padding: 0 18px; }
3570:   .forecast-disclosure > .forecast-actions { padding-bottom: 18px; }
11:39:31 [vite-plugin-svelte] src/lib/components/pipeline/OptimizeStep.svelte:3569:2 Unused CSS selector ".forecast-disclosure > .inline-success"
https://svelte.dev/e/css_unused_selector
3567:   .forecast-disclosure > .whatif-compare,
3568:   .forecast-disclosure > .inline-error,
3569:   .forecast-disclosure > .inline-success { padding: 0 18px; }
                                              ^
3570:   .forecast-disclosure > .forecast-actions { padding-bottom: 18px; }
3571: 
11:39:31 [vite-plugin-svelte] src/lib/components/pipeline/OptimizeStep.svelte:3570:2 Unused CSS selector ".forecast-disclosure > .forecast-actions"
https://svelte.dev/e/css_unused_selector
3568:   .forecast-disclosure > .inline-error,
3569:   .forecast-disclosure > .inline-success { padding: 0 18px; }
3570:   .forecast-disclosure > .forecast-actions { padding-bottom: 18px; }
                                                ^
3571: 
3572:   /* v1.0.16: collapsible expert disclosure - visible to all, default closed */
11:39:31 [vite-plugin-svelte] src/lib/components/Tooltip.svelte:45:20 This reference only captures the initial value of `id`. Did you mean to reference it inside a closure instead?
https://svelte.dev/e/state_referenced_locally
43: 
44:   // Генерируем уникальный id если не передан
45:   const tooltipId = id ?? `tooltip-${Math.random().toString(36).slice(2, 9)}`;
                          ^
46: 
47:   let visible = $state(false);
11:39:31 [vite-plugin-svelte] src/lib/components/pipeline/ColumnMapper.svelte:351:6 Visible, non-interactive elements with a click event must be accompanied by a keyboard event handler. Consider whether an interactive element such as `<button type="button">` or `<a>` might be more appropriate
https://svelte.dev/e/a11y_click_events_have_key_events
349:       {@const ZHIcon = roleIcons[zone.id]}
350:       <!-- svelte-ignore a11y_no_static_element_interactions -->
351:       <div
                ^
352:         class="zone"
353:         class:drag-over={dragOver === zone.id}
11:39:31 [vite-plugin-svelte] src/lib/components/pipeline/ColumnMapper.svelte:351:6 Non-interactive element `<div>` should not be assigned mouse or keyboard event listeners
https://svelte.dev/e/a11y_no_noninteractive_element_interactions
349:       {@const ZHIcon = roleIcons[zone.id]}
350:       <!-- svelte-ignore a11y_no_static_element_interactions -->
351:       <div
                ^
352:         class="zone"
353:         class:drag-over={dragOver === zone.id}
11:39:31 [vite-plugin-svelte] src/lib/components/pipeline/ExpertValidatePanel.svelte:231:2 Unused CSS selector ".empty"
https://svelte.dev/e/css_unused_selector
229:   }
230:   .section-title { font-size: 11px; font-weight: 600; text-transform: uppercase; letter-spacing: 0.06em; color: rgba(252,165,165,0.85); }
231:   .empty { font-size: 12px; color: var(--text-muted); }
             ^
232: 
233:   table { width: 100%; border-collapse: collapse; font-size: 11px; }
11:39:31 [vite-plugin-svelte] src/lib/components/pipeline/ChannelCategoriesPanel.svelte:262:2 Elements with the 'dialog' interactive role must have a tabindex value
https://svelte.dev/e/a11y_interactive_supports_focus
260: 
261: {#if editingChannel}
262:   <div class="popup-overlay" role="dialog" aria-modal="true" onclick={() => editingChannel = null}>
             ^
263:     <div class="popup" role="document" onclick={(e) => e.stopPropagation()}>
264:       <header class="popup-head">
11:39:31 [vite-plugin-svelte] src/lib/components/pipeline/ChannelCategoriesPanel.svelte:262:2 Visible, non-interactive elements with a click event must be accompanied by a keyboard event handler. Consider whether an interactive element such as `<button type="button">` or `<a>` might be more appropriate
https://svelte.dev/e/a11y_click_events_have_key_events
260: 
261: {#if editingChannel}
262:   <div class="popup-overlay" role="dialog" aria-modal="true" onclick={() => editingChannel = null}>
             ^
263:     <div class="popup" role="document" onclick={(e) => e.stopPropagation()}>
264:       <header class="popup-head">
11:39:31 [vite-plugin-svelte] src/lib/components/pipeline/ChannelCategoriesPanel.svelte:263:4 Visible, non-interactive elements with a click event must be accompanied by a keyboard event handler. Consider whether an interactive element such as `<button type="button">` or `<a>` might be more appropriate
https://svelte.dev/e/a11y_click_events_have_key_events
261: {#if editingChannel}
262:   <div class="popup-overlay" role="dialog" aria-modal="true" onclick={() => editingChannel = null}>
263:     <div class="popup" role="document" onclick={(e) => e.stopPropagation()}>
               ^
264:       <header class="popup-head">
265:         <h5>Категория канала: <code>{editingChannel}</code></h5>
11:39:31 [vite-plugin-svelte] src/lib/components/pipeline/ChannelCategoriesPanel.svelte:263:4 Non-interactive element `<div>` should not be assigned mouse or keyboard event listeners
https://svelte.dev/e/a11y_no_noninteractive_element_interactions
261: {#if editingChannel}
262:   <div class="popup-overlay" role="dialog" aria-modal="true" onclick={() => editingChannel = null}>
263:     <div class="popup" role="document" onclick={(e) => e.stopPropagation()}>
               ^
264:       <header class="popup-head">
265:         <h5>Категория канала: <code>{editingChannel}</code></h5>
11:39:32 [vite-plugin-svelte] src/lib/components/ConfigPanel.svelte:559:4 A form label must be associated with a control
https://svelte.dev/e/a11y_label_has_associated_control
557:   <!-- KPI -->
558:   <div class="config-group">
559:     <label class="config-label">
                 ^
560:       Целевой KPI
561:       <span class="config-hint">Что моделируем</span>
11:39:32 [vite-plugin-svelte] src/lib/components/ConfigPanel.svelte:573:6 Visible, non-interactive elements with a click event must be accompanied by a keyboard event handler. Consider whether an interactive element such as `<button type="button">` or `<a>` might be more appropriate
https://svelte.dev/e/a11y_click_events_have_key_events
571:     {#if kpiOpen}
572:       <!-- svelte-ignore a11y_no_static_element_interactions -->
573:       <div class="dropdown-overlay" onclick={() => kpiOpen = false}></div>
                                                                               ^
574:       <div class="dropdown-list" style={getDropdownStyle(kpiAnchor)}>
575:         {#each kpiOptions as kpi}
11:39:32 [vite-plugin-svelte] src/lib/components/ConfigPanel.svelte:589:4 A form label must be associated with a control
https://svelte.dev/e/a11y_label_has_associated_control
587:   <!-- Media channels -->
588:   <div class="config-group">
589:     <label class="config-label">Медиа-каналы ({Object.values(channelEnabled).filter(Boolean).length})</label>
                                                                                                                  ^
590:     <div class="channels-grid">
591:       {#each mediaChannels as ch}
11:39:32 [vite-plugin-svelte] src/lib/components/ConfigPanel.svelte:605:4 A form label must be associated with a control
https://svelte.dev/e/a11y_label_has_associated_control
603:   <!-- Adstock (inline, minimal) + AdstockPreview -->
604:   <div class="config-group">
605:     <label class="config-label">
                 ^
606:       <span class="adstock-label-group">
607:         Adstock
11:39:32 [vite-plugin-svelte] src/lib/components/ConfigPanel.svelte:645:8 Visible, non-interactive elements with a click event must be accompanied by a keyboard event handler. Consider whether an interactive element such as `<button type="button">` or `<a>` might be more appropriate
https://svelte.dev/e/a11y_click_events_have_key_events
643:       {#if adstockOpen}
644:         <!-- svelte-ignore a11y_no_static_element_interactions -->
645:         <div class="dropdown-overlay" onclick={() => adstockOpen = false}></div>
                                                                                     ^
646:         <div class="dropdown-list" style={getDropdownStyle(adstockAnchor)}>
647:           {#each adstockOptions as opt}
11:39:32 [vite-plugin-svelte] src/lib/components/ConfigPanel.svelte:699:10 A form label must be associated with a control
https://svelte.dev/e/a11y_label_has_associated_control
697:         <!-- MCMC params (presets + expert mode opt-in) -->
698:         <div class="config-group">
699:           <label class="config-label">Настройки выборки</label>
                                                                    ^
700: 
701:           <div class="preset-radio-group" role="radiogroup" aria-label="Настройки расчёта">
11:39:32 [vite-plugin-svelte] src/lib/components/pipeline/ConvergenceDashboard.svelte:456:2 Unused CSS selector ".chart-panel"
https://svelte.dev/e/css_unused_selector
454:   }
455: 
456:   .chart-panel {
                   ^
457:     display: flex;
458:     flex-direction: column;
11:39:32 [vite-plugin-svelte] src/lib/components/pipeline/ConvergenceDashboard.svelte:466:2 Unused CSS selector ".chart-title"
https://svelte.dev/e/css_unused_selector
464:   }
465: 
466:   .chart-title {
                   ^
467:     margin: 0;
468:     font-size: 13px;
11:39:32 [vite-plugin-svelte] src/lib/components/pipeline/ConvergenceDashboard.svelte:549:2 Unused CSS selector ".help-icon"
https://svelte.dev/e/css_unused_selector
547:   }
548: 
549:   .help-icon {
                 ^
550:     display: inline-flex;
551:     align-items: center;
11:39:32 [vite-plugin-svelte] src/lib/components/pipeline/ConvergenceDashboard.svelte:566:2 Unused CSS selector ".help-icon:hover"
https://svelte.dev/e/css_unused_selector
564:     transition: background 0.15s, color 0.15s;
565:   }
566:   .help-icon:hover {
                       ^
567:     background: color-mix(in srgb, var(--accent-primary, #3b82f6) 30%, transparent);
568:     color: var(--accent-primary, #3b82f6);
11:39:32 [vite-plugin-svelte] src/lib/components/ExpandableCard.svelte:54:2 Elements with the 'dialog' interactive role must have a tabindex value
https://svelte.dev/e/a11y_interactive_supports_focus
52:   <!-- Fullscreen overlay. При свёртке content перерисовывается в inline-режиме
53:        ниже - чарты на основе canvas/svg пересоздадутся с правильными размерами. -->
54:   <div
           ^
55:     class="overlay"
56:     role="dialog"
11:39:32 [vite-plugin-svelte] src/lib/components/ExpandableCard.svelte:54:2 Visible, non-interactive elements with a click event must be accompanied by a keyboard event handler. Consider whether an interactive element such as `<button type="button">` or `<a>` might be more appropriate
https://svelte.dev/e/a11y_click_events_have_key_events
52:   <!-- Fullscreen overlay. При свёртке content перерисовывается в inline-режиме
53:        ниже - чарты на основе canvas/svg пересоздадутся с правильными размерами. -->
54:   <div
           ^
55:     class="overlay"
56:     role="dialog"
11:39:32 [vite-plugin-svelte] src/lib/components/ExpandableCard.svelte:61:4 Non-interactive element `<div>` should not be assigned mouse or keyboard event listeners
https://svelte.dev/e/a11y_no_noninteractive_element_interactions
59:     onclick={toggle}
60:   >
61:     <div
             ^
62:       class="overlay-card"
63:       role="document"
11:39:32 [vite-plugin-svelte] src/lib/components/pipeline/PerChannelInputSelector.svelte:107:4 This reference only captures the initial value of `currentSelection`. Did you mean to reference it inside a derived instead?
https://svelte.dev/e/state_referenced_locally
105:   /** @type {Record<string, string>} */
106:   let selection = $state(
107:     currentSelection
                         ^
108:       ? { ...currentSelection }
109:       : Object.fromEntries(/** @type {string[]} */ (channels).map((/** @type {string} */ ch) => {
11:39:32 [vite-plugin-svelte] src/lib/components/pipeline/PerChannelInputSelector.svelte:108:13 This reference only captures the initial value of `currentSelection`. Did you mean to reference it inside a derived instead?
https://svelte.dev/e/state_referenced_locally
106:   let selection = $state(
107:     currentSelection
108:       ? { ...currentSelection }
                                  ^
109:       : Object.fromEntries(/** @type {string[]} */ (channels).map((/** @type {string} */ ch) => {
110:           const av = availableMetricsByChannel[ch] || { monetary: [], physical: [] };
11:39:32 [vite-plugin-svelte] src/lib/components/pipeline/PerChannelInputSelector.svelte:109:52 This reference only captures the initial value of `channels`. Did you mean to reference it inside a derived instead?
https://svelte.dev/e/state_referenced_locally
107:     currentSelection
108:       ? { ...currentSelection }
109:       : Object.fromEntries(/** @type {string[]} */ (channels).map((/** @type {string} */ ch) => {
                                                                 ^
110:           const av = availableMetricsByChannel[ch] || { monetary: [], physical: [] };
111:           if (av.monetary.length > 0) return [ch, 'monetary'];
11:39:32 [vite-plugin-svelte] src/lib/components/pipeline/PerChannelInputSelector.svelte:325:2 Unused CSS selector ".lead strong"
https://svelte.dev/e/css_unused_selector
323:     line-height: 1.5;
324:   }
325:   .lead strong { color: var(--text-primary); font-weight: 600; }
                   ^
326:   .why-link {
327:     background: none;
11:39:32 [vite-plugin-svelte] src/lib/components/pipeline/KPISelector.svelte:152:14 `<svelte:component>` is deprecated in runes mode — components are dynamic by default
https://svelte.dev/e/svelte_component_deprecated
150:           <div class="card-head">
151:             <span class="icon">
152:               <svelte:component this={iconMap[opt.id]} size={24} strokeWidth={1.5} />
                                                                                          ^
153:             </span>
154:             <div>
11:39:32 [vite-plugin-svelte] src/lib/components/pipeline/KPISelector.svelte:189:14 `<svelte:component>` is deprecated in runes mode — components are dynamic by default
https://svelte.dev/e/svelte_component_deprecated
187:           <div class="card-head">
188:             <span class="icon">
189:               <svelte:component this={iconMap[opt.id]} size={24} strokeWidth={1.5} />
                                                                                          ^
190:             </span>
191:             <div>
11:39:32 [vite-plugin-svelte] src/lib/components/pipeline/ValuePerCountUnitInput.svelte:28:27 This reference only captures the initial value of `currentValue`. Did you mean to reference it inside a derived instead?
https://svelte.dev/e/state_referenced_locally
26:   } = $props();
27: 
28:   let manualValue = $state(currentValue ?? autoValue?.value ?? '');
                                           ^
29:   let useAuto = $state(autoValue?.value !== undefined && autoValue?.value !== null);
30: 
11:39:32 [vite-plugin-svelte] src/lib/components/pipeline/ValuePerCountUnitInput.svelte:28:43 This reference only captures the initial value of `autoValue`. Did you mean to reference it inside a derived instead?
https://svelte.dev/e/state_referenced_locally
26:   } = $props();
27: 
28:   let manualValue = $state(currentValue ?? autoValue?.value ?? '');
                                                        ^
29:   let useAuto = $state(autoValue?.value !== undefined && autoValue?.value !== null);
30: 
11:39:32 [vite-plugin-svelte] src/lib/components/pipeline/ValuePerCountUnitInput.svelte:29:23 This reference only captures the initial value of `autoValue`. Did you mean to reference it inside a derived instead?
https://svelte.dev/e/state_referenced_locally
27: 
28:   let manualValue = $state(currentValue ?? autoValue?.value ?? '');
29:   let useAuto = $state(autoValue?.value !== undefined && autoValue?.value !== null);
                                    ^
30: 
31:   const cvIsHigh = $derived(autoValue?.cv > 0.20);
11:39:32 [vite-plugin-svelte] src/lib/components/pipeline/ValuePerCountUnitInput.svelte:29:57 This reference only captures the initial value of `autoValue`. Did you mean to reference it inside a derived instead?
https://svelte.dev/e/state_referenced_locally
27: 
28:   let manualValue = $state(currentValue ?? autoValue?.value ?? '');
29:   let useAuto = $state(autoValue?.value !== undefined && autoValue?.value !== null);
                                                                      ^
30: 
31:   const cvIsHigh = $derived(autoValue?.cv > 0.20);
11:39:32 [vite-plugin-svelte] src/lib/components/pipeline/WhyThisStep.svelte:28:22 This reference only captures the initial value of `defaultOpen`. Did you mean to reference it inside a closure instead?
https://svelte.dev/e/state_referenced_locally
26:   } = $props();
27: 
28:   let isOpen = $state(defaultOpen);
                                     ^
29: 
30:   import { Lightbulb } from 'lucide-svelte';
11:39:32 [vite-plugin-svelte] src/lib/components/pipeline/OptimizeGoalSeek.svelte:277:2 Non-interactive element `<section>` cannot have interactive role 'radiogroup'
https://svelte.dev/e/a11y_no_noninteractive_element_to_interactive_role
275: 
276: <!-- OPP-02 (2026-07-03): «бюджет под вероятность» — переключатель режима расчёта. -->
277:   <section class="confidence-mode" role="radiogroup" aria-label="Режим расчёта бюджета">
                 ^
278:     <span class="mode-title">Режим расчёта:</span>
279:     <div class="mode-segment">
[33m"getCurrentWebviewWindow" is imported from external module "@tauri-apps/api/webviewWindow" but never used in "src/routes/brand/[id]/+page.svelte" and "src/lib/components/FileList.svelte".[39m
[32m✓[39m 4073 modules transformed.
rendering chunks...
[36mvite v6.4.1 [32mbuilding for production...[36m[39m
transforming...
11:39:45 [vite-plugin-svelte] src/routes/+page.svelte:630:2 Unused CSS selector ".quick-actions"
https://svelte.dev/e/css_unused_selector
628: 
629:   /* ── Cabinets Section ── */
630:   .quick-actions {
                     ^
631:     display: flex;
632:     gap: 10px;
11:39:45 [vite-plugin-svelte] src/routes/+page.svelte:638:2 Unused CSS selector ".qa-card"
https://svelte.dev/e/css_unused_selector
636:   }
637: 
638:   .qa-card {
               ^
639:     flex: 1;
640:     display: flex;
11:39:45 [vite-plugin-svelte] src/routes/+page.svelte:655:2 Unused CSS selector ".qa-card:hover"
https://svelte.dev/e/css_unused_selector
653:   }
654: 
655:   .qa-card:hover {
                     ^
656:     border-color: var(--accent-primary);
657:     color: var(--text-primary);
11:39:45 [vite-plugin-svelte] src/routes/+page.svelte:661:2 Unused CSS selector ".qa-icon"
https://svelte.dev/e/css_unused_selector
659:   }
660: 
661:   .qa-icon { font-size: 22px; }
               ^
662:   .qa-label { font-size: 13px; font-weight: 600; }
663:   .qa-desc { font-size: 10px; color: var(--text-muted); }
11:39:45 [vite-plugin-svelte] src/routes/+page.svelte:662:2 Unused CSS selector ".qa-label"
https://svelte.dev/e/css_unused_selector
660: 
661:   .qa-icon { font-size: 22px; }
662:   .qa-label { font-size: 13px; font-weight: 600; }
                ^
663:   .qa-desc { font-size: 10px; color: var(--text-muted); }
664: 
11:39:45 [vite-plugin-svelte] src/routes/+page.svelte:663:2 Unused CSS selector ".qa-desc"
https://svelte.dev/e/css_unused_selector
661:   .qa-icon { font-size: 22px; }
662:   .qa-label { font-size: 13px; font-weight: 600; }
663:   .qa-desc { font-size: 10px; color: var(--text-muted); }
               ^
664: 
665:   .cabinets-section {
11:39:45 [vite-plugin-svelte] src/routes/+page.svelte:665:2 Unused CSS selector ".cabinets-section"
https://svelte.dev/e/css_unused_selector
663:   .qa-desc { font-size: 10px; color: var(--text-muted); }
664: 
665:   .cabinets-section {
                        ^
666:     width: 100%;
667:     max-width: 960px;
11:39:45 [vite-plugin-svelte] src/routes/+page.svelte:670:2 Unused CSS selector ".section-header"
https://svelte.dev/e/css_unused_selector
668:   }
669: 
670:   .section-header {
                      ^
671:     display: flex;
672:     align-items: flex-end;
11:39:45 [vite-plugin-svelte] src/routes/+page.svelte:677:2 Unused CSS selector ".section-title"
https://svelte.dev/e/css_unused_selector
675:   }
676: 
677:   .section-title {
                     ^
678:     font-size: 22px;
679:     font-weight: 700;
11:39:45 [vite-plugin-svelte] src/routes/+page.svelte:687:2 Unused CSS selector ".section-subtitle"
https://svelte.dev/e/css_unused_selector
685:   }
686: 
687:   .section-subtitle {
                        ^
688:     color: var(--text-muted);
689:     font-size: 13px;
11:39:45 [vite-plugin-svelte] src/routes/+page.svelte:693:2 Unused CSS selector ".open-error"
https://svelte.dev/e/css_unused_selector
691:   }
692: 
693:   .open-error {
                  ^
694:     background: color-mix(in srgb, var(--danger) 10%, transparent);
695:     border: 1px solid color-mix(in srgb, var(--danger) 25%, transparent);
11:39:45 [vite-plugin-svelte] src/routes/+page.svelte:707:2 Unused CSS selector ".open-error button"
https://svelte.dev/e/css_unused_selector
705:   }
706: 
707:   .open-error button {
                         ^
708:     background: transparent;
709:     color: var(--danger-text-light);
11:39:45 [vite-plugin-svelte] src/routes/+page.svelte:719:2 Unused CSS selector ".cabinets-grid"
https://svelte.dev/e/css_unused_selector
717: 
718:   /* ── Bento Grid ── */
719:   .cabinets-grid {
                     ^
720:     display: grid;
721:     grid-template-columns: repeat(auto-fill, minmax(241px, 1fr));
11:39:45 [vite-plugin-svelte] src/routes/+page.svelte:725:2 Unused CSS selector ".card-wrapper"
https://svelte.dev/e/css_unused_selector
723:   }
724: 
725:   .card-wrapper {
                    ^
726:     animation: card-appear 0.45s cubic-bezier(0.4, 0, 0.2, 1) both;
727:   }
11:39:45 [vite-plugin-svelte] src/routes/+page.svelte:730:2 Unused CSS selector ".exports-section"
https://svelte.dev/e/css_unused_selector
728: 
729:   /* ── Recent Exports ── */
730:   .exports-section {
                       ^
731:     margin-top: 32px;
732:   }
11:39:45 [vite-plugin-svelte] src/routes/+page.svelte:734:2 Unused CSS selector ".exports-title"
https://svelte.dev/e/css_unused_selector
732:   }
733: 
734:   .exports-title {
                     ^
735:     font-size: 14px;
736:     font-weight: 600;
11:39:45 [vite-plugin-svelte] src/routes/+page.svelte:742:2 Unused CSS selector ".exports-list"
https://svelte.dev/e/css_unused_selector
740:   }
741: 
742:   .exports-list {
                    ^
743:     display: flex;
744:     flex-direction: column;
11:39:45 [vite-plugin-svelte] src/routes/+page.svelte:748:2 Unused CSS selector ".export-row"
https://svelte.dev/e/css_unused_selector
746:   }
747: 
748:   .export-row {
                  ^
749:     display: flex;
750:     align-items: center;
11:39:45 [vite-plugin-svelte] src/routes/+page.svelte:757:2 Unused CSS selector ".export-row:hover"
https://svelte.dev/e/css_unused_selector
755:   }
756: 
757:   .export-row:hover {
                        ^
758:     background: var(--hover-bg);
759:   }
11:39:45 [vite-plugin-svelte] src/routes/+page.svelte:761:2 Unused CSS selector ".export-cab"
https://svelte.dev/e/css_unused_selector
759:   }
760: 
761:   .export-cab {
                  ^
762:     font-size: 11px;
763:     color: var(--text-muted);
11:39:45 [vite-plugin-svelte] src/routes/+page.svelte:771:2 Unused CSS selector ".export-file"
https://svelte.dev/e/css_unused_selector
769:   }
770: 
771:   .export-file {
                   ^
772:     flex: 1;
773:     font-size: 12.5px;
11:39:45 [vite-plugin-svelte] src/routes/+page.svelte:780:2 Unused CSS selector ".share-btn"
https://svelte.dev/e/css_unused_selector
778:   }
779: 
780:   .share-btn {
                 ^
781:     width: 26px;
782:     height: 26px;
11:39:45 [vite-plugin-svelte] src/routes/+page.svelte:796:2 Unused CSS selector ".export-row:hover .share-btn"
https://svelte.dev/e/css_unused_selector
794:   }
795: 
796:   .export-row:hover .share-btn {
                                   ^
797:     opacity: 1;
798:   }
11:39:45 [vite-plugin-svelte] src/routes/+page.svelte:800:2 Unused CSS selector ".share-btn:hover"
https://svelte.dev/e/css_unused_selector
798:   }
799: 
800:   .share-btn:hover {
                       ^
801:     color: var(--accent-primary);
802:     background: var(--accent-glow);
11:39:45 [vite-plugin-svelte] src/routes/+page.svelte:806:2 Unused CSS selector ".share-targets"
https://svelte.dev/e/css_unused_selector
804:   }
805: 
806:   .share-targets {
                     ^
807:     display: flex;
808:     flex-wrap: wrap;
11:39:45 [vite-plugin-svelte] src/routes/+page.svelte:813:2 Unused CSS selector ".target-btn"
https://svelte.dev/e/css_unused_selector
811:   }
812: 
813:   .target-btn {
                  ^
814:     padding: 5px 10px;
815:     background: var(--accent-glow);
11:39:45 [vite-plugin-svelte] src/routes/+page.svelte:824:2 Unused CSS selector ".target-btn:hover"
https://svelte.dev/e/css_unused_selector
822:   }
823: 
824:   .target-btn:hover {
                        ^
825:     background: var(--accent-glow-strong);
826:     color: var(--text-primary);
11:39:45 [vite-plugin-svelte] src/routes/+page.svelte:886:2 Unused CSS selector ".share-success"
https://svelte.dev/e/css_unused_selector
884:   }
885: 
886:   .share-success {
                     ^
887:     font-size: 12px;
888:     color: var(--success, #10B981);
11:39:45 [vite-plugin-svelte] src/routes/+page.svelte:961:2 Unused CSS selector ".welcome-brand"
https://svelte.dev/e/css_unused_selector
959:   }
960: 
961:   .welcome-brand {
                     ^
962:     background: linear-gradient(135deg, color-mix(in srgb, var(--brand-gradient-start) 10%, transparent), color-mix(in srgb, var(--brand-gradient-end) 8%, transparent));
963:     border: 1px solid color-mix(in srgb, var(--brand-gradient-start) 20%, transparent);
11:39:45 [vite-plugin-svelte] src/routes/+page.svelte:969:2 Unused CSS selector ".welcome-brand h3"
https://svelte.dev/e/css_unused_selector
967:     margin-bottom: 16px;
968:   }
969:   .welcome-brand h3 { font-size: 1.1rem; font-weight: 600; color: var(--text-primary, #fff); margin: 0 0 6px; }
                        ^
970:   .welcome-brand p { font-size: 0.85rem; color: var(--text-secondary, #aaa); margin: 0 0 16px; }
971:   .welcome-input-row { display: flex; gap: 8px; max-width: 360px; margin: 0 auto; }
11:39:45 [vite-plugin-svelte] src/routes/+page.svelte:970:2 Unused CSS selector ".welcome-brand p"
https://svelte.dev/e/css_unused_selector
968:   }
969:   .welcome-brand h3 { font-size: 1.1rem; font-weight: 600; color: var(--text-primary, #fff); margin: 0 0 6px; }
970:   .welcome-brand p { font-size: 0.85rem; color: var(--text-secondary, #aaa); margin: 0 0 16px; }
                       ^
971:   .welcome-input-row { display: flex; gap: 8px; max-width: 360px; margin: 0 auto; }
972:   .welcome-input { flex: 1; padding: 8px 12px; background: var(--hover-bg); border: 1px solid var(--border); border-radius: var(--radius-input); color: var(--text-primary, #fff); font-size: 0.9rem; outline: none; font-family: inherit; }
11:39:45 [vite-plugin-svelte] src/routes/+page.svelte:971:2 Unused CSS selector ".welcome-input-row"
https://svelte.dev/e/css_unused_selector
969:   .welcome-brand h3 { font-size: 1.1rem; font-weight: 600; color: var(--text-primary, #fff); margin: 0 0 6px; }
970:   .welcome-brand p { font-size: 0.85rem; color: var(--text-secondary, #aaa); margin: 0 0 16px; }
971:   .welcome-input-row { display: flex; gap: 8px; max-width: 360px; margin: 0 auto; }
                         ^
972:   .welcome-input { flex: 1; padding: 8px 12px; background: var(--hover-bg); border: 1px solid var(--border); border-radius: var(--radius-input); color: var(--text-primary, #fff); font-size: 0.9rem; outline: none; font-family: inherit; }
973:   .welcome-input:focus { border-color: var(--brand-gradient-start); }
11:39:45 [vite-plugin-svelte] src/routes/+page.svelte:972:2 Unused CSS selector ".welcome-input"
https://svelte.dev/e/css_unused_selector
970:   .welcome-brand p { font-size: 0.85rem; color: var(--text-secondary, #aaa); margin: 0 0 16px; }
971:   .welcome-input-row { display: flex; gap: 8px; max-width: 360px; margin: 0 auto; }
972:   .welcome-input { flex: 1; padding: 8px 12px; background: var(--hover-bg); border: 1px solid var(--border); border-radius: var(--radius-input); color: var(--text-primary, #fff); font-size: 0.9rem; outline: none; font-family: inherit; }
                     ^
973:   .welcome-input:focus { border-color: var(--brand-gradient-start); }
974:   .welcome-create-btn { background: linear-gradient(135deg, var(--brand-gradient-start), var(--brand-gradient-end)); color: var(--text-on-accent, #fff); border: none; padding: 8px 20px; border-radius: var(--radius-btn); cursor: pointer; font-weight: 500; font-size: 0.9rem; }
11:39:45 [vite-plugin-svelte] src/routes/+page.svelte:973:2 Unused CSS selector ".welcome-input:focus"
https://svelte.dev/e/css_unused_selector
971:   .welcome-input-row { display: flex; gap: 8px; max-width: 360px; margin: 0 auto; }
972:   .welcome-input { flex: 1; padding: 8px 12px; background: var(--hover-bg); border: 1px solid var(--border); border-radius: var(--radius-input); color: var(--text-primary, #fff); font-size: 0.9rem; outline: none; font-family: inherit; }
973:   .welcome-input:focus { border-color: var(--brand-gradient-start); }
                           ^
974:   .welcome-create-btn { background: linear-gradient(135deg, var(--brand-gradient-start), var(--brand-gradient-end)); color: var(--text-on-accent, #fff); border: none; padding: 8px 20px; border-radius: var(--radius-btn); cursor: pointer; font-weight: 500; font-size: 0.9rem; }
975:   .welcome-create-btn:disabled { opacity: 0.5; cursor: not-allowed; }
11:39:45 [vite-plugin-svelte] src/routes/+page.svelte:974:2 Unused CSS selector ".welcome-create-btn"
https://svelte.dev/e/css_unused_selector
972:   .welcome-input { flex: 1; padding: 8px 12px; background: var(--hover-bg); border: 1px solid var(--border); border-radius: var(--radius-input); color: var(--text-primary, #fff); font-size: 0.9rem; outline: none; font-family: inherit; }
973:   .welcome-input:focus { border-color: var(--brand-gradient-start); }
974:   .welcome-create-btn { background: linear-gradient(135deg, var(--brand-gradient-start), var(--brand-gradient-end)); color: var(--text-on-accent, #fff); border: none; padding: 8px 20px; border-radius: var(--radius-btn); cursor: pointer; font-weight: 500; font-size: 0.9rem; }
                          ^
975:   .welcome-create-btn:disabled { opacity: 0.5; cursor: not-allowed; }
976: 
11:39:45 [vite-plugin-svelte] src/routes/+page.svelte:975:2 Unused CSS selector ".welcome-create-btn:disabled"
https://svelte.dev/e/css_unused_selector
973:   .welcome-input:focus { border-color: var(--brand-gradient-start); }
974:   .welcome-create-btn { background: linear-gradient(135deg, var(--brand-gradient-start), var(--brand-gradient-end)); color: var(--text-on-accent, #fff); border: none; padding: 8px 20px; border-radius: var(--radius-btn); cursor: pointer; font-weight: 500; font-size: 0.9rem; }
975:   .welcome-create-btn:disabled { opacity: 0.5; cursor: not-allowed; }
                                   ^
976: 
977:   /* ── Dashboard Stats ── */
11:39:45 [vite-plugin-svelte] src/routes/+page.svelte:978:2 Unused CSS selector ".dash-stats"
https://svelte.dev/e/css_unused_selector
976: 
977:   /* ── Dashboard Stats ── */
978:   .dash-stats {
                  ^
979:     display: flex;
980:     gap: 12px;
11:39:45 [vite-plugin-svelte] src/routes/+page.svelte:984:2 Unused CSS selector ".dash-card"
https://svelte.dev/e/css_unused_selector
982:     flex-wrap: wrap;
983:   }
984:   .dash-card {
                 ^
985:     background: var(--bg-card);
986:     border: 1px solid var(--border-subtle);
11:39:45 [vite-plugin-svelte] src/routes/+page.svelte:995:2 Unused CSS selector ".dash-card--wide"
https://svelte.dev/e/css_unused_selector
993:     flex: 1;
994:   }
995:   .dash-card--wide { flex: 2; }
                       ^
996:   .dash-value {
997:     font-size: 20px;
11:39:45 [vite-plugin-svelte] src/routes/+page.svelte:996:2 Unused CSS selector ".dash-value"
https://svelte.dev/e/css_unused_selector
994:   }
995:   .dash-card--wide { flex: 2; }
996:   .dash-value {
                  ^
997:     font-size: 20px;
998:     font-weight: 700;
11:39:45 [vite-plugin-svelte] src/routes/+page.svelte:1005:2 Unused CSS selector ".dash-label"
https://svelte.dev/e/css_unused_selector
1003:     white-space: nowrap;
1004:   }
1005:   .dash-label {
                   ^
1006:     font-size: 11px;
1007:     color: var(--text-muted);
11:39:45 [vite-plugin-svelte] src/routes/+page.svelte:1193:4 Unused CSS selector ".cabinet-card"
https://svelte.dev/e/css_unused_selector
1191:       border-color: var(--accent-primary);
1192:     }
1193:     .cabinet-card {
                       ^
1194:       animation: none;
1195:       opacity: 1;
11:39:45 [vite-plugin-svelte] src/routes/cabinet/+page.svelte:539:2 Unused CSS selector ".breadcrumb"
https://svelte.dev/e/css_unused_selector
537: 
538:   /* ── Breadcrumb ── */
539:   .breadcrumb {
                  ^
540:     display: flex;
541:     align-items: center;
11:39:45 [vite-plugin-svelte] src/routes/cabinet/+page.svelte:545:2 Unused CSS selector ".breadcrumb-logo"
https://svelte.dev/e/css_unused_selector
543:   }
544: 
545:   .breadcrumb-logo {
                       ^
546:     height: 22px;
547:     width: auto;
11:39:45 [vite-plugin-svelte] src/routes/cabinet/+page.svelte:553:2 Unused CSS selector ".breadcrumb-root"
https://svelte.dev/e/css_unused_selector
551:   }
552: 
553:   .breadcrumb-root {
                       ^
554:     font-size: 11px;
555:     color: var(--text-secondary);
11:39:45 [vite-plugin-svelte] src/routes/cabinet/+page.svelte:612:2 Unused CSS selector ".breadcrumb-sep"
https://svelte.dev/e/css_unused_selector
610:   }
611: 
612:   .breadcrumb-sep {
                      ^
613:     color: var(--text-muted);
614:     opacity: 0.7;
11:39:45 [vite-plugin-svelte] src/routes/cabinet/+page.svelte:617:2 Unused CSS selector ".breadcrumb-icon"
https://svelte.dev/e/css_unused_selector
615:   }
616: 
617:   .breadcrumb-icon {
                       ^
618:     font-size: 14px;
619:     line-height: 1;
11:39:45 [vite-plugin-svelte] src/routes/cabinet/+page.svelte:622:2 Unused CSS selector ".breadcrumb-name"
https://svelte.dev/e/css_unused_selector
620:   }
621: 
622:   .breadcrumb-name {
                       ^
623:     font-size: 13.5px;
624:     font-weight: var(--font-weight-heading);
11:39:45 [vite-plugin-svelte] src/routes/cabinet/+page.svelte:629:2 Unused CSS selector ".mastery-badge"
https://svelte.dev/e/css_unused_selector
627:   }
628: 
629:   .mastery-badge {
                     ^
630:     font-size: 10px;
631:     font-weight: 500;
11:39:45 [vite-plugin-svelte] src/routes/cabinet/+page.svelte:642:2 Unused CSS selector ".brand-badge"
https://svelte.dev/e/css_unused_selector
640:   }
641: 
642:   .brand-badge {
                   ^
643:     font-size: 10px;
644:     color: var(--text-secondary);
11:39:45 [vite-plugin-svelte] src/routes/cabinet/+page.svelte:868:2 Unused CSS selector ".header-icon-btn.header-icon-active"
https://svelte.dev/e/css_unused_selector
866:   }
867: 
868:   .header-icon-btn.header-icon-active {
                                          ^
869:     color: var(--accent-primary);
870:     background: var(--accent-glow);
11:39:45 [vite-plugin-svelte] src/routes/data-chat/+page.svelte:289:6 Buttons and links should either contain text or have an `aria-label`, `aria-labelledby` or `title` attribute
https://svelte.dev/e/a11y_consider_explicit_label
287:         disabled={isThinking}
288:       />
289:       <button class="btn-send" onclick={() => sendMessage(input)} disabled={isThinking || !input.trim()}>
                    ^
290:         <svg width="16" height="16" viewBox="0 0 24 24" fill="none" stroke="currentColor" stroke-width="2" stroke-linecap="round">
291:           <line x1="22" y1="2" x2="11" y2="13"/><polygon points="22 2 15 22 11 13 2 9 22 2"/>
11:39:45 [vite-plugin-svelte] src/routes/settings/+page.svelte:1187:2 Unused CSS selector ".raw-fp-btn"
https://svelte.dev/e/css_unused_selector
1185:   }
1186: 
1187:   .raw-fp-btn {
                   ^
1188:     margin-top: 6px;
1189:     border-color: color-mix(in srgb, var(--accent-secondary) 15%, transparent);
11:39:45 [vite-plugin-svelte] src/routes/settings/+page.svelte:1193:2 Unused CSS selector ".raw-fp-btn:hover"
https://svelte.dev/e/css_unused_selector
1191:   }
1192: 
1193:   .raw-fp-btn:hover {
                         ^
1194:     border-color: color-mix(in srgb, var(--accent-secondary) 30%, transparent);
1195:     color: var(--accent-secondary);
11:39:45 [vite-plugin-svelte] src/routes/settings/+page.svelte:1199:2 Unused CSS selector ".status-card"
https://svelte.dev/e/css_unused_selector
1197:   }
1198: 
1199:   .status-card {
                    ^
1200:     display: flex;
1201:     align-items: flex-start;
11:39:45 [vite-plugin-svelte] src/routes/settings/+page.svelte:1210:2 Unused CSS selector ".status-card.status-ok"
https://svelte.dev/e/css_unused_selector
1208:   }
1209: 
1210:   .status-card.status-ok {
                              ^
1211:     border-color: color-mix(in srgb, var(--success) 25%, transparent);
1212:     background: color-mix(in srgb, var(--success) 5%, transparent);
11:39:45 [vite-plugin-svelte] src/routes/settings/+page.svelte:1215:2 Unused CSS selector ".status-card.status-error"
https://svelte.dev/e/css_unused_selector
1213:   }
1214: 
1215:   .status-card.status-error {
                                 ^
1216:     border-color: color-mix(in srgb, var(--danger) 25%, transparent);
1217:     background: color-mix(in srgb, var(--danger) 5%, transparent);
11:39:45 [vite-plugin-svelte] src/routes/settings/+page.svelte:1228:2 Unused CSS selector ".status-dot.ok"
https://svelte.dev/e/css_unused_selector
1226:   }
1227: 
1228:   .status-dot.ok {
                      ^
1229:     background: var(--success);
1230:     box-shadow: 0 0 8px color-mix(in srgb, var(--success) 50%, transparent);
11:39:45 [vite-plugin-svelte] src/routes/settings/+page.svelte:1234:2 Unused CSS selector ".status-dot.error"
https://svelte.dev/e/css_unused_selector
1232:   }
1233: 
1234:   .status-dot.error {
                         ^
1235:     background: var(--danger);
1236:     box-shadow: 0 0 6px color-mix(in srgb, var(--danger) 50%, transparent);
11:39:45 [vite-plugin-svelte] src/routes/settings/+page.svelte:1239:2 Unused CSS selector ".status-label"
https://svelte.dev/e/css_unused_selector
1237:   }
1238: 
1239:   .status-label {
                     ^
1240:     font-size: 13.5px;
1241:     font-weight: 600;
11:39:45 [vite-plugin-svelte] src/routes/settings/+page.svelte:1245:2 Unused CSS selector ".status-detail"
https://svelte.dev/e/css_unused_selector
1243:   }
1244: 
1245:   .status-detail {
                      ^
1246:     font-size: 12.5px;
1247:     color: var(--text-secondary);
11:39:45 [vite-plugin-svelte] src/routes/settings/+page.svelte:1251:2 Unused CSS selector ".btn"
https://svelte.dev/e/css_unused_selector
1249:   }
1250: 
1251:   .btn {
            ^
1252:     padding: 9px 22px;
1253:     border-radius: var(--radius-sm);
11:39:45 [vite-plugin-svelte] src/routes/settings/+page.svelte:1260:2 Unused CSS selector ".btn-accent"
https://svelte.dev/e/css_unused_selector
1258:   }
1259: 
1260:   .btn-accent {
                   ^
1261:     background: linear-gradient(135deg, var(--accent-primary) 0%, #4A76FF 100%);
1262:     color: white;
11:39:45 [vite-plugin-svelte] src/routes/settings/+page.svelte:1267:2 Unused CSS selector ".btn-accent:hover"
https://svelte.dev/e/css_unused_selector
1265:   }
1266: 
1267:   .btn-accent:hover {
                         ^
1268:     transform: translateY(-1px);
1269:     box-shadow: var(--shadow-glow);
11:39:45 [vite-plugin-svelte] src/routes/settings/+page.svelte:1279:2 Unused CSS selector ".metrics-grid"
https://svelte.dev/e/css_unused_selector
1277:   }
1278: 
1279:   .metrics-grid {
                     ^
1280:     display: grid;
1281:     grid-template-columns: 1fr 1fr;
11:39:45 [vite-plugin-svelte] src/routes/settings/+page.svelte:1286:2 Unused CSS selector ".metric-card"
https://svelte.dev/e/css_unused_selector
1284:   }
1285: 
1286:   .metric-card {
                    ^
1287:     display: flex;
1288:     flex-direction: column;
11:39:45 [vite-plugin-svelte] src/routes/settings/+page.svelte:1296:2 Unused CSS selector ".metric-value"
https://svelte.dev/e/css_unused_selector
1294:   }
1295: 
1296:   .metric-value {
                     ^
1297:     font-size: 20px;
1298:     font-weight: 700;
11:39:45 [vite-plugin-svelte] src/routes/settings/+page.svelte:1303:2 Unused CSS selector ".metric-label"
https://svelte.dev/e/css_unused_selector
1301:   }
1302: 
1303:   .metric-label {
                     ^
1304:     font-size: 11px;
1305:     color: var(--text-muted);
11:39:45 [vite-plugin-svelte] src/routes/settings/+page.svelte:1311:2 Unused CSS selector ".metric-detail"
https://svelte.dev/e/css_unused_selector
1309:   }
1310: 
1311:   .metric-detail {
                      ^
1312:     font-size: 12px;
1313:     color: var(--text-secondary);
11:39:45 [vite-plugin-svelte] src/routes/settings/+page.svelte:1317:2 Unused CSS selector ".reset-metrics-btn"
https://svelte.dev/e/css_unused_selector
1315:   }
1316: 
1317:   .reset-metrics-btn {
                          ^
1318:     margin-top: 12px;
1319:     padding: 5px 14px;
11:39:45 [vite-plugin-svelte] src/routes/settings/+page.svelte:1329:2 Unused CSS selector ".reset-metrics-btn:hover"
https://svelte.dev/e/css_unused_selector
1327:   }
1328: 
1329:   .reset-metrics-btn:hover {
                                ^
1330:     color: var(--danger);
1331:     border-color: color-mix(in srgb, var(--danger) 20%, transparent);
11:39:45 [vite-plugin-svelte] src/routes/settings/+page.svelte:1353:2 Unused CSS selector ".chart-section"
https://svelte.dev/e/css_unused_selector
1351: 
1352:   /* ── Command Chart ── */
1353:   .chart-section {
                      ^
1354:     margin-top: 14px;
1355:     padding-top: 14px;
11:39:45 [vite-plugin-svelte] src/routes/settings/+page.svelte:1359:2 Unused CSS selector ".chart-title"
https://svelte.dev/e/css_unused_selector
1357:   }
1358: 
1359:   .chart-title {
                    ^
1360:     font-size: 11px;
1361:     font-weight: 600;
11:39:45 [vite-plugin-svelte] src/routes/settings/+page.svelte:1368:2 Unused CSS selector ".chart-bars"
https://svelte.dev/e/css_unused_selector
1366:   }
1367: 
1368:   .chart-bars {
                   ^
1369:     display: flex;
1370:     flex-direction: column;
11:39:45 [vite-plugin-svelte] src/routes/settings/+page.svelte:1374:2 Unused CSS selector ".chart-row"
https://svelte.dev/e/css_unused_selector
1372:   }
1373: 
1374:   .chart-row {
                  ^
1375:     display: flex;
1376:     align-items: center;
11:39:45 [vite-plugin-svelte] src/routes/settings/+page.svelte:1380:2 Unused CSS selector ".chart-label"
https://svelte.dev/e/css_unused_selector
1378:   }
1379: 
1380:   .chart-label {
                    ^
1381:     width: 80px;
1382:     font-size: 12px;
11:39:45 [vite-plugin-svelte] src/routes/settings/+page.svelte:1391:2 Unused CSS selector ".chart-bar-track"
https://svelte.dev/e/css_unused_selector
1389:   }
1390: 
1391:   .chart-bar-track {
                        ^
1392:     flex: 1;
1393:     height: 14px;
11:39:45 [vite-plugin-svelte] src/routes/settings/+page.svelte:1399:2 Unused CSS selector ".chart-bar-fill"
https://svelte.dev/e/css_unused_selector
1397:   }
1398: 
1399:   .chart-bar-fill {
                       ^
1400:     height: 100%;
1401:     background: var(--gradient-accent-line);
11:39:45 [vite-plugin-svelte] src/routes/settings/+page.svelte:1407:2 Unused CSS selector ".chart-value"
https://svelte.dev/e/css_unused_selector
1405:   }
1406: 
1407:   .chart-value {
                    ^
1408:     width: 30px;
1409:     font-size: 12px;
11:39:45 [vite-plugin-svelte] src/routes/workflow/+page.svelte:119:4 Buttons and links should either contain text or have an `aria-label`, `aria-labelledby` or `title` attribute
https://svelte.dev/e/a11y_consider_explicit_label
117: <div class="page">
118:   <header class="page-header">
119:     <button class="back-btn" onclick={() => goto('/')}>
                  ^
120:       <svg width="16" height="16" viewBox="0 0 24 24" fill="none" stroke="currentColor" stroke-width="2"><path d="M19 12H5M12 19l-7-7 7-7"/></svg>
121:     </button>
11:39:45 [vite-plugin-svelte] src/lib/components/CommandPalette.svelte:425:4 Unused CSS selector ".overlay"
https://svelte.dev/e/css_unused_selector
423:   /* v2.1.0 п.5.6: instant command palette appearance */
424:   @media (prefers-reduced-motion: reduce) {
425:     .overlay,
                 ^
426:     .palette {
427:       animation: none;
11:39:45 [vite-plugin-svelte] src/lib/components/GlossaryPanel.svelte:18:30 This reference only captures the initial value of `initialTerm`. Did you mean to reference it inside a derived instead?
https://svelte.dev/e/state_referenced_locally
16:   let query = $state('');
17:   /** @type {string | null} */
18:   let selectedTermId = $state(initialTerm ?? null);
                                             ^
19: 
20:   /** @type {HTMLInputElement | null} */
11:39:45 [vite-plugin-svelte] src/lib/components/GlossaryPanel.svelte:78:0 Visible, non-interactive elements with a click event must be accompanied by a keyboard event handler. Consider whether an interactive element such as `<button type="button">` or `<a>` might be more appropriate
https://svelte.dev/e/a11y_click_events_have_key_events
76: <svelte:window onkeydown={handleKeydown} />
77: 
78: <div class="glossary-overlay" onclick={onClose}>
          ^
79:   <div
80:     class="glossary-panel"
11:39:45 [vite-plugin-svelte] src/lib/components/GlossaryPanel.svelte:78:0 `<div>` with a click handler must have an ARIA role
https://svelte.dev/e/a11y_no_static_element_interactions
76: <svelte:window onkeydown={handleKeydown} />
77: 
78: <div class="glossary-overlay" onclick={onClose}>
          ^
79:   <div
80:     class="glossary-panel"
11:39:45 [vite-plugin-svelte] src/lib/components/GlossaryPanel.svelte:79:2 Elements with the 'dialog' interactive role must have a tabindex value
https://svelte.dev/e/a11y_interactive_supports_focus
77: 
78: <div class="glossary-overlay" onclick={onClose}>
79:   <div
           ^
80:     class="glossary-panel"
81:     bind:this={panelEl}
11:39:45 [vite-plugin-svelte] src/lib/components/GlossaryPanel.svelte:79:2 Visible, non-interactive elements with a click event must be accompanied by a keyboard event handler. Consider whether an interactive element such as `<button type="button">` or `<a>` might be more appropriate
https://svelte.dev/e/a11y_click_events_have_key_events
77: 
78: <div class="glossary-overlay" onclick={onClose}>
79:   <div
           ^
80:     class="glossary-panel"
81:     bind:this={panelEl}
11:39:45 [vite-plugin-svelte] src/lib/components/IntroTutorial.svelte:116:8 `<svelte:component>` is deprecated in runes mode — components are dynamic by default
https://svelte.dev/e/svelte_component_deprecated
114:     <div class="slide">
115:       <div class="slide-icon">
116:         <svelte:component this={currentSlide.icon} size={56} strokeWidth={1} />
                                                                                    ^
117:       </div>
118:       <h2 id="intro-title">{currentSlide.title}</h2>
11:39:46 [vite-plugin-svelte] src/lib/components/CabinetOnboarding.svelte:395:4 Unused CSS selector ".onboarding-card"
https://svelte.dev/e/css_unused_selector
393:   /* v2.1.0 п.5.6: instant appearance, no slide-in */
394:   @media (prefers-reduced-motion: reduce) {
395:     .onboarding-card,
                         ^
396:     .step-content {
397:       animation: none;
11:39:46 [vite-plugin-svelte] src/lib/components/pipeline/ImportStep.svelte:1039:2 Unused CSS selector ".engine-selector"
https://svelte.dev/e/css_unused_selector
1037:   /* legacy selector classes (unused after v1.0.16 auto-selection refactor)
1038:      kept for CSS compatibility - to remove in next cleanup pass */
1039:   .engine-selector {
                        ^
1040:     margin-top: 16px;
1041:     padding: 16px 18px;
11:39:46 [vite-plugin-svelte] src/lib/components/pipeline/ImportStep.svelte:1046:2 Unused CSS selector ".engine-title"
https://svelte.dev/e/css_unused_selector
1044:     border-radius: 10px;
1045:   }
1046:   .engine-title {
                     ^
1047:     margin: 0 0 12px 0;
1048:     font-size: 14px;
11:39:46 [vite-plugin-svelte] src/lib/components/pipeline/ImportStep.svelte:1052:2 Unused CSS selector ".engine-options"
https://svelte.dev/e/css_unused_selector
1050:     color: var(--text-primary, #e2e8f0);
1051:   }
1052:   .engine-options { display: flex; flex-direction: column; gap: 10px; }
                       ^
1053:   .engine-radio {
1054:     display: flex;
11:39:46 [vite-plugin-svelte] src/lib/components/pipeline/ImportStep.svelte:1053:2 Unused CSS selector ".engine-radio"
https://svelte.dev/e/css_unused_selector
1051:   }
1052:   .engine-options { display: flex; flex-direction: column; gap: 10px; }
1053:   .engine-radio {
                     ^
1054:     display: flex;
1055:     gap: 12px;
11:39:46 [vite-plugin-svelte] src/lib/components/pipeline/ImportStep.svelte:1063:2 Unused CSS selector ".engine-radio:hover"
https://svelte.dev/e/css_unused_selector
1061:     transition: all 0.15s ease;
1062:   }
1063:   .engine-radio:hover {
                           ^
1064:     background: rgba(255,255,255,0.06);
1065:     border-color: rgba(255,255,255,0.16);
11:39:46 [vite-plugin-svelte] src/lib/components/pipeline/ImportStep.svelte:1067:2 Unused CSS selector ".engine-radio.active"
https://svelte.dev/e/css_unused_selector
1065:     border-color: rgba(255,255,255,0.16);
1066:   }
1067:   .engine-radio.active {
                            ^
1068:     background: color-mix(in srgb, var(--accent-primary, #3b82f6) 12%, transparent);
1069:     border-color: color-mix(in srgb, var(--accent-primary, #3b82f6) 40%, transparent);
11:39:46 [vite-plugin-svelte] src/lib/components/pipeline/ImportStep.svelte:1071:2 Unused CSS selector ".engine-radio input[type="radio"]"
https://svelte.dev/e/css_unused_selector
1069:     border-color: color-mix(in srgb, var(--accent-primary, #3b82f6) 40%, transparent);
1070:   }
1071:   .engine-radio input[type="radio"] {
                                         ^
1072:     appearance: none;
1073:     width: 16px; height: 16px;
11:39:46 [vite-plugin-svelte] src/lib/components/pipeline/ImportStep.svelte:1081:2 Unused CSS selector ".engine-radio.active input[type="radio"]"
https://svelte.dev/e/css_unused_selector
1079:     flex-shrink: 0;
1080:   }
1081:   .engine-radio.active input[type="radio"] { border-color: var(--accent-primary, #3b82f6); }
                                                ^
1082:   .engine-radio.active input[type="radio"]::after {
1083:     content: ''; position: absolute;
11:39:46 [vite-plugin-svelte] src/lib/components/pipeline/ImportStep.svelte:1082:2 Unused CSS selector ".engine-radio.active input[type="radio"]::after"
https://svelte.dev/e/css_unused_selector
1080:   }
1081:   .engine-radio.active input[type="radio"] { border-color: var(--accent-primary, #3b82f6); }
1082:   .engine-radio.active input[type="radio"]::after {
                                                       ^
1083:     content: ''; position: absolute;
1084:     top: 50%; left: 50%; transform: translate(-50%, -50%);
11:39:46 [vite-plugin-svelte] src/lib/components/pipeline/ImportStep.svelte:1088:2 Unused CSS selector ".engine-content"
https://svelte.dev/e/css_unused_selector
1086:     background: var(--accent-primary, #3b82f6);
1087:   }
1088:   .engine-content { flex: 1; }
                       ^
1089:   .engine-label {
1090:     display: flex; align-items: center; gap: 8px;
11:39:46 [vite-plugin-svelte] src/lib/components/pipeline/ImportStep.svelte:1089:2 Unused CSS selector ".engine-label"
https://svelte.dev/e/css_unused_selector
1087:   }
1088:   .engine-content { flex: 1; }
1089:   .engine-label {
                     ^
1090:     display: flex; align-items: center; gap: 8px;
1091:     font-size: 13.5px; font-weight: 600;
11:39:46 [vite-plugin-svelte] src/lib/components/pipeline/ImportStep.svelte:1095:2 Unused CSS selector ".engine-icon"
https://svelte.dev/e/css_unused_selector
1093:     margin-bottom: 4px;
1094:   }
1095:   .engine-icon { font-size: 16px; }
                    ^
1096:   .engine-recommend {
1097:     margin-left: auto;
11:39:46 [vite-plugin-svelte] src/lib/components/pipeline/ImportStep.svelte:1096:2 Unused CSS selector ".engine-recommend"
https://svelte.dev/e/css_unused_selector
1094:   }
1095:   .engine-icon { font-size: 16px; }
1096:   .engine-recommend {
                         ^
1097:     margin-left: auto;
1098:     padding: 2px 8px;
11:39:46 [vite-plugin-svelte] src/lib/components/pipeline/ImportStep.svelte:1107:2 Unused CSS selector ".engine-desc"
https://svelte.dev/e/css_unused_selector
1105:     letter-spacing: 0.02em;
1106:   }
1107:   .engine-desc {
                    ^
1108:     margin: 0;
1109:     font-size: 12.5px;
11:39:46 [vite-plugin-svelte] src/lib/components/pipeline/ImportStep.svelte:1224:2 Unused CSS selector ".intro-btn.primary"
https://svelte.dev/e/css_unused_selector
1222:     margin-top: 6px;
1223:   }
1224:   .intro-btn.primary {
                          ^
1225:     background: var(--accent-primary, #3b82f6);
1226:     color: white;
11:39:46 [vite-plugin-svelte] src/lib/components/pipeline/ReportStep.svelte:1484:2 Unused CSS selector ".export-buttons"
https://svelte.dev/e/css_unused_selector
1482:   .generate-card { flex: 1 0 auto; }
1483: 
1484:   .export-buttons {
                       ^
1485:     display: flex;
1486:     gap: 12px;
11:39:46 [vite-plugin-svelte] src/lib/components/pipeline/ReportStep.svelte:1490:2 Unused CSS selector ".btn-export"
https://svelte.dev/e/css_unused_selector
1488:     margin-bottom: 12px;
1489:   }
1490:   .btn-export {
                   ^
1491:     display: flex;
1492:     align-items: center;
11:39:46 [vite-plugin-svelte] src/lib/components/pipeline/ReportStep.svelte:1503:2 Unused CSS selector ".btn-export.primary"
https://svelte.dev/e/css_unused_selector
1501:     white-space: nowrap;
1502:   }
1503:   .btn-export.primary {
                           ^
1504:     background: var(--accent-primary, #3b82f6);
1505:     color: white;
11:39:46 [vite-plugin-svelte] src/lib/components/pipeline/ReportStep.svelte:1507:2 Unused CSS selector ".btn-export.secondary"
https://svelte.dev/e/css_unused_selector
1505:     color: white;
1506:   }
1507:   .btn-export.secondary {
                             ^
1508:     background: color-mix(in srgb, var(--success) 15%, transparent);
1509:     border: 1px solid color-mix(in srgb, var(--success) 30%, transparent);
11:39:46 [vite-plugin-svelte] src/lib/components/pipeline/ReportStep.svelte:1512:2 Unused CSS selector ".btn-export.pptx"
https://svelte.dev/e/css_unused_selector
1510:     color: #22c55e;
1511:   }
1512:   .btn-export.pptx {
                        ^
1513:     background: rgba(139,92,246,0.15);
1514:     border: 1px solid rgba(139,92,246,0.3);
11:39:46 [vite-plugin-svelte] src/lib/components/pipeline/ReportStep.svelte:1517:2 Unused CSS selector ".btn-export.html"
https://svelte.dev/e/css_unused_selector
1515:     color: #a78bfa;
1516:   }
1517:   .btn-export.html {
                        ^
1518:     background: rgba(14,165,233,0.15);
1519:     border: 1px solid rgba(14,165,233,0.3);
11:39:46 [vite-plugin-svelte] src/lib/components/pipeline/ReportStep.svelte:1522:2 Unused CSS selector ".btn-export:hover:not(:disabled)"
https://svelte.dev/e/css_unused_selector
1520:     color: #38bdf8;
1521:   }
1522:   .btn-export:hover:not(:disabled) { opacity: 0.85; }
                                        ^
1523:   .btn-export:disabled { opacity: 0.4; cursor: not-allowed; }
1524:   .btn-icon { font-size: 16px; }
11:39:46 [vite-plugin-svelte] src/lib/components/pipeline/ReportStep.svelte:1523:2 Unused CSS selector ".btn-export:disabled"
https://svelte.dev/e/css_unused_selector
1521:   }
1522:   .btn-export:hover:not(:disabled) { opacity: 0.85; }
1523:   .btn-export:disabled { opacity: 0.4; cursor: not-allowed; }
                            ^
1524:   .btn-icon { font-size: 16px; }
1525: 
11:39:46 [vite-plugin-svelte] src/lib/components/pipeline/ReportStep.svelte:1524:2 Unused CSS selector ".btn-icon"
https://svelte.dev/e/css_unused_selector
1522:   .btn-export:hover:not(:disabled) { opacity: 0.85; }
1523:   .btn-export:disabled { opacity: 0.4; cursor: not-allowed; }
1524:   .btn-icon { font-size: 16px; }
                 ^
1525: 
1526:   /* v1.0.16: unified Create Report selector */
11:39:46 [vite-plugin-svelte] src/lib/components/pipeline/ReportStep.svelte:1686:2 Unused CSS selector ".export-hint"
https://svelte.dev/e/css_unused_selector
1684:   }
1685: 
1686:   .export-hint {
                    ^
1687:     font-size: 12px;
1688:     color: var(--text-muted);
11:39:46 [vite-plugin-svelte] src/lib/components/pipeline/ReportStep.svelte:1810:2 Unused CSS selector ".btn-more"
https://svelte.dev/e/css_unused_selector
1808:     flex-wrap: wrap;
1809:   }
1810:   .btn-more, .btn-folder {
                 ^
1811:     padding: 7px 14px;
1812:     background: transparent;
11:39:46 [vite-plugin-svelte] src/lib/components/pipeline/ReportStep.svelte:1821:2 Unused CSS selector ".btn-more:hover"
https://svelte.dev/e/css_unused_selector
1819:     white-space: nowrap;
1820:   }
1821:   .btn-more:hover, .btn-folder:hover {
                       ^
1822:     border-color: rgba(255,255,255,0.22);
1823:     color: var(--text-primary, #e2e8f0);
11:39:46 [vite-plugin-svelte] src/lib/components/pipeline/ReportStep.svelte:2045:4 Unused CSS selector ".spinner-sm"
https://svelte.dev/e/css_unused_selector
2043:   @media (prefers-reduced-motion: reduce) {
2044:     .spinner,
2045:     .spinner-sm {
                     ^
2046:       border-color: color-mix(in srgb, var(--accent-primary) 70%, transparent);
2047:     }
11:39:47 [vite-plugin-svelte] src/lib/components/pipeline/OptimizeStep.svelte:2593:8 A form label must be associated with a control
https://svelte.dev/e/a11y_label_has_associated_control
2591: 
2592:       <div class="whatif-controls">
2593:         <label class="whatif-label">Новый бюджет: <b>{fmtBudget(newMoney)}</b>
                      ^
2594:           <span class="whatif-delta" class:positive={deltaMoney > 0} class:negative={deltaMoney < 0}>
2595:             {deltaMoney > 0 ? '+' : ''}{((whatIfMult - 1) * 100).toFixed(0)}%
11:39:47 [vite-plugin-svelte] src/lib/components/pipeline/OptimizeStep.svelte:3100:2 Unused CSS selector ".preview-content p"
https://svelte.dev/e/css_unused_selector
3098:     line-height: 1.5;
3099:   }
3100:   .preview-content p { margin: 0; }
                          ^
3101:   .preview-content .hint {
3102:     font-size: 11px;
11:39:47 [vite-plugin-svelte] src/lib/components/pipeline/OptimizeStep.svelte:3380:2 Unused CSS selector ".forecast-avg b"
https://svelte.dev/e/css_unused_selector
3378:     color: var(--text-secondary);
3379:   }
3380:   .forecast-avg b { color: var(--text-primary); font-weight: 600; }
                       ^
3381: 
3382:   .whatif-compare {
11:39:47 [vite-plugin-svelte] src/lib/components/pipeline/OptimizeStep.svelte:3423:2 Unused CSS selector ".mode-radio input"
https://svelte.dev/e/css_unused_selector
3421:     cursor: pointer;
3422:   }
3423:   .mode-radio input { cursor: pointer; }
                         ^
3424:   .mode-hint { font-size: 11px; color: var(--text-muted); }
3425: 
11:39:47 [vite-plugin-svelte] src/lib/components/pipeline/OptimizeStep.svelte:3537:2 Unused CSS selector ".forecast-disclosure[open] .forecast-arrow"
https://svelte.dev/e/css_unused_selector
3535:   /* v1.0.16: Block D collapsible (Прогноз на будущий период) */
3536:   .forecast-disclosure { padding: 0; overflow: hidden; }
3537:   .forecast-disclosure[open] .forecast-arrow { transform: rotate(90deg); }
                                                  ^
3538:   .forecast-summary {
3539:     list-style: none;
11:39:47 [vite-plugin-svelte] src/lib/components/pipeline/OptimizeStep.svelte:3564:2 Unused CSS selector ".forecast-disclosure > .forecast-mode"
https://svelte.dev/e/css_unused_selector
3562:     border-radius: 4px;
3563:   }
3564:   .forecast-disclosure > .forecast-mode,
                                             ^
3565:   .forecast-disclosure > .forecast-table,
3566:   .forecast-disclosure > .forecast-actions,
11:39:47 [vite-plugin-svelte] src/lib/components/pipeline/OptimizeStep.svelte:3565:2 Unused CSS selector ".forecast-disclosure > .forecast-table"
https://svelte.dev/e/css_unused_selector
3563:   }
3564:   .forecast-disclosure > .forecast-mode,
3565:   .forecast-disclosure > .forecast-table,
                                              ^
3566:   .forecast-disclosure > .forecast-actions,
3567:   .forecast-disclosure > .whatif-compare,
11:39:47 [vite-plugin-svelte] src/lib/components/pipeline/OptimizeStep.svelte:3566:2 Unused CSS selector ".forecast-disclosure > .forecast-actions"
https://svelte.dev/e/css_unused_selector
3564:   .forecast-disclosure > .forecast-mode,
3565:   .forecast-disclosure > .forecast-table,
3566:   .forecast-disclosure > .forecast-actions,
                                                ^
3567:   .forecast-disclosure > .whatif-compare,
3568:   .forecast-disclosure > .inline-error,
11:39:47 [vite-plugin-svelte] src/lib/components/pipeline/OptimizeStep.svelte:3567:2 Unused CSS selector ".forecast-disclosure > .whatif-compare"
https://svelte.dev/e/css_unused_selector
3565:   .forecast-disclosure > .forecast-table,
3566:   .forecast-disclosure > .forecast-actions,
3567:   .forecast-disclosure > .whatif-compare,
                                              ^
3568:   .forecast-disclosure > .inline-error,
3569:   .forecast-disclosure > .inline-success { padding: 0 18px; }
11:39:47 [vite-plugin-svelte] src/lib/components/pipeline/OptimizeStep.svelte:3568:2 Unused CSS selector ".forecast-disclosure > .inline-error"
https://svelte.dev/e/css_unused_selector
3566:   .forecast-disclosure > .forecast-actions,
3567:   .forecast-disclosure > .whatif-compare,
3568:   .forecast-disclosure > .inline-error,
                                            ^
3569:   .forecast-disclosure > .inline-success { padding: 0 18px; }
3570:   .forecast-disclosure > .forecast-actions { padding-bottom: 18px; }
11:39:47 [vite-plugin-svelte] src/lib/components/pipeline/OptimizeStep.svelte:3569:2 Unused CSS selector ".forecast-disclosure > .inline-success"
https://svelte.dev/e/css_unused_selector
3567:   .forecast-disclosure > .whatif-compare,
3568:   .forecast-disclosure > .inline-error,
3569:   .forecast-disclosure > .inline-success { padding: 0 18px; }
                                              ^
3570:   .forecast-disclosure > .forecast-actions { padding-bottom: 18px; }
3571: 
11:39:47 [vite-plugin-svelte] src/lib/components/pipeline/OptimizeStep.svelte:3570:2 Unused CSS selector ".forecast-disclosure > .forecast-actions"
https://svelte.dev/e/css_unused_selector
3568:   .forecast-disclosure > .inline-error,
3569:   .forecast-disclosure > .inline-success { padding: 0 18px; }
3570:   .forecast-disclosure > .forecast-actions { padding-bottom: 18px; }
                                                ^
3571: 
3572:   /* v1.0.16: collapsible expert disclosure - visible to all, default closed */
11:39:47 [vite-plugin-svelte] src/lib/components/pipeline/ValidateStepV13.svelte:352:5 This reference only captures the initial value of `kpiConfirmed`. Did you mean to reference it inside a derived instead?
https://svelte.dev/e/state_referenced_locally
350:    */
351:   let subStep = $state(
352:     !kpiConfirmed ? -2 : (!rolesConfirmed ? -1 : 0)
                      ^
353:   );
354:   /** @type {string} */
11:39:47 [vite-plugin-svelte] src/lib/components/pipeline/ValidateStepV13.svelte:352:27 This reference only captures the initial value of `rolesConfirmed`. Did you mean to reference it inside a derived instead?
https://svelte.dev/e/state_referenced_locally
350:    */
351:   let subStep = $state(
352:     !kpiConfirmed ? -2 : (!rolesConfirmed ? -1 : 0)
                                              ^
353:   );
354:   /** @type {string} */
11:39:47 [vite-plugin-svelte] src/lib/components/pipeline/ValidateStepV13.svelte:437:53 This reference only captures the initial value of `subStep`. Did you mean to reference it inside a closure instead?
https://svelte.dev/e/state_referenced_locally
435:   // (subStep declared как `-2 | -1 | 0 | 1 | 2 | 3` union).
436:   /** @type {number} */
437:   let prevSubStepIdx = $state(/** @type {number} */ (subStep));
                                                                 ^
438:   let substepDir = $state(/** @type {'forward' | 'back'} */ ('forward'));
439:   $effect(() => {
11:39:47 [vite-plugin-svelte] src/lib/components/pipeline/ValidateStepV13.svelte:1825:4 Unused CSS selector ".spinner"
https://svelte.dev/e/css_unused_selector
1823:   /* v2.1.0 п.5.6: static spinner ring */
1824:   @media (prefers-reduced-motion: reduce) {
1825:     .spinner {
                  ^
1826:       border-color: color-mix(in srgb, var(--accent-primary) 70%, transparent);
1827:     }
11:39:47 [vite-plugin-svelte] src/lib/components/pipeline/MultiScenarioPage.svelte:381:16 Redundant role 'row'
https://svelte.dev/e/a11y_no_redundant_roles
379:                 class:selected-row={isSelected}
380:                 onclick={() => { selectedId = isSelected ? null : sc.id; }}
381:                 role="row"
                               ^
382:                 aria-selected={isSelected}
383:                 style="cursor: pointer;"
11:39:47 [vite-plugin-svelte] src/lib/components/pipeline/ExpertValidatePanel.svelte:231:2 Unused CSS selector ".empty"
https://svelte.dev/e/css_unused_selector
229:   }
230:   .section-title { font-size: 11px; font-weight: 600; text-transform: uppercase; letter-spacing: 0.06em; color: rgba(252,165,165,0.85); }
231:   .empty { font-size: 12px; color: var(--text-muted); }
             ^
232: 
233:   table { width: 100%; border-collapse: collapse; font-size: 11px; }
11:39:47 [vite-plugin-svelte] src/lib/components/pipeline/ColumnMapper.svelte:351:6 Visible, non-interactive elements with a click event must be accompanied by a keyboard event handler. Consider whether an interactive element such as `<button type="button">` or `<a>` might be more appropriate
https://svelte.dev/e/a11y_click_events_have_key_events
349:       {@const ZHIcon = roleIcons[zone.id]}
350:       <!-- svelte-ignore a11y_no_static_element_interactions -->
351:       <div
                ^
352:         class="zone"
353:         class:drag-over={dragOver === zone.id}
11:39:47 [vite-plugin-svelte] src/lib/components/pipeline/ColumnMapper.svelte:351:6 Non-interactive element `<div>` should not be assigned mouse or keyboard event listeners
https://svelte.dev/e/a11y_no_noninteractive_element_interactions
349:       {@const ZHIcon = roleIcons[zone.id]}
350:       <!-- svelte-ignore a11y_no_static_element_interactions -->
351:       <div
                ^
352:         class="zone"
353:         class:drag-over={dragOver === zone.id}
11:39:48 [vite-plugin-svelte] src/lib/components/pipeline/ChannelCategoriesPanel.svelte:262:2 Elements with the 'dialog' interactive role must have a tabindex value
https://svelte.dev/e/a11y_interactive_supports_focus
260: 
261: {#if editingChannel}
262:   <div class="popup-overlay" role="dialog" aria-modal="true" onclick={() => editingChannel = null}>
             ^
263:     <div class="popup" role="document" onclick={(e) => e.stopPropagation()}>
264:       <header class="popup-head">
11:39:48 [vite-plugin-svelte] src/lib/components/pipeline/ChannelCategoriesPanel.svelte:262:2 Visible, non-interactive elements with a click event must be accompanied by a keyboard event handler. Consider whether an interactive element such as `<button type="button">` or `<a>` might be more appropriate
https://svelte.dev/e/a11y_click_events_have_key_events
260: 
261: {#if editingChannel}
262:   <div class="popup-overlay" role="dialog" aria-modal="true" onclick={() => editingChannel = null}>
             ^
263:     <div class="popup" role="document" onclick={(e) => e.stopPropagation()}>
264:       <header class="popup-head">
11:39:48 [vite-plugin-svelte] src/lib/components/pipeline/ChannelCategoriesPanel.svelte:263:4 Visible, non-interactive elements with a click event must be accompanied by a keyboard event handler. Consider whether an interactive element such as `<button type="button">` or `<a>` might be more appropriate
https://svelte.dev/e/a11y_click_events_have_key_events
261: {#if editingChannel}
262:   <div class="popup-overlay" role="dialog" aria-modal="true" onclick={() => editingChannel = null}>
263:     <div class="popup" role="document" onclick={(e) => e.stopPropagation()}>
               ^
264:       <header class="popup-head">
265:         <h5>Категория канала: <code>{editingChannel}</code></h5>
11:39:48 [vite-plugin-svelte] src/lib/components/pipeline/ChannelCategoriesPanel.svelte:263:4 Non-interactive element `<div>` should not be assigned mouse or keyboard event listeners
https://svelte.dev/e/a11y_no_noninteractive_element_interactions
261: {#if editingChannel}
262:   <div class="popup-overlay" role="dialog" aria-modal="true" onclick={() => editingChannel = null}>
263:     <div class="popup" role="document" onclick={(e) => e.stopPropagation()}>
               ^
264:       <header class="popup-head">
265:         <h5>Категория канала: <code>{editingChannel}</code></h5>
11:39:48 [vite-plugin-svelte] src/lib/components/Tooltip.svelte:45:20 This reference only captures the initial value of `id`. Did you mean to reference it inside a closure instead?
https://svelte.dev/e/state_referenced_locally
43: 
44:   // Генерируем уникальный id если не передан
45:   const tooltipId = id ?? `tooltip-${Math.random().toString(36).slice(2, 9)}`;
                          ^
46: 
47:   let visible = $state(false);
11:39:48 [vite-plugin-svelte] src/lib/components/pipeline/ConvergenceDashboard.svelte:456:2 Unused CSS selector ".chart-panel"
https://svelte.dev/e/css_unused_selector
454:   }
455: 
456:   .chart-panel {
                   ^
457:     display: flex;
458:     flex-direction: column;
11:39:48 [vite-plugin-svelte] src/lib/components/pipeline/ConvergenceDashboard.svelte:466:2 Unused CSS selector ".chart-title"
https://svelte.dev/e/css_unused_selector
464:   }
465: 
466:   .chart-title {
                   ^
467:     margin: 0;
468:     font-size: 13px;
11:39:48 [vite-plugin-svelte] src/lib/components/pipeline/ConvergenceDashboard.svelte:549:2 Unused CSS selector ".help-icon"
https://svelte.dev/e/css_unused_selector
547:   }
548: 
549:   .help-icon {
                 ^
550:     display: inline-flex;
551:     align-items: center;
11:39:48 [vite-plugin-svelte] src/lib/components/pipeline/ConvergenceDashboard.svelte:566:2 Unused CSS selector ".help-icon:hover"
https://svelte.dev/e/css_unused_selector
564:     transition: background 0.15s, color 0.15s;
565:   }
566:   .help-icon:hover {
                       ^
567:     background: color-mix(in srgb, var(--accent-primary, #3b82f6) 30%, transparent);
568:     color: var(--accent-primary, #3b82f6);
11:39:48 [vite-plugin-svelte] src/lib/components/ConfigPanel.svelte:559:4 A form label must be associated with a control
https://svelte.dev/e/a11y_label_has_associated_control
557:   <!-- KPI -->
558:   <div class="config-group">
559:     <label class="config-label">
                 ^
560:       Целевой KPI
561:       <span class="config-hint">Что моделируем</span>
11:39:48 [vite-plugin-svelte] src/lib/components/ConfigPanel.svelte:573:6 Visible, non-interactive elements with a click event must be accompanied by a keyboard event handler. Consider whether an interactive element such as `<button type="button">` or `<a>` might be more appropriate
https://svelte.dev/e/a11y_click_events_have_key_events
571:     {#if kpiOpen}
572:       <!-- svelte-ignore a11y_no_static_element_interactions -->
573:       <div class="dropdown-overlay" onclick={() => kpiOpen = false}></div>
                                                                               ^
574:       <div class="dropdown-list" style={getDropdownStyle(kpiAnchor)}>
575:         {#each kpiOptions as kpi}
11:39:48 [vite-plugin-svelte] src/lib/components/ConfigPanel.svelte:589:4 A form label must be associated with a control
https://svelte.dev/e/a11y_label_has_associated_control
587:   <!-- Media channels -->
588:   <div class="config-group">
589:     <label class="config-label">Медиа-каналы ({Object.values(channelEnabled).filter(Boolean).length})</label>
                                                                                                                  ^
590:     <div class="channels-grid">
591:       {#each mediaChannels as ch}
11:39:48 [vite-plugin-svelte] src/lib/components/ConfigPanel.svelte:605:4 A form label must be associated with a control
https://svelte.dev/e/a11y_label_has_associated_control
603:   <!-- Adstock (inline, minimal) + AdstockPreview -->
604:   <div class="config-group">
605:     <label class="config-label">
                 ^
606:       <span class="adstock-label-group">
607:         Adstock
11:39:48 [vite-plugin-svelte] src/lib/components/ConfigPanel.svelte:645:8 Visible, non-interactive elements with a click event must be accompanied by a keyboard event handler. Consider whether an interactive element such as `<button type="button">` or `<a>` might be more appropriate
https://svelte.dev/e/a11y_click_events_have_key_events
643:       {#if adstockOpen}
644:         <!-- svelte-ignore a11y_no_static_element_interactions -->
645:         <div class="dropdown-overlay" onclick={() => adstockOpen = false}></div>
                                                                                     ^
646:         <div class="dropdown-list" style={getDropdownStyle(adstockAnchor)}>
647:           {#each adstockOptions as opt}
11:39:48 [vite-plugin-svelte] src/lib/components/ConfigPanel.svelte:699:10 A form label must be associated with a control
https://svelte.dev/e/a11y_label_has_associated_control
697:         <!-- MCMC params (presets + expert mode opt-in) -->
698:         <div class="config-group">
699:           <label class="config-label">Настройки выборки</label>
                                                                    ^
700: 
701:           <div class="preset-radio-group" role="radiogroup" aria-label="Настройки расчёта">
11:39:48 [vite-plugin-svelte] src/lib/components/ExpandableCard.svelte:54:2 Elements with the 'dialog' interactive role must have a tabindex value
https://svelte.dev/e/a11y_interactive_supports_focus
52:   <!-- Fullscreen overlay. При свёртке content перерисовывается в inline-режиме
53:        ниже - чарты на основе canvas/svg пересоздадутся с правильными размерами. -->
54:   <div
           ^
55:     class="overlay"
56:     role="dialog"
11:39:48 [vite-plugin-svelte] src/lib/components/ExpandableCard.svelte:54:2 Visible, non-interactive elements with a click event must be accompanied by a keyboard event handler. Consider whether an interactive element such as `<button type="button">` or `<a>` might be more appropriate
https://svelte.dev/e/a11y_click_events_have_key_events
52:   <!-- Fullscreen overlay. При свёртке content перерисовывается в inline-режиме
53:        ниже - чарты на основе canvas/svg пересоздадутся с правильными размерами. -->
54:   <div
           ^
55:     class="overlay"
56:     role="dialog"
11:39:48 [vite-plugin-svelte] src/lib/components/ExpandableCard.svelte:61:4 Non-interactive element `<div>` should not be assigned mouse or keyboard event listeners
https://svelte.dev/e/a11y_no_noninteractive_element_interactions
59:     onclick={toggle}
60:   >
61:     <div
             ^
62:       class="overlay-card"
63:       role="document"
11:39:48 [vite-plugin-svelte] src/lib/components/pipeline/WhyThisStep.svelte:28:22 This reference only captures the initial value of `defaultOpen`. Did you mean to reference it inside a closure instead?
https://svelte.dev/e/state_referenced_locally
26:   } = $props();
27: 
28:   let isOpen = $state(defaultOpen);
                                     ^
29: 
30:   import { Lightbulb } from 'lucide-svelte';
11:39:48 [vite-plugin-svelte] src/lib/components/pipeline/OptimizeGoalSeek.svelte:277:2 Non-interactive element `<section>` cannot have interactive role 'radiogroup'
https://svelte.dev/e/a11y_no_noninteractive_element_to_interactive_role
275: 
276: <!-- OPP-02 (2026-07-03): «бюджет под вероятность» — переключатель режима расчёта. -->
277:   <section class="confidence-mode" role="radiogroup" aria-label="Режим расчёта бюджета">
                 ^
278:     <span class="mode-title">Режим расчёта:</span>
279:     <div class="mode-segment">
11:39:48 [vite-plugin-svelte] src/lib/components/pipeline/KPISelector.svelte:152:14 `<svelte:component>` is deprecated in runes mode — components are dynamic by default
https://svelte.dev/e/svelte_component_deprecated
150:           <div class="card-head">
151:             <span class="icon">
152:               <svelte:component this={iconMap[opt.id]} size={24} strokeWidth={1.5} />
                                                                                          ^
153:             </span>
154:             <div>
11:39:48 [vite-plugin-svelte] src/lib/components/pipeline/KPISelector.svelte:189:14 `<svelte:component>` is deprecated in runes mode — components are dynamic by default
https://svelte.dev/e/svelte_component_deprecated
187:           <div class="card-head">
188:             <span class="icon">
189:               <svelte:component this={iconMap[opt.id]} size={24} strokeWidth={1.5} />
                                                                                          ^
190:             </span>
191:             <div>
11:39:48 [vite-plugin-svelte] src/lib/components/pipeline/ValuePerCountUnitInput.svelte:28:27 This reference only captures the initial value of `currentValue`. Did you mean to reference it inside a derived instead?
https://svelte.dev/e/state_referenced_locally
26:   } = $props();
27: 
28:   let manualValue = $state(currentValue ?? autoValue?.value ?? '');
                                           ^
29:   let useAuto = $state(autoValue?.value !== undefined && autoValue?.value !== null);
30: 
11:39:48 [vite-plugin-svelte] src/lib/components/pipeline/ValuePerCountUnitInput.svelte:28:43 This reference only captures the initial value of `autoValue`. Did you mean to reference it inside a derived instead?
https://svelte.dev/e/state_referenced_locally
26:   } = $props();
27: 
28:   let manualValue = $state(currentValue ?? autoValue?.value ?? '');
                                                        ^
29:   let useAuto = $state(autoValue?.value !== undefined && autoValue?.value !== null);
30: 
11:39:48 [vite-plugin-svelte] src/lib/components/pipeline/ValuePerCountUnitInput.svelte:29:23 This reference only captures the initial value of `autoValue`. Did you mean to reference it inside a derived instead?
https://svelte.dev/e/state_referenced_locally
27: 
28:   let manualValue = $state(currentValue ?? autoValue?.value ?? '');
29:   let useAuto = $state(autoValue?.value !== undefined && autoValue?.value !== null);
                                    ^
30: 
31:   const cvIsHigh = $derived(autoValue?.cv > 0.20);
11:39:48 [vite-plugin-svelte] src/lib/components/pipeline/ValuePerCountUnitInput.svelte:29:57 This reference only captures the initial value of `autoValue`. Did you mean to reference it inside a derived instead?
https://svelte.dev/e/state_referenced_locally
27: 
28:   let manualValue = $state(currentValue ?? autoValue?.value ?? '');
29:   let useAuto = $state(autoValue?.value !== undefined && autoValue?.value !== null);
                                                                      ^
30: 
31:   const cvIsHigh = $derived(autoValue?.cv > 0.20);
11:39:48 [vite-plugin-svelte] src/lib/components/pipeline/PerChannelInputSelector.svelte:107:4 This reference only captures the initial value of `currentSelection`. Did you mean to reference it inside a derived instead?
https://svelte.dev/e/state_referenced_locally
105:   /** @type {Record<string, string>} */
106:   let selection = $state(
107:     currentSelection
                         ^
108:       ? { ...currentSelection }
109:       : Object.fromEntries(/** @type {string[]} */ (channels).map((/** @type {string} */ ch) => {
11:39:48 [vite-plugin-svelte] src/lib/components/pipeline/PerChannelInputSelector.svelte:108:13 This reference only captures the initial value of `currentSelection`. Did you mean to reference it inside a derived instead?
https://svelte.dev/e/state_referenced_locally
106:   let selection = $state(
107:     currentSelection
108:       ? { ...currentSelection }
                                  ^
109:       : Object.fromEntries(/** @type {string[]} */ (channels).map((/** @type {string} */ ch) => {
110:           const av = availableMetricsByChannel[ch] || { monetary: [], physical: [] };
11:39:48 [vite-plugin-svelte] src/lib/components/pipeline/PerChannelInputSelector.svelte:109:52 This reference only captures the initial value of `channels`. Did you mean to reference it inside a derived instead?
https://svelte.dev/e/state_referenced_locally
107:     currentSelection
108:       ? { ...currentSelection }
109:       : Object.fromEntries(/** @type {string[]} */ (channels).map((/** @type {string} */ ch) => {
                                                                 ^
110:           const av = availableMetricsByChannel[ch] || { monetary: [], physical: [] };
111:           if (av.monetary.length > 0) return [ch, 'monetary'];
11:39:48 [vite-plugin-svelte] src/lib/components/pipeline/PerChannelInputSelector.svelte:325:2 Unused CSS selector ".lead strong"
https://svelte.dev/e/css_unused_selector
323:     line-height: 1.5;
324:   }
325:   .lead strong { color: var(--text-primary); font-weight: 600; }
                   ^
326:   .why-link {
327:     background: none;
[32m✓[39m 4688 modules transformed.
rendering chunks...
computing gzip size...
[2m.svelte-kit/output/client/[22m[32m_app/version.json                                     [39m[1m[2m  0.03 kB[22m[1m[22m[2m │ gzip:   0.05 kB[22m
[2m.svelte-kit/output/client/[22m[32m.vite/manifest.json                                   [39m[1m[2m 26.28 kB[22m[1m[22m[2m │ gzip:   3.13 kB[22m
[2m.svelte-kit/output/client/[22m[35m_app/immutable/assets/SessionTimer.DFUF86Bt.css       [39m[1m[2m  0.70 kB[22m[1m[22m[2m │ gzip:   0.37 kB[22m
[2m.svelte-kit/output/client/[22m[35m_app/immutable/assets/1.lQhHRoAd.css                  [39m[1m[2m  0.79 kB[22m[1m[22m[2m │ gzip:   0.39 kB[22m
[2m.svelte-kit/output/client/[22m[35m_app/immutable/assets/14.BbDkflaY.css                 [39m[1m[2m  0.97 kB[22m[1m[22m[2m │ gzip:   0.43 kB[22m
[2m.svelte-kit/output/client/[22m[35m_app/immutable/assets/HintBubble.D9tXFlIg.css         [39m[1m[2m  1.24 kB[22m[1m[22m[2m │ gzip:   0.49 kB[22m
[2m.svelte-kit/output/client/[22m[35m_app/immutable/assets/DataTable.CuWN33cF.css          [39m[1m[2m  1.58 kB[22m[1m[22m[2m │ gzip:   0.58 kB[22m
[2m.svelte-kit/output/client/[22m[35m_app/immutable/assets/10.CM4VK-kh.css                 [39m[1m[2m  3.46 kB[22m[1m[22m[2m │ gzip:   1.00 kB[22m
[2m.svelte-kit/output/client/[22m[35m_app/immutable/assets/8.D2GjGLFm.css                  [39m[1m[2m  5.10 kB[22m[1m[22m[2m │ gzip:   1.28 kB[22m
[2m.svelte-kit/output/client/[22m[35m_app/immutable/assets/12.GKkE16vJ.css                 [39m[1m[2m  5.13 kB[22m[1m[22m[2m │ gzip:   1.26 kB[22m
[2m.svelte-kit/output/client/[22m[35m_app/immutable/assets/16.HXLADTSH.css                 [39m[1m[2m  6.47 kB[22m[1m[22m[2m │ gzip:   1.60 kB[22m
[2m.svelte-kit/output/client/[22m[35m_app/immutable/assets/7.Cc05gihG.css                  [39m[1m[2m  7.66 kB[22m[1m[22m[2m │ gzip:   1.61 kB[22m
[2m.svelte-kit/output/client/[22m[35m_app/immutable/assets/11.B8DbpOAs.css                 [39m[1m[2m  8.98 kB[22m[1m[22m[2m │ gzip:   2.07 kB[22m
[2m.svelte-kit/output/client/[22m[35m_app/immutable/assets/15.D5Rl35k0.css                 [39m[1m[2m  9.90 kB[22m[1m[22m[2m │ gzip:   2.09 kB[22m
[2m.svelte-kit/output/client/[22m[35m_app/immutable/assets/6.CYt7AM_1.css                  [39m[1m[2m 11.73 kB[22m[1m[22m[2m │ gzip:   2.54 kB[22m
[2m.svelte-kit/output/client/[22m[35m_app/immutable/assets/MultiScenarioPage.DdC51UBt.css  [39m[1m[2m 15.82 kB[22m[1m[22m[2m │ gzip:   2.97 kB[22m
[2m.svelte-kit/output/client/[22m[35m_app/immutable/assets/17.D0GOaoW6.css                 [39m[1m[2m 18.67 kB[22m[1m[22m[2m │ gzip:   3.58 kB[22m
[2m.svelte-kit/output/client/[22m[35m_app/immutable/assets/3.BAoH41Zy.css                  [39m[1m[2m 33.68 kB[22m[1m[22m[2m │ gzip:   6.08 kB[22m
[2m.svelte-kit/output/client/[22m[35m_app/immutable/assets/0.BVlF9hxo.css                  [39m[1m[2m 38.65 kB[22m[1m[22m[2m │ gzip:   8.30 kB[22m
[2m.svelte-kit/output/client/[22m[35m_app/immutable/assets/9.HAZDdUPj.css                  [39m[1m[2m 56.57 kB[22m[1m[22m[2m │ gzip:   9.15 kB[22m
[2m.svelte-kit/output/client/[22m[35m_app/immutable/assets/13.BD9cXEx_.css                 [39m[1m[2m293.58 kB[22m[1m[22m[2m │ gzip:  41.14 kB[22m
[2m.svelte-kit/output/client/[22m[36m_app/immutable/entry/start.BrkOYE-1.js                [39m[1m[2m  0.08 kB[22m[1m[22m[2m │ gzip:   0.09 kB[22m
[2m.svelte-kit/output/client/[22m[36m_app/immutable/chunks/BDidwyLy.js                     [39m[1m[2m  0.19 kB[22m[1m[22m[2m │ gzip:   0.16 kB[22m
[2m.svelte-kit/output/client/[22m[36m_app/immutable/chunks/CF8OyLVC.js                     [39m[1m[2m  0.19 kB[22m[1m[22m[2m │ gzip:   0.17 kB[22m
[2m.svelte-kit/output/client/[22m[36m_app/immutable/nodes/2.CKQm2A__.js                    [39m[1m[2m  0.19 kB[22m[1m[22m[2m │ gzip:   0.18 kB[22m
[2m.svelte-kit/output/client/[22m[36m_app/immutable/nodes/4.CKQm2A__.js                    [39m[1m[2m  0.19 kB[22m[1m[22m[2m │ gzip:   0.18 kB[22m
[2m.svelte-kit/output/client/[22m[36m_app/immutable/nodes/5.CKQm2A__.js                    [39m[1m[2m  0.19 kB[22m[1m[22m[2m │ gzip:   0.18 kB[22m
[2m.svelte-kit/output/client/[22m[36m_app/immutable/chunks/Bvh64JUF.js                     [39m[1m[2m  0.23 kB[22m[1m[22m[2m │ gzip:   0.16 kB[22m
[2m.svelte-kit/output/client/[22m[36m_app/immutable/chunks/DeyvAu_6.js                     [39m[1m[2m  0.23 kB[22m[1m[22m[2m │ gzip:   0.20 kB[22m
[2m.svelte-kit/output/client/[22m[36m_app/immutable/chunks/DXLDOUFo.js                     [39m[1m[2m  0.26 kB[22m[1m[22m[2m │ gzip:   0.22 kB[22m
[2m.svelte-kit/output/client/[22m[36m_app/immutable/chunks/DYz-5ZM6.js                     [39m[1m[2m  0.37 kB[22m[1m[22m[2m │ gzip:   0.26 kB[22m
[2m.svelte-kit/output/client/[22m[36m_app/immutable/chunks/CCVgQW01.js                     [39m[1m[2m  0.38 kB[22m[1m[22m[2m │ gzip:   0.27 kB[22m
[2m.svelte-kit/output/client/[22m[36m_app/immutable/chunks/BamZrom0.js                     [39m[1m[2m  0.40 kB[22m[1m[22m[2m │ gzip:   0.29 kB[22m
[2m.svelte-kit/output/client/[22m[36m_app/immutable/chunks/B-aEDM3D.js                     [39m[1m[2m  0.46 kB[22m[1m[22m[2m │ gzip:   0.31 kB[22m
[2m.svelte-kit/output/client/[22m[36m_app/immutable/chunks/Dtp2Wlu5.js                     [39m[1m[2m  0.53 kB[22m[1m[22m[2m │ gzip:   0.34 kB[22m
[2m.svelte-kit/output/client/[22m[36m_app/immutable/chunks/JC9ZI6jU.js                     [39m[1m[2m  0.75 kB[22m[1m[22m[2m │ gzip:   0.47 kB[22m
[2m.svelte-kit/output/client/[22m[36m_app/immutable/chunks/DmwLtILn.js                     [39m[1m[2m  0.84 kB[22m[1m[22m[2m │ gzip:   0.40 kB[22m
[2m.svelte-kit/output/client/[22m[36m_app/immutable/chunks/odytBa7M.js                     [39m[1m[2m  0.85 kB[22m[1m[22m[2m │ gzip:   0.48 kB[22m
[2m.svelte-kit/output/client/[22m[36m_app/immutable/nodes/1.Cz3fX-x6.js                    [39m[1m[2m  0.95 kB[22m[1m[22m[2m │ gzip:   0.58 kB[22m
[2m.svelte-kit/output/client/[22m[36m_app/immutable/chunks/D24kbKYM.js                     [39m[1m[2m  1.14 kB[22m[1m[22m[2m │ gzip:   0.66 kB[22m
[2m.svelte-kit/output/client/[22m[36m_app/immutable/chunks/C2H1Eh9D.js                     [39m[1m[2m  1.24 kB[22m[1m[22m[2m │ gzip:   0.58 kB[22m
[2m.svelte-kit/output/client/[22m[36m_app/immutable/chunks/Dp1pzeXC.js                     [39m[1m[2m  1.27 kB[22m[1m[22m[2m │ gzip:   0.73 kB[22m
[2m.svelte-kit/output/client/[22m[36m_app/immutable/chunks/Ca40oOM7.js                     [39m[1m[2m  1.34 kB[22m[1m[22m[2m │ gzip:   0.64 kB[22m
[2m.svelte-kit/output/client/[22m[36m_app/immutable/chunks/CPid8R18.js                     [39m[1m[2m  1.44 kB[22m[1m[22m[2m │ gzip:   0.49 kB[22m
[2m.svelte-kit/output/client/[22m[36m_app/immutable/chunks/BdCchtu_.js                     [39m[1m[2m  1.69 kB[22m[1m[22m[2m │ gzip:   0.86 kB[22m
[2m.svelte-kit/output/client/[22m[36m_app/immutable/chunks/BnPReAAa.js                     [39m[1m[2m  1.74 kB[22m[1m[22m[2m │ gzip:   1.01 kB[22m
[2m.svelte-kit/output/client/[22m[36m_app/immutable/chunks/3xqtwtJQ.js                     [39m[1m[2m  1.76 kB[22m[1m[22m[2m │ gzip:   0.84 kB[22m
[2m.svelte-kit/output/client/[22m[36m_app/immutable/chunks/B_XaaKPo.js                     [39m[1m[2m  1.77 kB[22m[1m[22m[2m │ gzip:   0.90 kB[22m
[2m.svelte-kit/output/client/[22m[36m_app/immutable/chunks/CeG54U2z.js                     [39m[1m[2m  1.81 kB[22m[1m[22m[2m │ gzip:   1.04 kB[22m
[2m.svelte-kit/output/client/[22m[36m_app/immutable/chunks/Crr39-i1.js                     [39m[1m[2m  2.18 kB[22m[1m[22m[2m │ gzip:   1.00 kB[22m
[2m.svelte-kit/output/client/[22m[36m_app/immutable/chunks/C6T0-Fqk.js                     [39m[1m[2m  2.24 kB[22m[1m[22m[2m │ gzip:   0.99 kB[22m
[2m.svelte-kit/output/client/[22m[36m_app/immutable/chunks/BrCYuUAC.js                     [39m[1m[2m  2.30 kB[22m[1m[22m[2m │ gzip:   0.84 kB[22m
[2m.svelte-kit/output/client/[22m[36m_app/immutable/chunks/ROkC1TuL.js                     [39m[1m[2m  2.38 kB[22m[1m[22m[2m │ gzip:   1.27 kB[22m
[2m.svelte-kit/output/client/[22m[36m_app/immutable/chunks/fGKG4s4X.js                     [39m[1m[2m  2.54 kB[22m[1m[22m[2m │ gzip:   1.15 kB[22m
[2m.svelte-kit/output/client/[22m[36m_app/immutable/chunks/BaHwSFr4.js                     [39m[1m[2m  2.99 kB[22m[1m[22m[2m │ gzip:   1.56 kB[22m
[2m.svelte-kit/output/client/[22m[36m_app/immutable/chunks/CNbPcWp3.js                     [39m[1m[2m  3.82 kB[22m[1m[22m[2m │ gzip:   1.85 kB[22m
[2m.svelte-kit/output/client/[22m[36m_app/immutable/chunks/CweVyzwB.js                     [39m[1m[2m  3.84 kB[22m[1m[22m[2m │ gzip:   1.85 kB[22m
[2m.svelte-kit/output/client/[22m[36m_app/immutable/chunks/H4KiLDpf.js                     [39m[1m[2m  3.91 kB[22m[1m[22m[2m │ gzip:   1.88 kB[22m
[2m.svelte-kit/output/client/[22m[36m_app/immutable/chunks/CnyTEd3r.js                     [39m[1m[2m  3.92 kB[22m[1m[22m[2m │ gzip:   1.91 kB[22m
[2m.svelte-kit/output/client/[22m[36m_app/immutable/chunks/DNg64bFx.js                     [39m[1m[2m  3.93 kB[22m[1m[22m[2m │ gzip:   1.92 kB[22m
[2m.svelte-kit/output/client/[22m[36m_app/immutable/chunks/C1_iYYX4.js                     [39m[1m[2m  3.94 kB[22m[1m[22m[2m │ gzip:   1.91 kB[22m
[2m.svelte-kit/output/client/[22m[36m_app/immutable/chunks/KvzjoqYd.js                     [39m[1m[2m  4.04 kB[22m[1m[22m[2m │ gzip:   1.96 kB[22m
[2m.svelte-kit/output/client/[22m[36m_app/immutable/chunks/D6gFFzRl.js                     [39m[1m[2m  4.08 kB[22m[1m[22m[2m │ gzip:   1.97 kB[22m
[2m.svelte-kit/output/client/[22m[36m_app/immutable/chunks/CQDA35vJ.js                     [39m[1m[2m  4.18 kB[22m[1m[22m[2m │ gzip:   2.05 kB[22m
[2m.svelte-kit/output/client/[22m[36m_app/immutable/nodes/10.CL_DkaNM.js                   [39m[1m[2m  4.64 kB[22m[1m[22m[2m │ gzip:   2.03 kB[22m
[2m.svelte-kit/output/client/[22m[36m_app/immutable/chunks/DKsf7FZC.js                     [39m[1m[2m  4.81 kB[22m[1m[22m[2m │ gzip:   1.43 kB[22m
[2m.svelte-kit/output/client/[22m[36m_app/immutable/chunks/DJVj0kZl.js                     [39m[1m[2m  5.23 kB[22m[1m[22m[2m │ gzip:   2.45 kB[22m
[2m.svelte-kit/output/client/[22m[36m_app/immutable/nodes/14.Ds-DcswL.js                   [39m[1m[2m  5.69 kB[22m[1m[22m[2m │ gzip:   2.69 kB[22m
[2m.svelte-kit/output/client/[22m[36m_app/immutable/chunks/BGYlVvRY.js                     [39m[1m[2m  5.83 kB[22m[1m[22m[2m │ gzip:   2.60 kB[22m
[2m.svelte-kit/output/client/[22m[36m_app/immutable/nodes/8.BVvyr0dA.js                    [39m[1m[2m  5.88 kB[22m[1m[22m[2m │ gzip:   2.45 kB[22m
[2m.svelte-kit/output/client/[22m[36m_app/immutable/chunks/DsD9sf3s.js                     [39m[1m[2m  7.56 kB[22m[1m[22m[2m │ gzip:   1.97 kB[22m
[2m.svelte-kit/output/client/[22m[36m_app/immutable/chunks/CATZgGOg.js                     [39m[1m[2m  7.69 kB[22m[1m[22m[2m │ gzip:   3.39 kB[22m
[2m.svelte-kit/output/client/[22m[36m_app/immutable/nodes/16.DbQDGUsq.js                   [39m[1m[2m  8.23 kB[22m[1m[22m[2m │ gzip:   3.31 kB[22m
[2m.svelte-kit/output/client/[22m[36m_app/immutable/chunks/BFvZGhxi.js                     [39m[1m[2m  8.59 kB[22m[1m[22m[2m │ gzip:   3.82 kB[22m
[2m.svelte-kit/output/client/[22m[36m_app/immutable/chunks/BX3xkz0w.js                     [39m[1m[2m  9.70 kB[22m[1m[22m[2m │ gzip:   4.15 kB[22m
[2m.svelte-kit/output/client/[22m[36m_app/immutable/entry/app.Cy4ffVas.js                  [39m[1m[2m  9.80 kB[22m[1m[22m[2m │ gzip:   3.66 kB[22m
[2m.svelte-kit/output/client/[22m[36m_app/immutable/nodes/7.Cial78jX.js                    [39m[1m[2m 11.55 kB[22m[1m[22m[2m │ gzip:   4.20 kB[22m
[2m.svelte-kit/output/client/[22m[36m_app/immutable/chunks/DBm22wnV.js                     [39m[1m[2m 12.51 kB[22m[1m[22m[2m │ gzip:   2.97 kB[22m
[2m.svelte-kit/output/client/[22m[36m_app/immutable/chunks/C8JXrSWR.js                     [39m[1m[2m 12.98 kB[22m[1m[22m[2m │ gzip:   3.17 kB[22m
[2m.svelte-kit/output/client/[22m[36m_app/immutable/nodes/6.Db7MWcuq.js                    [39m[1m[2m 15.17 kB[22m[1m[22m[2m │ gzip:   5.65 kB[22m
[2m.svelte-kit/output/client/[22m[36m_app/immutable/nodes/12.eM8pSS3Y.js                   [39m[1m[2m 17.35 kB[22m[1m[22m[2m │ gzip:   7.21 kB[22m
[2m.svelte-kit/output/client/[22m[36m_app/immutable/chunks/DsGBsxb4.js                     [39m[1m[2m 25.45 kB[22m[1m[22m[2m │ gzip:   8.86 kB[22m
[2m.svelte-kit/output/client/[22m[36m_app/immutable/chunks/C-tDVLtX.js                     [39m[1m[2m 26.53 kB[22m[1m[22m[2m │ gzip:  10.34 kB[22m
[2m.svelte-kit/output/client/[22m[36m_app/immutable/chunks/H1kapWjp.js                     [39m[1m[2m 27.93 kB[22m[1m[22m[2m │ gzip:  10.78 kB[22m
[2m.svelte-kit/output/client/[22m[36m_app/immutable/nodes/11.B1wri9Hd.js                   [39m[1m[2m 31.97 kB[22m[1m[22m[2m │ gzip:  10.57 kB[22m
[2m.svelte-kit/output/client/[22m[36m_app/immutable/nodes/15.DA1uWDGE.js                   [39m[1m[2m 35.43 kB[22m[1m[22m[2m │ gzip:  10.53 kB[22m
[2m.svelte-kit/output/client/[22m[36m_app/immutable/nodes/17.BMOCDW1e.js                   [39m[1m[2m 39.38 kB[22m[1m[22m[2m │ gzip:  13.23 kB[22m
[2m.svelte-kit/output/client/[22m[36m_app/immutable/chunks/B6HnZYBL.js                     [39m[1m[2m 48.75 kB[22m[1m[22m[2m │ gzip:  13.27 kB[22m
[2m.svelte-kit/output/client/[22m[36m_app/immutable/chunks/CNzDRpQP.js                     [39m[1m[2m 62.46 kB[22m[1m[22m[2m │ gzip:  17.39 kB[22m
[2m.svelte-kit/output/client/[22m[36m_app/immutable/chunks/2JjtGtzQ.js                     [39m[1m[2m 64.94 kB[22m[1m[22m[2m │ gzip:  21.51 kB[22m
[2m.svelte-kit/output/client/[22m[36m_app/immutable/nodes/9.DsTqVjlM.js                    [39m[1m[2m 95.96 kB[22m[1m[22m[2m │ gzip:  32.24 kB[22m
[2m.svelte-kit/output/client/[22m[36m_app/immutable/nodes/3.DUt9UiqW.js                    [39m[1m[2m 95.96 kB[22m[1m[22m[2m │ gzip:  33.54 kB[22m
[2m.svelte-kit/output/client/[22m[36m_app/immutable/nodes/0.UjRU93ni.js                    [39m[1m[2m104.95 kB[22m[1m[22m[2m │ gzip:  31.74 kB[22m
[2m.svelte-kit/output/client/[22m[36m_app/immutable/chunks/TQZeKwkR.js                     [39m[1m[2m143.56 kB[22m[1m[22m[2m │ gzip:  37.85 kB[22m
[2m.svelte-kit/output/client/[22m[36m_app/immutable/chunks/CrD_I8ts.js                     [39m[1m[33m589.81 kB[39m[22m[2m │ gzip: 197.58 kB[22m
[2m.svelte-kit/output/client/[22m[36m_app/immutable/nodes/13.7nsETI-N.js                   [39m[1m[33m796.03 kB[39m[22m[2m │ gzip: 222.76 kB[22m
[33m
(!) Some chunks are larger than 500 kB after minification. Consider:
- Using dynamic import() to code-split the application
- Use build.rollupOptions.output.manualChunks to improve chunking: https://rollupjs.org/configuration-options/#output-manualchunks
- Adjust chunk size limit for this warning via build.chunkSizeWarningLimit.[39m
[32m✓ built in 20.75s[39m
[2m.svelte-kit/output/server/[22m[32m.vite/manifest.json                                        [39m[1m[2m 15.34 kB[22m[1m[22m
[2m.svelte-kit/output/server/[22m[35m_app/immutable/assets/SessionTimer.CtIi1Vo6.css            [39m[1m[2m  0.68 kB[22m[1m[22m
[2m.svelte-kit/output/server/[22m[35m_app/immutable/assets/_error.lQhHRoAd.css                  [39m[1m[2m  0.79 kB[22m[1m[22m
[2m.svelte-kit/output/server/[22m[35m_app/immutable/assets/_page.BbDkflaY.css                   [39m[1m[2m  0.97 kB[22m[1m[22m
[2m.svelte-kit/output/server/[22m[35m_app/immutable/assets/HintBubble.D9tXFlIg.css              [39m[1m[2m  1.24 kB[22m[1m[22m
[2m.svelte-kit/output/server/[22m[35m_app/immutable/assets/DataTable.CuWN33cF.css               [39m[1m[2m  1.58 kB[22m[1m[22m
[2m.svelte-kit/output/server/[22m[35m_app/immutable/assets/_page.DWstCQu-.css                   [39m[1m[2m  3.42 kB[22m[1m[22m
[2m.svelte-kit/output/server/[22m[35m_app/immutable/assets/_page.BPFByind.css                   [39m[1m[2m  5.04 kB[22m[1m[22m
[2m.svelte-kit/output/server/[22m[35m_app/immutable/assets/_page.DRSZ92gq.css                   [39m[1m[2m  5.09 kB[22m[1m[22m
[2m.svelte-kit/output/server/[22m[35m_app/immutable/assets/_page.CMEySK3K.css                   [39m[1m[2m  5.48 kB[22m[1m[22m
[2m.svelte-kit/output/server/[22m[35m_app/immutable/assets/_page.DK8EIq-o.css                   [39m[1m[2m  7.59 kB[22m[1m[22m
[2m.svelte-kit/output/server/[22m[35m_app/immutable/assets/_page.BzECxfE_.css                   [39m[1m[2m  8.95 kB[22m[1m[22m
[2m.svelte-kit/output/server/[22m[35m_app/immutable/assets/_page.D5Rl35k0.css                   [39m[1m[2m  9.90 kB[22m[1m[22m
[2m.svelte-kit/output/server/[22m[35m_app/immutable/assets/_page.CP2S4kfu.css                   [39m[1m[2m 10.68 kB[22m[1m[22m
[2m.svelte-kit/output/server/[22m[35m_app/immutable/assets/_page.B8tF5DCq.css                   [39m[1m[2m 11.71 kB[22m[1m[22m
[2m.svelte-kit/output/server/[22m[35m_app/immutable/assets/MultiScenarioPage.DGElsxXF.css       [39m[1m[2m 15.75 kB[22m[1m[22m
[2m.svelte-kit/output/server/[22m[35m_app/immutable/assets/_layout.DrbvyNIq.css                 [39m[1m[2m 25.32 kB[22m[1m[22m
[2m.svelte-kit/output/server/[22m[35m_app/immutable/assets/_layout.CZu61REb.css                 [39m[1m[2m 38.35 kB[22m[1m[22m
[2m.svelte-kit/output/server/[22m[35m_app/immutable/assets/_page.B3kHj14f.css                   [39m[1m[2m 47.26 kB[22m[1m[22m
[2m.svelte-kit/output/server/[22m[35m_app/immutable/assets/_page.iJYsVtNm.css                   [39m[1m[2m259.12 kB[22m[1m[22m
[2m.svelte-kit/output/server/[22m[36mentries/pages/_layout.js                                   [39m[1m[2m  0.04 kB[22m[1m[22m
[2m.svelte-kit/output/server/[22m[36mentries/pages/cabinet/_layout.js                           [39m[1m[2m  0.04 kB[22m[1m[22m
[2m.svelte-kit/output/server/[22m[36mentries/pages/settings/_layout.js                          [39m[1m[2m  0.04 kB[22m[1m[22m
[2m.svelte-kit/output/server/[22m[36mentries/pages/workflow/_layout.js                          [39m[1m[2m  0.04 kB[22m[1m[22m
[2m.svelte-kit/output/server/[22m[36mchunks/false.js                                            [39m[1m[2m  0.05 kB[22m[1m[22m
[2m.svelte-kit/output/server/[22m[36mchunks/html.js                                             [39m[1m[2m  0.14 kB[22m[1m[22m
[2m.svelte-kit/output/server/[22m[36mentries/fallbacks/layout.svelte.js                         [39m[1m[2m  0.17 kB[22m[1m[22m
[2m.svelte-kit/output/server/[22m[36mchunks/index-server.js                                     [39m[1m[2m  0.18 kB[22m[1m[22m
[2m.svelte-kit/output/server/[22m[36minternal.js                                                [39m[1m[2m  0.35 kB[22m[1m[22m
[2m.svelte-kit/output/server/[22m[36mchunks/state.svelte.js                                     [39m[1m[2m  0.45 kB[22m[1m[22m
[2m.svelte-kit/output/server/[22m[36mchunks/environment.js                                      [39m[1m[2m  0.62 kB[22m[1m[22m
[2m.svelte-kit/output/server/[22m[36mchunks/client.js                                           [39m[1m[2m  0.66 kB[22m[1m[22m
[2m.svelte-kit/output/server/[22m[36mchunks/stores.js                                           [39m[1m[2m  0.71 kB[22m[1m[22m
[2m.svelte-kit/output/server/[22m[36mentries/pages/_error.svelte.js                             [39m[1m[2m  0.85 kB[22m[1m[22m
[2m.svelte-kit/output/server/[22m[36mchunks/creative-store.js                                   [39m[1m[2m  0.91 kB[22m[1m[22m
[2m.svelte-kit/output/server/[22m[36mentries/pages/brand/_id_/_page.svelte.js                   [39m[1m[2m  1.02 kB[22m[1m[22m
[2m.svelte-kit/output/server/[22m[36mchunks/onboarding-state.js                                 [39m[1m[2m  1.04 kB[22m[1m[22m
[2m.svelte-kit/output/server/[22m[36mchunks/utils.js                                            [39m[1m[2m  1.15 kB[22m[1m[22m
[2m.svelte-kit/output/server/[22m[36mentries/pages/pipeline/compare/_page.svelte.js             [39m[1m[2m  1.30 kB[22m[1m[22m
[2m.svelte-kit/output/server/[22m[36mchunks/command-meta.js                                     [39m[1m[2m  1.32 kB[22m[1m[22m
[2m.svelte-kit/output/server/[22m[36mchunks/SessionTimer.js                                     [39m[1m[2m  1.39 kB[22m[1m[22m
[2m.svelte-kit/output/server/[22m[36mchunks/psy.js                                              [39m[1m[2m  1.86 kB[22m[1m[22m
[2m.svelte-kit/output/server/[22m[36mchunks/en.js                                               [39m[1m[2m  2.04 kB[22m[1m[22m
[2m.svelte-kit/output/server/[22m[36mchunks/MultiScenarioPage.svelte_svelte_type_style_lang.js  [39m[1m[2m  2.59 kB[22m[1m[22m
[2m.svelte-kit/output/server/[22m[36mchunks/store.js                                            [39m[1m[2m  2.61 kB[22m[1m[22m
[2m.svelte-kit/output/server/[22m[36mchunks/ru.js                                               [39m[1m[2m  2.69 kB[22m[1m[22m
[2m.svelte-kit/output/server/[22m[36mchunks/index.js                                            [39m[1m[2m  2.77 kB[22m[1m[22m
[2m.svelte-kit/output/server/[22m[36mentries/pages/brands/_page.svelte.js                       [39m[1m[2m  3.37 kB[22m[1m[22m
[2m.svelte-kit/output/server/[22m[36mchunks/internal.js                                         [39m[1m[2m  3.52 kB[22m[1m[22m
[2m.svelte-kit/output/server/[22m[36mchunks/HintBubble.js                                       [39m[1m[2m  4.10 kB[22m[1m[22m
[2m.svelte-kit/output/server/[22m[36mentries/pages/campaign/_page.svelte.js                     [39m[1m[2m  4.47 kB[22m[1m[22m
[2m.svelte-kit/output/server/[22m[36mentries/pages/workflow/_page.svelte.js                     [39m[1m[2m  4.67 kB[22m[1m[22m
[2m.svelte-kit/output/server/[22m[36mentries/pages/workflow/_id_/_page.svelte.js                [39m[1m[2m  4.89 kB[22m[1m[22m
[2m.svelte-kit/output/server/[22m[36mchunks/x.js                                                [39m[1m[2m  4.97 kB[22m[1m[22m
[2m.svelte-kit/output/server/[22m[36mchunks/target.js                                           [39m[1m[2m  5.17 kB[22m[1m[22m
[2m.svelte-kit/output/server/[22m[36mchunks/triangle-alert.js                                   [39m[1m[2m  5.28 kB[22m[1m[22m
[2m.svelte-kit/output/server/[22m[36mchunks/exports.js                                          [39m[1m[2m  5.54 kB[22m[1m[22m
[2m.svelte-kit/output/server/[22m[36mchunks/a11y.js                                             [39m[1m[2m  5.93 kB[22m[1m[22m
[2m.svelte-kit/output/server/[22m[36mchunks/check.js                                            [39m[1m[2m 10.00 kB[22m[1m[22m
[2m.svelte-kit/output/server/[22m[36mchunks/package.js                                          [39m[1m[2m 10.68 kB[22m[1m[22m
[2m.svelte-kit/output/server/[22m[36mentries/pages/data-chat/_page.svelte.js                    [39m[1m[2m 12.30 kB[22m[1m[22m
[2m.svelte-kit/output/server/[22m[36mchunks/Icon.js                                             [39m[1m[2m 12.78 kB[22m[1m[22m
[2m.svelte-kit/output/server/[22m[36mentries/pages/_page.svelte.js                              [39m[1m[2m 12.78 kB[22m[1m[22m
[2m.svelte-kit/output/server/[22m[36mremote-entry.js                                            [39m[1m[2m 19.03 kB[22m[1m[22m
[2m.svelte-kit/output/server/[22m[36mchunks/shared.js                                           [39m[1m[2m 27.07 kB[22m[1m[22m
[2m.svelte-kit/output/server/[22m[36mchunks/root.js                                             [39m[1m[2m 29.17 kB[22m[1m[22m
[2m.svelte-kit/output/server/[22m[36mentries/pages/pipeline/_layout.svelte.js                   [39m[1m[2m 33.66 kB[22m[1m[22m
[2m.svelte-kit/output/server/[22m[36mentries/pages/settings/_page.svelte.js                     [39m[1m[2m 35.18 kB[22m[1m[22m
[2m.svelte-kit/output/server/[22m[36mentries/pages/causal/_page.svelte.js                       [39m[1m[2m 35.67 kB[22m[1m[22m
[2m.svelte-kit/output/server/[22m[36mchunks/project-state.js                                    [39m[1m[2m 40.64 kB[22m[1m[22m
[2m.svelte-kit/output/server/[22m[36mentries/pages/_layout.svelte.js                            [39m[1m[2m 66.19 kB[22m[1m[22m
[2m.svelte-kit/output/server/[22m[36mchunks/trending-up.js                                      [39m[1m[2m 70.91 kB[22m[1m[22m
[2m.svelte-kit/output/server/[22m[36mentries/pages/cabinet/_page.svelte.js                      [39m[1m[2m 71.24 kB[22m[1m[22m
[2m.svelte-kit/output/server/[22m[36mchunks/index2.js                                           [39m[1m[2m 95.36 kB[22m[1m[22m
[2m.svelte-kit/output/server/[22m[36mindex.js                                                   [39m[1m[2m125.79 kB[22m[1m[22m
[2m.svelte-kit/output/server/[22m[36mchunks/DataTable.svelte_svelte_type_style_lang.js          [39m[1m[2m184.50 kB[22m[1m[22m
[2m.svelte-kit/output/server/[22m[36mentries/pages/pipeline/_page.svelte.js                     [39m[1m[33m717.15 kB[39m[22m
[32m✓ built in 36.84s[39m

Run npm run preview to preview your production build locally.

> Using @sveltejs/adapter-static
  Wrote site to "build"
  ✔ done
error: invalid character `{` in package name: `{{cookiecutter.app_id}}`, the first character must be a Unicode XID start character (most letters or `_`)
 --> C:\Users\ackol\.cargo\git\checkouts\aurora-platform-core-646048ec9d057d6a\35d8345\aurora_shell_template\{{cookiecutter.app_id}}\src-tauri\Cargo.toml:2:8
  |
2 | name = "{{cookiecutter.app_id}}"
  |        ^^^^^^^^^^^^^^^^^^^^^^^^^
    Updating git repository `https://github.com/Ackold26/aurora-platform-core.git`
error: invalid character `{` in package name: `{{cookiecutter.app_id}}`, the first character must be a Unicode XID start character (most letters or `_`)
 --> C:\Users\ackol\.cargo\git\checkouts\aurora-platform-core-646048ec9d057d6a\bc955c0\aurora_shell_template\{{cookiecutter.app_id}}\src-tauri\Cargo.toml:2:8
  |
2 | name = "{{cookiecutter.app_id}}"
  |        ^^^^^^^^^^^^^^^^^^^^^^^^^
     Locking 1 package to latest compatible version
      Adding aurora_gateway v0.6.5 (https://github.com/Ackold26/aurora-platform-core.git?tag=aurora_gateway-v0.6.5#bc955c0e)
    Blocking waiting for file lock on build directory
   Compiling aurora-econometrica-gui v2.5.0 (D:\Docs\Aurora_Ai\Dev\Aurora_Econometrica_thinwt\src-tauri)
   Compiling aurora_gateway v0.6.5 (https://github.com/Ackold26/aurora-platform-core.git?tag=aurora_gateway-v0.6.5#bc955c0e)
    Finished `release` profile [optimized] target(s) in 8m 41s
       Built application at: D:\cargo-targets\ai-agency\release\aurora-econometrica-gui.exe
        Info Patching D:\cargo-targets\ai-agency\release\aurora-econometrica-gui.exe with bundle type information: nsis
        Info Target: x64
     Running makensis to produce D:\cargo-targets\ai-agency\release\bundle\nsis\Optimizer MMM_2.5.0_x64-setup.exe
    Finished 1 bundle at:
        D:\cargo-targets\ai-agency\release\bundle\nsis\Optimizer MMM_2.5.0_x64-setup.exe

[облачная сборка] сборка взяла крейт по метке aurora_gateway-v0.6.5 на записи bc955c0e74b5 — совпало с меткой в репозитории
[облачная сборка] обычный манифест восстановлен (сборка закончена)
[облачная сборка] готово
