============================= test session starts =============================
platform win32 -- Python 3.12.10, pytest-9.0.3, pluggy-1.6.0 -- C:\Users\ackol\AppData\Local\Programs\Python\Python312\python.exe
cachedir: .pytest_cache
hypothesis profile 'default'
rootdir: D:\Docs\Aurora_Ai\Dev\Aurora_Econometrica_thinwt
configfile: pytest.ini
testpaths: tools
plugins: anyio-4.12.1, hypothesis-6.152.4, asyncio-1.3.0, httpx-0.36.2, xdist-3.8.0
asyncio: mode=Mode.STRICT, debug=False, asyncio_default_fixture_loop_scope=None, asyncio_default_test_loop_scope=function
collecting ... collected 2325 items / 30 deselected / 2295 selected

tools/test_aurora_html_kpi_aware.py::test_legacy_ctx_without_kpi_block_renders_roi PASSED [  0%]
tools/test_aurora_html_kpi_aware.py::test_legacy_monetary_roi_renders_roi_labels PASSED [  0%]
tools/test_aurora_html_kpi_aware.py::test_count_kpi_action_table_shows_cpu_column PASSED [  0%]
tools/test_aurora_html_kpi_aware.py::test_count_kpi_mroas_section_shows_cpu_chart PASSED [  0%]
tools/test_aurora_html_kpi_aware.py::test_count_kpi_key_message_shows_cpu_portfolio PASSED [  0%]
tools/test_aurora_html_kpi_aware.py::test_count_kpi_recommendation_uses_cpu_breakeven_phrase PASSED [  0%]
tools/test_aurora_html_kpi_aware.py::test_count_kpi_summary_situation_replaces_weighted_roi PASSED [  0%]
tools/test_aurora_html_kpi_aware.py::test_count_kpi_glance_replaces_breakeven_text PASSED [  0%]
tools/test_aurora_html_kpi_aware.py::test_effectiveness_mode_action_table_shows_share_column PASSED [  0%]
tools/test_aurora_html_kpi_aware.py::test_effectiveness_mode_summary_uses_share_phrase PASSED [  0%]
tools/test_aurora_html_kpi_aware.py::test_effectiveness_mode_mroas_section_shows_share_chart PASSED [  0%]
tools/test_aurora_html_kpi_aware.py::test_effectiveness_mode_recommendation_impact_label PASSED [  0%]
tools/test_aurora_html_kpi_aware.py::test_kpi_view_defaults_when_kpi_block_missing PASSED [  0%]
tools/test_aurora_html_kpi_aware.py::test_kpi_view_reads_labels_from_ctx PASSED [  0%]
tools/test_aurora_html_kpi_aware.py::test_fmt_metric_monetary_roi PASSED [  0%]
tools/test_aurora_html_kpi_aware.py::test_fmt_metric_count_inverts_to_cpu PASSED [  0%]
tools/test_aurora_html_kpi_aware.py::test_fmt_metric_effectiveness_fraction PASSED [  0%]
tools/test_aurora_html_kpi_aware.py::test_under_breakeven_phrase_per_mode PASSED [  0%]
tools/test_aurora_html_kpi_aware.py::test_table_metric_header_per_mode PASSED [  0%]
tools/test_aurora_html_kpi_aware.py::test_weighted_summary_phrase_count_inverts_to_cpu PASSED [  0%]
tools/test_aurora_pptx_integration.py::test_monetary_roi_renders_mroas_labels PASSED [  0%]
tools/test_aurora_pptx_integration.py::test_monetary_roi_does_not_show_share_labels PASSED [  0%]
tools/test_aurora_pptx_integration.py::test_count_kpi_shows_cpu_column_header PASSED [  1%]
tools/test_aurora_pptx_integration.py::test_count_kpi_inverts_to_cpu_values PASSED [  1%]
tools/test_aurora_pptx_integration.py::test_count_kpi_has_cpu_portfolio_phrase PASSED [  1%]
tools/test_aurora_pptx_integration.py::test_count_kpi_impact_label_is_sales_not_roas PASSED [  1%]
tools/test_aurora_pptx_integration.py::test_effectiveness_mode_shows_share_column PASSED [  1%]
tools/test_aurora_pptx_integration.py::test_effectiveness_mode_uses_share_phrase PASSED [  1%]
tools/test_aurora_pptx_integration.py::test_effectiveness_impact_label_is_share PASSED [  1%]
tools/test_aurora_pptx_integration.py::test_effectiveness_mode_no_breakeven_metaphor PASSED [  1%]
tools/test_aurora_pptx_integration.py::test_monetary_scqar_recommendation_uses_roas PASSED [  1%]
tools/test_aurora_pptx_integration.py::test_count_scqar_recommendation_drops_roas PASSED [  1%]
tools/test_aurora_pptx_integration.py::test_builder_handles_empty_channels_wireframe_mode PASSED [  1%]
tools/test_aurora_pptx_kpi_aware.py::test_kpi_view_defaults_when_no_data PASSED [  1%]
tools/test_aurora_pptx_kpi_aware.py::test_kpi_view_handles_none_data PASSED [  1%]
tools/test_aurora_pptx_kpi_aware.py::test_kpi_view_count_mode_reads_labels PASSED [  1%]
tools/test_aurora_pptx_kpi_aware.py::test_kpi_view_effectiveness_mode PASSED [  1%]
tools/test_aurora_pptx_kpi_aware.py::test_fmt_metric_monetary_roi PASSED [  1%]
tools/test_aurora_pptx_kpi_aware.py::test_fmt_metric_count_inverts_to_cpu PASSED [  1%]
tools/test_aurora_pptx_kpi_aware.py::test_fmt_metric_effectiveness_fraction PASSED [  1%]
tools/test_aurora_pptx_kpi_aware.py::test_fmt_metric_with_ci_legacy PASSED [  1%]
tools/test_aurora_pptx_kpi_aware.py::test_fmt_metric_with_ci_count_inverts_and_swaps PASSED [  1%]
tools/test_aurora_pptx_kpi_aware.py::test_fmt_metric_with_ci_effectiveness_fraction PASSED [  1%]
tools/test_aurora_pptx_kpi_aware.py::test_fmt_metric_with_ci_returns_base_when_no_ci PASSED [  1%]
tools/test_aurora_pptx_kpi_aware.py::test_weighted_summary_phrase_monetary PASSED [  1%]
tools/test_aurora_pptx_kpi_aware.py::test_weighted_summary_phrase_count_inverts PASSED [  2%]
tools/test_aurora_pptx_kpi_aware.py::test_weighted_summary_phrase_count_zero_safe PASSED [  2%]
tools/test_aurora_pptx_kpi_aware.py::test_weighted_summary_phrase_effectiveness PASSED [  2%]
tools/test_aurora_pptx_kpi_aware.py::test_weighted_summary_phrase_none_safe PASSED [  2%]
tools/test_aurora_pptx_kpi_aware.py::test_under_breakeven_legacy PASSED  [  2%]
tools/test_aurora_pptx_kpi_aware.py::test_under_breakeven_count_with_vpcu PASSED [  2%]
tools/test_aurora_pptx_kpi_aware.py::test_under_breakeven_count_without_vpcu PASSED [  2%]
tools/test_aurora_pptx_kpi_aware.py::test_under_breakeven_effectiveness PASSED [  2%]
tools/test_aurora_pptx_kpi_aware.py::test_table_metric_header_legacy PASSED [  2%]
tools/test_aurora_pptx_kpi_aware.py::test_table_metric_header_count PASSED [  2%]
tools/test_aurora_pptx_kpi_aware.py::test_table_metric_header_effectiveness PASSED [  2%]
tools/test_aurora_pptx_kpi_aware.py::test_pptx_kpi_helpers_parity_with_html PASSED [  2%]
tools/test_auto_price.py::test_stable_price_detected_correctly PASSED    [  2%]
tools/test_auto_price.py::test_unstable_price_warning PASSED             [  2%]
tools/test_auto_price.py::test_missing_columns_returns_unavailable PASSED [  2%]
tools/test_auto_price.py::test_zero_count_periods_skipped PASSED         [  2%]
tools/test_auto_price.py::test_all_zero_count_returns_unavailable PASSED [  2%]
tools/test_auto_price.py::test_small_sample_uses_simple_mean PASSED      [  2%]
tools/test_auto_price.py::test_label_for_sales_packs PASSED              [  2%]
tools/test_auto_price.py::test_label_for_leads PASSED                    [  2%]
tools/test_auto_price.py::test_label_for_subscriptions PASSED            [  2%]
tools/test_auto_price.py::test_label_for_unknown_kpi_uses_fallback PASSED [  2%]
tools/test_auto_price.py::test_label_for_monetary_kpi_returns_empty PASSED [  2%]
tools/test_awareness_canon.py::test_esov_computed_from_sov_som_percent PASSED [  3%]
tools/test_awareness_canon.py::test_esov_fractions_accepted_rubles_rejected PASSED [  3%]
tools/test_awareness_canon.py::test_esov_skipped_without_columns PASSED  [  3%]
tools/test_awareness_canon.py::test_forecast_uses_weibull_by_default_and_esov_delivered PASSED [  3%]
tools/test_awareness_canon.py::test_forecast_adstock_opt_out PASSED      [  3%]
tools/test_awareness_canon.py::test_elasticity_ci_delivered PASSED       [  3%]
tools/test_awareness_forecast_ci.py::test_ci_grows_with_horizon PASSED   [  3%]
tools/test_awareness_forecast_ci.py::test_smalln_falls_back_to_proxy PASSED [  3%]
tools/test_backend_check.py::test_is_pymc_available_returns_bool PASSED  [  3%]
tools/test_backend_check.py::test_is_jax_available_returns_bool PASSED   [  3%]
tools/test_backend_check.py::test_get_backend_summary_returns_all_keys PASSED [  3%]
tools/test_backend_check.py::test_enforce_no_op_when_all_geometric PASSED [  3%]
tools/test_backend_check.py::test_enforce_no_op_when_empty PASSED        [  3%]
tools/test_backend_check.py::test_enforce_passes_when_jax_available_and_weibull_present PASSED [  3%]
tools/test_backend_check.py::test_enforce_raises_when_weibull_without_jax PASSED [  3%]
tools/test_backend_check.py::test_enforce_error_lists_offending_channels PASSED [  3%]
tools/test_backend_check.py::test_backend_unavailable_error_is_runtime_error PASSED [  3%]
tools/test_brand_perf_split.py::test_backward_compat_v12_pickle_loads PASSED [  3%]
tools/test_brand_perf_split.py::test_all_mixed_not_hierarchical PASSED   [  3%]
tools/test_brand_perf_split.py::test_brand_perf_split_hierarchical_eligible PASSED [  3%]
tools/test_brand_perf_split.py::test_n1_brand_demoted PASSED             [  3%]
tools/test_brand_perf_split.py::test_n1_perf_demoted PASSED              [  3%]
tools/test_brand_perf_split.py::test_v13_pickle_persists_categories PASSED [  3%]
tools/test_brand_perf_split.py::test_pre_v13_no_categories_heuristic_fallback_in_decomposer PASSED [  4%]
tools/test_brand_perf_split.py::test_auto_suggest_endpoint_structure PASSED [  4%]
tools/test_brand_perf_split.py::test_brand_decay_higher_than_perf_priors PASSED [  4%]
tools/test_brand_perf_split.py::test_audit_fix_empty_raw_no_autofill PASSED [  4%]
tools/test_brand_perf_split.py::test_audit_fix_partial_user_assignment PASSED [  4%]
tools/test_brand_perf_split.py::test_methodology_auto_gen_block PASSED   [  4%]
tools/test_calibration.py::test_prepare_ok_with_interval PASSED          [  4%]
tools/test_calibration.py::test_prepare_errors_russian PASSED            [  4%]
tools/test_calibration.py::test_ols_refuses_calibrations PASSED          [  4%]
tools/test_category_control.py::TestClassifyCategory::test_category_detected[\u041f\u0440\u043e\u0434\u0430\u0436\u0438 \u043a\u0430\u0442\u0435\u0433\u043e\u0440\u0438\u0438 \u0440\u0443\u0431] PASSED [  4%]
tools/test_category_control.py::TestClassifyCategory::test_category_detected[\u041f\u0440\u043e\u0434\u0430\u0436\u0438 \u0440\u044b\u043d\u043a\u0430 \u0432 \u0440\u0443\u0431] PASSED [  4%]
tools/test_category_control.py::TestClassifyCategory::test_category_detected[\u041e\u0431\u044a\u0451\u043c \u0440\u044b\u043d\u043a\u0430] PASSED [  4%]
tools/test_category_control.py::TestClassifyCategory::test_category_detected[market_sales] PASSED [  4%]
tools/test_category_control.py::TestClassifyCategory::test_category_detected[category_volume] PASSED [  4%]
tools/test_category_control.py::TestClassifyCategory::test_category_detected[\u0421\u043f\u0440\u043e\u0441 \u043a\u0430\u0442\u0435\u0433\u043e\u0440\u0438\u0438 \u0448\u0442] PASSED [  4%]
tools/test_category_control.py::TestClassifyCategory::test_not_category[\u041a\u0430\u0442\u0435\u0433\u043e\u0440\u0438\u044f \u0410-unknown] PASSED [  4%]
tools/test_category_control.py::TestClassifyCategory::test_not_category[\u041a\u0430\u0442\u0435\u0433\u043e\u0440\u0438\u044f \u043a\u0430\u043d\u0430\u043b\u0430-unknown] PASSED [  4%]
tools/test_category_control.py::TestClassifyCategory::test_not_category[\u041a\u0430\u0442\u0435\u0433\u043e\u0440\u0438\u0437\u0430\u0446\u0438\u044f-unknown] PASSED [  4%]
tools/test_category_control.py::TestClassifyCategory::test_not_category[\u041f\u0440\u043e\u0434\u0430\u0436\u0438 \u0432 \u0440\u0443\u0431. \u043a\u043e\u043d\u043a\u0443\u0440\u0435\u043d\u0442\u044b-signed_competitor] PASSED [  4%]
tools/test_category_control.py::TestClassifyCategory::test_not_category[\u041f\u0440\u043e\u0434\u0430\u0436\u0438 \u0432 \u0440\u0443\u0431. \u0431\u0440\u0435\u043d\u0434-unknown] PASSED [  4%]
tools/test_category_control.py::TestClassifyCategory::test_derived_not_category[\u0414\u043e\u043b\u044f \u0440\u044b\u043d\u043a\u0430 \u0432 \u0440\u0443\u0431] PASSED [  4%]
tools/test_category_control.py::TestClassifyCategory::test_derived_not_category[\u0414\u043e\u043b\u044f \u0440\u044b\u043d\u043a\u0430 \u0440\u0443\u0431] PASSED [  4%]
tools/test_category_control.py::TestClassifyCategory::test_derived_not_category[\u0414\u043e\u043b\u044f \u043a\u0430\u0442\u0435\u0433\u043e\u0440\u0438\u0438 \u0432 \u043f\u0440\u043e\u0434\u0430\u0436\u0430\u0445] PASSED [  4%]
tools/test_category_control.py::TestClassifyCategory::test_derived_not_category[Market share value] PASSED [  5%]
tools/test_category_control.py::TestClassifyCategory::test_derived_not_category[SOM \u0432 \u0440\u0443\u0431. \u043a\u0430\u0442\u0435\u0433\u043e\u0440\u0438\u044f] PASSED [  5%]
tools/test_category_control.py::TestClassifyCategory::test_derived_not_category[share of market total] PASSED [  5%]
tools/test_category_control.py::TestClassifyCategory::test_derived_not_category[value share \u043a\u0430\u0442\u0435\u0433\u043e\u0440\u0438\u0438] PASSED [  5%]
tools/test_category_control.py::TestCategorySuggestion::test_suggests_when_competitor_but_no_category PASSED [  5%]
tools/test_category_control.py::TestCategorySuggestion::test_no_suggestion_when_category_present PASSED [  5%]
tools/test_category_control.py::TestCategorySuggestion::test_no_suggestion_without_competitor PASSED [  5%]
tools/test_channel_categorization.py::test_normalize_basic PASSED        [  5%]
tools/test_channel_categorization.py::test_normalize_punctuation PASSED  [  5%]
tools/test_channel_categorization.py::test_brand_strong_match PASSED     [  5%]
tools/test_channel_categorization.py::test_performance_strong_match PASSED [  5%]
tools/test_channel_categorization.py::test_brand_single_hint PASSED      [  5%]
tools/test_channel_categorization.py::test_ambiguous_mixed PASSED        [  5%]
tools/test_channel_categorization.py::test_unknown_no_match PASSED       [  5%]
tools/test_channel_categorization.py::test_empty_name PASSED             [  5%]
tools/test_channel_categorization.py::test_batch_suggestions PASSED      [  5%]
tools/test_channel_categorization.py::test_validate_identifiability_brand_n1_demoted PASSED [  5%]
tools/test_channel_categorization.py::test_validate_identifiability_perf_n1_demoted PASSED [  5%]
tools/test_channel_categorization.py::test_validate_both_groups_ok PASSED [  5%]
tools/test_channel_categorization.py::test_validate_orphans_removed PASSED [  5%]
tools/test_channel_categorization.py::test_validate_missing_NOT_auto_filled PASSED [  5%]
tools/test_channel_categorization.py::test_resolve_per_channel_categories_default PASSED [  5%]
tools/test_channel_categorization.py::test_is_hierarchical_eligible_yes PASSED [  5%]
tools/test_channel_categorization.py::test_is_hierarchical_eligible_no_groups_too_small PASSED [  6%]
tools/test_channel_categorization.py::test_is_hierarchical_eligible_all_mixed PASSED [  6%]
tools/test_channel_categorization.py::test_infer_categories_heuristic_high_confidence PASSED [  6%]
tools/test_channel_categorization.py::test_infer_categories_heuristic_low_confidence_to_mixed PASSED [  6%]
tools/test_channel_categorization.py::test_hints_lists_no_overlap PASSED [  6%]
tools/test_channel_categorization.py::test_validation_set_accuracy PASSED [  6%]
tools/test_chaos_survival.py::test_project_lock_interprocess PASSED      [  6%]
tools/test_client_names_detector_canary.py::test_validator_assigns_expected_role[Digital \u043f\u043e\u043a\u0430\u0437\u044b] PASSED [  6%]
tools/test_client_names_detector_canary.py::test_validator_assigns_expected_role[GMV] PASSED [  6%]
tools/test_client_names_detector_canary.py::test_validator_assigns_expected_role[Leads] PASSED [  6%]
tools/test_client_names_detector_canary.py::test_validator_assigns_expected_role[OLV \u043f\u0440\u043e\u0441\u043c\u043e\u0442\u0440\u044b] PASSED [  6%]
tools/test_client_names_detector_canary.py::test_validator_assigns_expected_role[Performance \u043a\u043b\u0438\u043a\u0438] PASSED [  6%]
tools/test_client_names_detector_canary.py::test_validator_assigns_expected_role[Revenue] PASSED [  6%]
tools/test_client_names_detector_canary.py::test_validator_assigns_expected_role[SOV \u043a\u043e\u043d\u043a\u0443\u0440\u0435\u043d\u0442\u043e\u0432] PASSED [  6%]
tools/test_client_names_detector_canary.py::test_validator_assigns_expected_role[Search clicks] PASSED [  6%]
tools/test_client_names_detector_canary.py::test_validator_assigns_expected_role[TV Spend] PASSED [  6%]
tools/test_client_names_detector_canary.py::test_validator_assigns_expected_role[Week] PASSED [  6%]
tools/test_client_names_detector_canary.py::test_validator_assigns_expected_role[app install] PASSED [  6%]
tools/test_client_names_detector_canary.py::test_validator_assigns_expected_role[app-install] PASSED [  6%]
tools/test_client_names_detector_canary.py::test_validator_assigns_expected_role[consumer price] PASSED [  6%]
tools/test_client_names_detector_canary.py::test_validator_assigns_expected_role[eur rub] PASSED [  6%]
tools/test_client_names_detector_canary.py::test_validator_assigns_expected_role[exchange rate] PASSED [  6%]
tools/test_client_names_detector_canary.py::test_validator_assigns_expected_role[fx rate] PASSED [  6%]
tools/test_client_names_detector_canary.py::test_validator_assigns_expected_role[gdp growth] PASSED [  7%]
tools/test_client_names_detector_canary.py::test_validator_assigns_expected_role[price index] PASSED [  7%]
tools/test_client_names_detector_canary.py::test_validator_assigns_expected_role[sign up] PASSED [  7%]
tools/test_client_names_detector_canary.py::test_validator_assigns_expected_role[sign-up] PASSED [  7%]
tools/test_client_names_detector_canary.py::test_validator_assigns_expected_role[usd rub] PASSED [  7%]
tools/test_client_names_detector_canary.py::test_validator_assigns_expected_role[\u0411\u044e\u0434\u0436\u0435\u0442 \u0422\u0412] PASSED [  7%]
tools/test_client_names_detector_canary.py::test_validator_assigns_expected_role[\u0412\u044b\u0440\u0443\u0447\u043a\u0430] PASSED [  7%]
tools/test_client_names_detector_canary.py::test_validator_assigns_expected_role[\u0414\u0430\u0442\u0430] PASSED [  7%]
tools/test_client_names_detector_canary.py::test_validator_assigns_expected_role[\u0414\u0438\u0441\u0442\u0440\u0438\u0431\u0443\u0446\u0438\u044f] PASSED [  7%]
tools/test_client_names_detector_canary.py::test_validator_assigns_expected_role[\u0417\u0430\u044f\u0432\u043a\u0438] PASSED [  7%]
tools/test_client_names_detector_canary.py::test_validator_assigns_expected_role[\u0418\u043d\u0434\u0435\u043a\u0441 \u0446\u0435\u043d] PASSED [  7%]
tools/test_client_names_detector_canary.py::test_validator_assigns_expected_role[\u0418\u043d\u0444\u043b\u044f\u0446\u0438\u044f] PASSED [  7%]
tools/test_client_names_detector_canary.py::test_validator_assigns_expected_role[\u041a\u043e\u043b\u0438\u0447\u0435\u0441\u0442\u0432\u043e \u0437\u0430\u043a\u0430\u0437\u043e\u0432] PASSED [  7%]
tools/test_client_names_detector_canary.py::test_validator_assigns_expected_role[\u041a\u043e\u043d\u0442\u0435\u043a\u0441\u0442 \u043a\u043b\u0438\u043a\u0438] PASSED [  7%]
tools/test_client_names_detector_canary.py::test_validator_assigns_expected_role[\u041a\u0443\u0440\u0441 \u0434\u043e\u043b\u043b\u0430\u0440\u0430] PASSED [  7%]
tools/test_client_names_detector_canary.py::test_validator_assigns_expected_role[\u041a\u0443\u0440\u0441 \u0435\u0432\u0440\u043e] PASSED [  7%]
tools/test_client_names_detector_canary.py::test_validator_assigns_expected_role[\u041a\u0443\u0440\u0441 \u0440\u0443\u0431\u043b\u044f] PASSED [  7%]
tools/test_client_names_detector_canary.py::test_validator_assigns_expected_role[\u041b\u0438\u0434\u044b] PASSED [  7%]
tools/test_client_names_detector_canary.py::test_validator_assigns_expected_role[\u041c\u0435\u0441\u044f\u0446] PASSED [  7%]
tools/test_client_names_detector_canary.py::test_validator_assigns_expected_role[\u041d\u0430\u0440\u0443\u0436\u043a\u0430 \u043a\u043e\u043d\u0442\u0430\u043a\u0442\u044b] PASSED [  7%]
tools/test_client_names_detector_canary.py::test_validator_assigns_expected_role[\u041f\u0435\u0440\u0438\u043e\u0434] PASSED [  7%]
tools/test_client_names_detector_canary.py::test_validator_assigns_expected_role[\u041f\u043e\u0433\u043e\u0434\u0430] PASSED [  7%]
tools/test_client_names_detector_canary.py::test_validator_assigns_expected_role[\u041f\u0440\u0430\u0437\u0434\u043d\u0438\u043a\u0438] PASSED [  7%]
tools/test_client_names_detector_canary.py::test_validator_assigns_expected_role[\u041f\u0440\u043e\u0434\u0430\u0436\u0438 \u0443\u043f\u0430\u043a\u043e\u0432\u043e\u043a] PASSED [  8%]
tools/test_client_names_detector_canary.py::test_validator_assigns_expected_role[\u041f\u0440\u043e\u0434\u0430\u0436\u0438, \u0440\u0443\u0431] PASSED [  8%]
tools/test_client_names_detector_canary.py::test_validator_assigns_expected_role[\u041f\u0440\u043e\u0434\u0430\u0436\u0438, \u0448\u0442] PASSED [  8%]
tools/test_client_names_detector_canary.py::test_validator_assigns_expected_role[\u0420\u0430\u0434\u0438\u043e GRP] PASSED [  8%]
tools/test_client_names_detector_canary.py::test_validator_assigns_expected_role[\u0421\u0440\u0435\u0434\u043d\u044f\u044f \u0446\u0435\u043d\u0430] PASSED [  8%]
tools/test_client_names_detector_canary.py::test_validator_assigns_expected_role[\u0422\u0412 \u0431\u044e\u0434\u0436\u0435\u0442] PASSED [  8%]
tools/test_client_names_detector_canary.py::test_validator_assigns_expected_role[\u0422\u0412, TRP] PASSED [  8%]
tools/test_client_names_detector_canary.py::test_validator_assigns_expected_role[\u0422\u0435\u043c\u043f\u0435\u0440\u0430\u0442\u0443\u0440\u0430] PASSED [  8%]
tools/test_client_names_detector_canary.py::test_validator_assigns_expected_role[\u0426\u0435\u043d\u0430] PASSED [  8%]
tools/test_client_names_detector_canary.py::test_detectors_not_contradicting[Digital \u043f\u043e\u043a\u0430\u0437\u044b] PASSED [  8%]
tools/test_client_names_detector_canary.py::test_detectors_not_contradicting[GMV] PASSED [  8%]
tools/test_client_names_detector_canary.py::test_detectors_not_contradicting[Leads] PASSED [  8%]
tools/test_client_names_detector_canary.py::test_detectors_not_contradicting[OLV \u043f\u0440\u043e\u0441\u043c\u043e\u0442\u0440\u044b] PASSED [  8%]
tools/test_client_names_detector_canary.py::test_detectors_not_contradicting[Performance \u043a\u043b\u0438\u043a\u0438] PASSED [  8%]
tools/test_client_names_detector_canary.py::test_detectors_not_contradicting[Revenue] PASSED [  8%]
tools/test_client_names_detector_canary.py::test_detectors_not_contradicting[SOV \u043a\u043e\u043d\u043a\u0443\u0440\u0435\u043d\u0442\u043e\u0432] PASSED [  8%]
tools/test_client_names_detector_canary.py::test_detectors_not_contradicting[Search clicks] PASSED [  8%]
tools/test_client_names_detector_canary.py::test_detectors_not_contradicting[TV Spend] PASSED [  8%]
tools/test_client_names_detector_canary.py::test_detectors_not_contradicting[Week] PASSED [  8%]
tools/test_client_names_detector_canary.py::test_detectors_not_contradicting[app install] PASSED [  8%]
tools/test_client_names_detector_canary.py::test_detectors_not_contradicting[app-install] PASSED [  8%]
tools/test_client_names_detector_canary.py::test_detectors_not_contradicting[consumer price] PASSED [  8%]
tools/test_client_names_detector_canary.py::test_detectors_not_contradicting[eur rub] PASSED [  8%]
tools/test_client_names_detector_canary.py::test_detectors_not_contradicting[exchange rate] PASSED [  9%]
tools/test_client_names_detector_canary.py::test_detectors_not_contradicting[fx rate] PASSED [  9%]
tools/test_client_names_detector_canary.py::test_detectors_not_contradicting[gdp growth] PASSED [  9%]
tools/test_client_names_detector_canary.py::test_detectors_not_contradicting[price index] PASSED [  9%]
tools/test_client_names_detector_canary.py::test_detectors_not_contradicting[sign up] PASSED [  9%]
tools/test_client_names_detector_canary.py::test_detectors_not_contradicting[sign-up] PASSED [  9%]
tools/test_client_names_detector_canary.py::test_detectors_not_contradicting[usd rub] PASSED [  9%]
tools/test_client_names_detector_canary.py::test_detectors_not_contradicting[\u0411\u044e\u0434\u0436\u0435\u0442 \u0422\u0412] PASSED [  9%]
tools/test_client_names_detector_canary.py::test_detectors_not_contradicting[\u0412\u044b\u0440\u0443\u0447\u043a\u0430] PASSED [  9%]
tools/test_client_names_detector_canary.py::test_detectors_not_contradicting[\u0414\u0430\u0442\u0430] PASSED [  9%]
tools/test_client_names_detector_canary.py::test_detectors_not_contradicting[\u0414\u0438\u0441\u0442\u0440\u0438\u0431\u0443\u0446\u0438\u044f] PASSED [  9%]
tools/test_client_names_detector_canary.py::test_detectors_not_contradicting[\u0417\u0430\u044f\u0432\u043a\u0438] PASSED [  9%]
tools/test_client_names_detector_canary.py::test_detectors_not_contradicting[\u0418\u043d\u0434\u0435\u043a\u0441 \u0446\u0435\u043d] PASSED [  9%]
tools/test_client_names_detector_canary.py::test_detectors_not_contradicting[\u0418\u043d\u0444\u043b\u044f\u0446\u0438\u044f] PASSED [  9%]
tools/test_client_names_detector_canary.py::test_detectors_not_contradicting[\u041a\u043e\u043b\u0438\u0447\u0435\u0441\u0442\u0432\u043e \u0437\u0430\u043a\u0430\u0437\u043e\u0432] PASSED [  9%]
tools/test_client_names_detector_canary.py::test_detectors_not_contradicting[\u041a\u043e\u043d\u0442\u0435\u043a\u0441\u0442 \u043a\u043b\u0438\u043a\u0438] PASSED [  9%]
tools/test_client_names_detector_canary.py::test_detectors_not_contradicting[\u041a\u0443\u0440\u0441 \u0434\u043e\u043b\u043b\u0430\u0440\u0430] PASSED [  9%]
tools/test_client_names_detector_canary.py::test_detectors_not_contradicting[\u041a\u0443\u0440\u0441 \u0435\u0432\u0440\u043e] PASSED [  9%]
tools/test_client_names_detector_canary.py::test_detectors_not_contradicting[\u041a\u0443\u0440\u0441 \u0440\u0443\u0431\u043b\u044f] PASSED [  9%]
tools/test_client_names_detector_canary.py::test_detectors_not_contradicting[\u041b\u0438\u0434\u044b] PASSED [  9%]
tools/test_client_names_detector_canary.py::test_detectors_not_contradicting[\u041c\u0435\u0441\u044f\u0446] PASSED [  9%]
tools/test_client_names_detector_canary.py::test_detectors_not_contradicting[\u041d\u0430\u0440\u0443\u0436\u043a\u0430 \u043a\u043e\u043d\u0442\u0430\u043a\u0442\u044b] PASSED [  9%]
tools/test_client_names_detector_canary.py::test_detectors_not_contradicting[\u041f\u0435\u0440\u0438\u043e\u0434] PASSED [  9%]
tools/test_client_names_detector_canary.py::test_detectors_not_contradicting[\u041f\u043e\u0433\u043e\u0434\u0430] PASSED [ 10%]
tools/test_client_names_detector_canary.py::test_detectors_not_contradicting[\u041f\u0440\u0430\u0437\u0434\u043d\u0438\u043a\u0438] PASSED [ 10%]
tools/test_client_names_detector_canary.py::test_detectors_not_contradicting[\u041f\u0440\u043e\u0434\u0430\u0436\u0438 \u0443\u043f\u0430\u043a\u043e\u0432\u043e\u043a] PASSED [ 10%]
tools/test_client_names_detector_canary.py::test_detectors_not_contradicting[\u041f\u0440\u043e\u0434\u0430\u0436\u0438, \u0440\u0443\u0431] PASSED [ 10%]
tools/test_client_names_detector_canary.py::test_detectors_not_contradicting[\u041f\u0440\u043e\u0434\u0430\u0436\u0438, \u0448\u0442] PASSED [ 10%]
tools/test_client_names_detector_canary.py::test_detectors_not_contradicting[\u0420\u0430\u0434\u0438\u043e GRP] PASSED [ 10%]
tools/test_client_names_detector_canary.py::test_detectors_not_contradicting[\u0421\u0440\u0435\u0434\u043d\u044f\u044f \u0446\u0435\u043d\u0430] PASSED [ 10%]
tools/test_client_names_detector_canary.py::test_detectors_not_contradicting[\u0422\u0412 \u0431\u044e\u0434\u0436\u0435\u0442] PASSED [ 10%]
tools/test_client_names_detector_canary.py::test_detectors_not_contradicting[\u0422\u0412, TRP] PASSED [ 10%]
tools/test_client_names_detector_canary.py::test_detectors_not_contradicting[\u0422\u0435\u043c\u043f\u0435\u0440\u0430\u0442\u0443\u0440\u0430] PASSED [ 10%]
tools/test_client_names_detector_canary.py::test_detectors_not_contradicting[\u0426\u0435\u043d\u0430] PASSED [ 10%]
tools/test_client_names_detector_canary.py::TestHolidayClientForms::test_validator_gives_control[black_friday] PASSED [ 10%]
tools/test_client_names_detector_canary.py::TestHolidayClientForms::test_validator_gives_control[blackfriday] PASSED [ 10%]
tools/test_client_names_detector_canary.py::TestHolidayClientForms::test_validator_gives_control[\u0447\u0451\u0440\u043d\u0430\u044f_\u043f\u044f\u0442\u043d\u0438\u0446\u0430] PASSED [ 10%]
tools/test_client_names_detector_canary.py::TestHolidayClientForms::test_validator_gives_control[\u0447\u0435\u0440\u043d\u0430\u044f \u043f\u044f\u0442\u043d\u0438\u0446\u0430] PASSED [ 10%]
tools/test_client_names_detector_canary.py::TestHolidayClientForms::test_validator_gives_control[cyber_monday] PASSED [ 10%]
tools/test_client_names_detector_canary.py::TestHolidayClientForms::test_validator_gives_control[back_to_school] PASSED [ 10%]
tools/test_client_names_detector_canary.py::TestHolidayClientForms::test_validator_gives_control[\u0448\u043a\u043e\u043b\u044c\u043d\u044b\u0435_\u043a\u0430\u043d\u0438\u043a\u0443\u043b\u044b] PASSED [ 10%]
tools/test_client_names_detector_canary.py::TestHolidayClientForms::test_validator_gives_control[valentine] PASSED [ 10%]
tools/test_client_names_detector_canary.py::TestHolidayClientForms::test_validator_gives_control[8_\u043c\u0430\u0440\u0442\u0430] PASSED [ 10%]
tools/test_client_names_detector_canary.py::TestHolidayClientForms::test_validator_gives_control[23_\u0444\u0435\u0432\u0440\u0430\u043b\u044f] PASSED [ 10%]
tools/test_client_names_detector_canary.py::TestHolidayClientForms::test_validator_gives_control[14_\u0444\u0435\u0432\u0440\u0430\u043b\u044f] PASSED [ 10%]
tools/test_client_names_detector_canary.py::TestHolidayClientForms::test_validator_gives_control[1_\u0441\u0435\u043d\u0442\u044f\u0431\u0440\u044f] PASSED [ 10%]
tools/test_client_names_detector_canary.py::TestHolidayClientForms::test_validator_gives_control[9_\u043c\u0430\u044f] PASSED [ 11%]
tools/test_client_names_detector_canary.py::TestHolidayClientForms::test_validator_gives_control[\u0434\u0435\u043d\u044c_\u0440\u043e\u0441\u0441\u0438\u0438] PASSED [ 11%]
tools/test_client_names_detector_canary.py::TestHolidayClientForms::test_validator_gives_control[\u0434\u0435\u043d\u044c_\u043f\u043e\u0431\u0435\u0434\u044b] PASSED [ 11%]
tools/test_client_names_detector_canary.py::TestHolidayClientForms::test_validator_gives_control[\u043c\u0430\u0439\u0441\u043a\u0438\u0435_\u043f\u0440\u0430\u0437\u0434\u043d\u0438\u043a\u0438] PASSED [ 11%]
tools/test_client_names_detector_canary.py::TestHolidayClientForms::test_validator_gives_control[4_\u043d\u043e\u044f\u0431\u0440\u044f] PASSED [ 11%]
tools/test_client_names_detector_canary.py::TestHolidayClientForms::test_classify_gives_holiday[black_friday] PASSED [ 11%]
tools/test_client_names_detector_canary.py::TestHolidayClientForms::test_classify_gives_holiday[blackfriday] PASSED [ 11%]
tools/test_client_names_detector_canary.py::TestHolidayClientForms::test_classify_gives_holiday[\u0447\u0451\u0440\u043d\u0430\u044f_\u043f\u044f\u0442\u043d\u0438\u0446\u0430] PASSED [ 11%]
tools/test_client_names_detector_canary.py::TestHolidayClientForms::test_classify_gives_holiday[\u0447\u0435\u0440\u043d\u0430\u044f \u043f\u044f\u0442\u043d\u0438\u0446\u0430] PASSED [ 11%]
tools/test_client_names_detector_canary.py::TestHolidayClientForms::test_classify_gives_holiday[cyber_monday] PASSED [ 11%]
tools/test_client_names_detector_canary.py::TestHolidayClientForms::test_classify_gives_holiday[back_to_school] PASSED [ 11%]
tools/test_client_names_detector_canary.py::TestHolidayClientForms::test_classify_gives_holiday[\u0448\u043a\u043e\u043b\u044c\u043d\u044b\u0435_\u043a\u0430\u043d\u0438\u043a\u0443\u043b\u044b] PASSED [ 11%]
tools/test_client_names_detector_canary.py::TestHolidayClientForms::test_classify_gives_holiday[valentine] PASSED [ 11%]
tools/test_client_names_detector_canary.py::TestHolidayClientForms::test_classify_gives_holiday[8_\u043c\u0430\u0440\u0442\u0430] PASSED [ 11%]
tools/test_client_names_detector_canary.py::TestHolidayClientForms::test_classify_gives_holiday[23_\u0444\u0435\u0432\u0440\u0430\u043b\u044f] PASSED [ 11%]
tools/test_client_names_detector_canary.py::TestHolidayClientForms::test_classify_gives_holiday[14_\u0444\u0435\u0432\u0440\u0430\u043b\u044f] PASSED [ 11%]
tools/test_client_names_detector_canary.py::TestHolidayClientForms::test_classify_gives_holiday[1_\u0441\u0435\u043d\u0442\u044f\u0431\u0440\u044f] PASSED [ 11%]
tools/test_client_names_detector_canary.py::TestHolidayClientForms::test_classify_gives_holiday[9_\u043c\u0430\u044f] PASSED [ 11%]
tools/test_client_names_detector_canary.py::TestHolidayClientForms::test_classify_gives_holiday[\u0434\u0435\u043d\u044c_\u0440\u043e\u0441\u0441\u0438\u0438] PASSED [ 11%]
tools/test_client_names_detector_canary.py::TestHolidayClientForms::test_classify_gives_holiday[\u0434\u0435\u043d\u044c_\u043f\u043e\u0431\u0435\u0434\u044b] PASSED [ 11%]
tools/test_client_names_detector_canary.py::TestHolidayClientForms::test_classify_gives_holiday[\u043c\u0430\u0439\u0441\u043a\u0438\u0435_\u043f\u0440\u0430\u0437\u0434\u043d\u0438\u043a\u0438] PASSED [ 11%]
tools/test_client_names_detector_canary.py::TestHolidayClientForms::test_classify_gives_holiday[4_\u043d\u043e\u044f\u0431\u0440\u044f] PASSED [ 11%]
tools/test_client_names_detector_canary.py::TestHolidayClientForms::test_no_false_holiday[\u0432\u0430\u043b\u0435\u043d\u0442\u0438\u043d\u0430_\u043f\u043b\u0430\u043d] PASSED [ 11%]
tools/test_client_names_detector_canary.py::TestHolidayClientForms::test_no_false_holiday[\u0434\u0435\u043d\u044c_\u043d\u0435\u0434\u0435\u043b\u0438] PASSED [ 12%]
tools/test_client_names_detector_canary.py::TestHolidayClientForms::test_no_false_holiday[friday_traffic] PASSED [ 12%]
tools/test_client_names_detector_canary.py::TestHolidayClientForms::test_no_false_holiday[monday_sales] PASSED [ 12%]
tools/test_client_names_detector_canary.py::TestHolidayClientForms::test_no_false_holiday[\u0448\u043a\u043e\u043b\u0430_\u0442\u0430\u043d\u0446\u0435\u0432] PASSED [ 12%]
tools/test_client_names_detector_canary.py::TestHolidayClientForms::test_no_false_holiday[\u043f\u043e\u0431\u0435\u0434\u0430_\u0431\u0440\u0435\u043d\u0434] PASSED [ 12%]
tools/test_client_names_detector_canary.py::TestHolidayClientForms::test_no_false_holiday[\u0440\u043e\u0441\u0441\u0438\u044f_\u0440\u0435\u0433\u0438\u043e\u043d] PASSED [ 12%]
tools/test_client_names_detector_canary.py::TestHolidayClientForms::test_no_false_holiday[\u0441\u0435\u043d\u0442\u044f\u0431\u0440\u044c_\u043f\u0440\u043e\u0434\u0430\u0436\u0438] PASSED [ 12%]
tools/test_client_names_detector_canary.py::TestUnderscoreMacroPositive::test_macro_is_control[\u043a\u0443\u0440\u0441_\u0434\u043e\u043b\u043b\u0430\u0440\u0430] PASSED [ 12%]
tools/test_client_names_detector_canary.py::TestUnderscoreMacroPositive::test_macro_is_control[\u043a\u0443\u0440\u0441_\u0440\u0443\u0431\u043b\u044f] PASSED [ 12%]
tools/test_client_names_detector_canary.py::TestUnderscoreMacroPositive::test_macro_is_control[usd_rub] PASSED [ 12%]
tools/test_client_names_detector_canary.py::TestUnderscoreMacroPositive::test_macro_is_control[exchange_rate] PASSED [ 12%]
tools/test_client_names_detector_canary.py::TestUnderscoreMacroPositive::test_macro_is_control[cpi] PASSED [ 12%]
tools/test_client_names_detector_canary.py::TestUnderscoreMacroPositive::test_macro_is_control[\u0438\u043d\u0444\u043b\u044f\u0446\u0438\u044f] PASSED [ 12%]
tools/test_client_names_detector_canary.py::TestUnderscoreMacroPositive::test_macro_is_control[\u043a\u0443\u0440\u0441 \u0434\u043e\u043b\u043b\u0430\u0440\u0430] PASSED [ 12%]
tools/test_client_names_detector_canary.py::TestUnderscoreMacroPositive::test_macro_is_control[\u043a\u0443\u0440\u0441 \u0440\u0443\u0431\u043b\u044f] PASSED [ 12%]
tools/test_client_names_detector_canary.py::TestUnderscoreMacroPositive::test_macro_is_control[usd rub] PASSED [ 12%]
tools/test_client_names_detector_canary.py::TestUnderscoreMacroPositive::test_macro_is_control[eur rub] PASSED [ 12%]
tools/test_client_names_detector_canary.py::TestUnderscoreMacroPositive::test_macro_is_control[exchange rate] PASSED [ 12%]
tools/test_client_names_detector_canary.py::TestUnderscoreMacroPositive::test_macro_is_control[fx rate] PASSED [ 12%]
tools/test_client_names_detector_canary.py::TestUnderscoreMacroPositive::test_macro_is_control[\u043a\u0443\u0440\u0441-\u0434\u043e\u043b\u043b\u0430\u0440\u0430] PASSED [ 12%]
tools/test_client_names_detector_canary.py::TestUnderscoreMacroPositive::test_macro_is_control[exchange-rate] PASSED [ 12%]
tools/test_client_names_detector_canary.py::TestUnderscoreMacroPositive::test_price_is_control[price_index] PASSED [ 12%]
tools/test_client_names_detector_canary.py::TestUnderscoreMacroPositive::test_price_is_control[\u0438\u043d\u0434\u0435\u043a\u0441_\u0446\u0435\u043d] PASSED [ 12%]
tools/test_client_names_detector_canary.py::TestUnderscoreMacroPositive::test_price_is_control[unit_price] PASSED [ 13%]
tools/test_client_names_detector_canary.py::TestUnderscoreMacroPositive::test_price_is_control[price index] PASSED [ 13%]
tools/test_client_names_detector_canary.py::TestUnderscoreMacroPositive::test_price_is_control[\u0438\u043d\u0434\u0435\u043a\u0441 \u0446\u0435\u043d] PASSED [ 13%]
tools/test_client_names_detector_canary.py::TestUnderscoreMacroPositive::test_price_is_control[unit price] PASSED [ 13%]
tools/test_client_names_detector_canary.py::TestUnderscoreMacroPositive::test_currency_rate_is_macro_not_media[usd rub] PASSED [ 13%]
tools/test_client_names_detector_canary.py::TestUnderscoreMacroPositive::test_currency_rate_is_macro_not_media[eur rub] PASSED [ 13%]
tools/test_client_names_detector_canary.py::TestUnderscoreMacroPositive::test_currency_rate_is_macro_not_media[usd_rub] PASSED [ 13%]
tools/test_client_names_detector_canary.py::TestSeparatorFlexNoFalsePositive::test_no_false_control_or_kpi[\u0434\u0438\u0441\u043a\u0443\u0440\u0441 \u0431\u0440\u0435\u043d\u0434\u0430] PASSED [ 13%]
tools/test_client_names_detector_canary.py::TestSeparatorFlexNoFalsePositive::test_no_false_control_or_kpi[\u044d\u043a\u0441\u043a\u0443\u0440\u0441\u0438\u044f] PASSED [ 13%]
tools/test_client_names_detector_canary.py::TestSeparatorFlexNoFalsePositive::test_no_false_control_or_kpi[\u0434\u0438\u0441\u043a\u0443\u0440\u0441\u0438\u0432\u043d\u044b\u0439 \u0430\u043d\u0430\u043b\u0438\u0437] PASSED [ 13%]
tools/test_client_names_detector_canary.py::TestSeparatorFlexNoFalsePositive::test_no_false_control_or_kpi[\u044d\u043a\u0441\u043a\u0443\u0440\u0441 \u0432 \u0438\u0441\u0442\u043e\u0440\u0438\u044e] PASSED [ 13%]
tools/test_client_names_detector_canary.py::TestSeparatorFlexNoFalsePositive::test_no_false_control_or_kpi[installment plan] PASSED [ 13%]
tools/test_client_names_detector_canary.py::TestSeparatorFlexNoFalsePositive::test_no_false_control_or_kpi[\u0440\u0430\u0441\u0441\u0440\u043e\u0447\u043a\u0430] PASSED [ 13%]
tools/test_client_names_detector_canary.py::TestSeparatorFlexNoFalsePositive::test_no_false_control_or_kpi[\u0440\u0435\u0438\u043d\u0441\u0442\u0430\u043b\u043b\u044f\u0446\u0438\u044f] PASSED [ 13%]
tools/test_client_names_detector_canary.py::TestSeparatorFlexNoFalsePositive::test_no_false_control_or_kpi[installation art] PASSED [ 13%]
tools/test_client_names_detector_canary.py::TestSeparatorFlexNoFalsePositive::test_no_false_control_or_kpi[usdt \u0431\u0430\u043b\u0430\u043d\u0441] PASSED [ 13%]
tools/test_client_names_detector_canary.py::TestCategoryCompetitorR2::test_classify_category[\u0440\u044b\u043d\u043e\u0447\u043d\u044b\u0435 \u043f\u0440\u043e\u0434\u0430\u0436\u0438] PASSED [ 13%]
tools/test_client_names_detector_canary.py::TestCategoryCompetitorR2::test_classify_category[\u0440\u044b\u043d\u043e\u0447\u043d\u044b\u0445 \u043f\u0440\u043e\u0434\u0430\u0436 \u0440\u0443\u0431] PASSED [ 13%]
tools/test_client_names_detector_canary.py::TestCategoryCompetitorR2::test_classify_category[\u041f\u0440\u043e\u0434\u0430\u0436\u0438 \u043a\u0430\u0442\u0435\u0433\u043e\u0440\u0438\u0438 \u0440\u0443\u0431] PASSED [ 13%]
tools/test_client_names_detector_canary.py::TestCategoryCompetitorR2::test_classify_category[category sales] PASSED [ 13%]
tools/test_client_names_detector_canary.py::TestCategoryCompetitorR2::test_classify_category[market sales value] PASSED [ 13%]
tools/test_client_names_detector_canary.py::TestCategoryCompetitorR2::test_classify_signed_competitor[\u043a\u043e\u043d\u043a\u0443\u0440\u0435\u043d\u0442\u043d\u044b\u0435 \u043f\u0440\u043e\u0434\u0430\u0436\u0438] PASSED [ 13%]
tools/test_client_names_detector_canary.py::TestCategoryCompetitorR2::test_classify_signed_competitor[\u043a\u043e\u043d\u043a\u0443\u0440\u0435\u043d\u0442\u043d\u044b\u0445 \u043f\u0440\u043e\u0434\u0430\u0436 \u0440\u0443\u0431] PASSED [ 13%]
tools/test_client_names_detector_canary.py::TestCategoryCompetitorR2::test_validator_control[\u0440\u044b\u043d\u043e\u0447\u043d\u044b\u0435 \u043f\u0440\u043e\u0434\u0430\u0436\u0438] PASSED [ 14%]
tools/test_client_names_detector_canary.py::TestCategoryCompetitorR2::test_validator_control[\u041f\u0440\u043e\u0434\u0430\u0436\u0438 \u043a\u0430\u0442\u0435\u0433\u043e\u0440\u0438\u0438 \u0440\u0443\u0431] PASSED [ 14%]
tools/test_client_names_detector_canary.py::TestCategoryCompetitorR2::test_validator_control[\u043a\u043e\u043d\u043a\u0443\u0440\u0435\u043d\u0442\u043d\u044b\u0435 \u043f\u0440\u043e\u0434\u0430\u0436\u0438] PASSED [ 14%]
tools/test_client_names_detector_canary.py::TestCategoryCompetitorR2::test_no_false_category[\u0440\u044b\u043d\u043e\u0447\u043d\u0430\u044f \u0446\u0435\u043d\u0430-signed_price] PASSED [ 14%]
tools/test_client_names_detector_canary.py::TestCategoryCompetitorR2::test_no_false_category[OOH \u041a\u043e\u043d\u0442\u0430\u043a\u0442\u044b-physical] PASSED [ 14%]
tools/test_client_names_detector_canary.py::TestCategoryCompetitorR2::test_no_false_category[\u043d\u0430\u0440\u0443\u0436\u043a\u0430 \u043a\u043e\u043d\u0442\u0430\u043a\u0442\u044b-physical] PASSED [ 14%]
tools/test_client_names_detector_canary.py::TestCategoryCompetitorR2::test_no_false_competitor_competitiveness PASSED [ 14%]
tools/test_client_names_detector_canary.py::TestCategoryCompetitorR2::test_ooh_contacts_is_physical_not_competitor[\u043d\u0430\u0440\u0443\u0436\u043a\u0430 \u043a\u043e\u043d\u0442\u0430\u043a\u0442\u044b] PASSED [ 14%]
tools/test_client_names_detector_canary.py::TestCategoryCompetitorR2::test_ooh_contacts_is_physical_not_competitor[OOH \u041a\u043e\u043d\u0442\u0430\u043a\u0442\u044b] PASSED [ 14%]
tools/test_collapse_top_groups.py::test_identity_collapsed_equals_original PASSED [ 14%]
tools/test_collapse_top_groups.py::test_four_groups_in_canonical_order PASSED [ 14%]
tools/test_collapse_top_groups.py::test_base_aggregate_values PASSED     [ 14%]
tools/test_collapse_top_groups.py::test_side_by_group_sign PASSED        [ 14%]
tools/test_collapse_top_groups.py::test_empty_and_missing_top_group PASSED [ 14%]
tools/test_collapse_top_groups.py::test_ragged_lengths_padded PASSED     [ 14%]
tools/test_collapse_top_groups.py::test_identity_on_real_decompose SKIPPED [ 14%]
tools/test_column_detection.py::test_classify_russian_budget PASSED      [ 14%]
tools/test_column_detection.py::test_classify_russian_impressions PASSED [ 14%]
tools/test_column_detection.py::test_classify_russian_grp PASSED         [ 14%]
tools/test_column_detection.py::test_classify_russian_clicks PASSED      [ 14%]
tools/test_column_detection.py::test_classify_english_budget PASSED      [ 14%]
tools/test_column_detection.py::test_classify_english_impressions PASSED [ 14%]
tools/test_column_detection.py::test_classify_english_clicks PASSED      [ 14%]
tools/test_column_detection.py::test_classify_english_grp PASSED         [ 15%]
tools/test_column_detection.py::test_classify_sales_rub_as_target_monetary PASSED [ 15%]
tools/test_column_detection.py::test_classify_sales_packs_as_target_count PASSED [ 15%]
tools/test_column_detection.py::test_classify_leads_as_target_count PASSED [ 15%]
tools/test_column_detection.py::test_classify_registrations_as_target_count PASSED [ 15%]
tools/test_column_detection.py::test_classify_subscriptions_as_target_count PASSED [ 15%]
tools/test_column_detection.py::test_classify_date_columns PASSED        [ 15%]
tools/test_column_detection.py::test_classify_unknown_column PASSED      [ 15%]
tools/test_column_detection.py::test_classify_columns_batch PASSED       [ 15%]
tools/test_column_detection.py::test_detect_metrics_for_tv_with_both PASSED [ 15%]
tools/test_column_detection.py::test_detect_metrics_for_olv_physical_only PASSED [ 15%]
tools/test_column_detection.py::test_detect_metrics_for_channel_no_columns PASSED [ 15%]
tools/test_column_detection.py::test_ambiguous_when_tv_has_both PASSED   [ 15%]
tools/test_column_detection.py::test_not_ambiguous_when_all_single_metric PASSED [ 15%]
tools/test_column_detection.py::test_suggest_defaults_mixed PASSED       [ 15%]
tools/test_column_detection.py::test_suggest_defaults_monetary_preferred_when_both_available PASSED [ 15%]
tools/test_column_detection.py::test_suggest_defaults_fallback_when_nothing PASSED [ 15%]
tools/test_column_detection_v2.py::TestTargetMonetary::test_sales_rub_variants[sales_rub] PASSED [ 15%]
tools/test_column_detection_v2.py::TestTargetMonetary::test_sales_rub_variants[sales_rub_total] PASSED [ 15%]
tools/test_column_detection_v2.py::TestTargetMonetary::test_sales_rub_variants[sales_rub_adjusted] PASSED [ 15%]
tools/test_column_detection_v2.py::TestTargetMonetary::test_sales_rub_variants[product_sales_rub] PASSED [ 15%]
tools/test_column_detection_v2.py::TestTargetMonetary::test_sales_rub_variants[sales_rub_week2] PASSED [ 15%]
tools/test_column_detection_v2.py::TestTargetMonetary::test_revenue_variants[revenue] PASSED [ 15%]
tools/test_column_detection_v2.py::TestTargetMonetary::test_revenue_variants[revenue_total] PASSED [ 16%]
tools/test_column_detection_v2.py::TestTargetMonetary::test_revenue_variants[gross_revenue] PASSED [ 16%]
tools/test_column_detection_v2.py::TestTargetMonetary::test_revenue_variants[sales_revenue] PASSED [ 16%]
tools/test_column_detection_v2.py::TestTargetMonetary::test_revenue_variants[total_revenue_rub] PASSED [ 16%]
tools/test_column_detection_v2.py::TestTargetMonetary::test_profit_variants[profit] PASSED [ 16%]
tools/test_column_detection_v2.py::TestTargetMonetary::test_profit_variants[profit_total] PASSED [ 16%]
tools/test_column_detection_v2.py::TestTargetMonetary::test_profit_variants[net_profit] PASSED [ 16%]
tools/test_column_detection_v2.py::TestTargetMonetary::test_profit_variants[profit_monthly] PASSED [ 16%]
tools/test_column_detection_v2.py::TestTargetMonetary::test_profit_variants[brand_profit] PASSED [ 16%]
tools/test_column_detection_v2.py::TestTargetMonetary::test_ru_monetary_targets[\u0432\u044b\u0440\u0443\u0447\u043a\u0430] PASSED [ 16%]
tools/test_column_detection_v2.py::TestTargetMonetary::test_ru_monetary_targets[\u0432\u044b\u0440\u0443\u0447\u043a\u0438_\u0438\u0442\u043e\u0433\u043e] PASSED [ 16%]
tools/test_column_detection_v2.py::TestTargetMonetary::test_ru_monetary_targets[\u043f\u0440\u043e\u0434\u0430\u0436\u0438_\u0440\u0443\u0431] PASSED [ 16%]
tools/test_column_detection_v2.py::TestTargetMonetary::test_ru_monetary_targets[\u043e\u0431\u043e\u0440\u043e\u0442] PASSED [ 16%]
tools/test_column_detection_v2.py::TestTargetMonetary::test_ru_monetary_targets[\u043f\u0440\u043e\u0434\u0430\u0436\u0438_money] PASSED [ 16%]
tools/test_column_detection_v2.py::TestTargetMonetary::test_bare_sales_monetary[sales] PASSED [ 16%]
tools/test_column_detection_v2.py::TestTargetMonetary::test_bare_sales_monetary[sales_total] PASSED [ 16%]
tools/test_column_detection_v2.py::TestTargetMonetary::test_bare_sales_monetary[brand_sales] PASSED [ 16%]
tools/test_column_detection_v2.py::TestTargetMonetary::test_bare_sales_monetary[weekly_sales] PASSED [ 16%]
tools/test_column_detection_v2.py::TestTargetMonetary::test_bare_sales_monetary[sales_q1] PASSED [ 16%]
tools/test_column_detection_v2.py::TestTargetCount::test_sales_packs_variants[sales_packs] PASSED [ 16%]
tools/test_column_detection_v2.py::TestTargetCount::test_sales_packs_variants[sales_pack] PASSED [ 16%]
tools/test_column_detection_v2.py::TestTargetCount::test_sales_packs_variants[sales_units] PASSED [ 16%]
tools/test_column_detection_v2.py::TestTargetCount::test_sales_packs_variants[sales_unit] PASSED [ 16%]
tools/test_column_detection_v2.py::TestTargetCount::test_sales_packs_variants[sales_volume] PASSED [ 17%]
tools/test_column_detection_v2.py::TestTargetCount::test_sales_packs_alt_names[units_sold] PASSED [ 17%]
tools/test_column_detection_v2.py::TestTargetCount::test_sales_packs_alt_names[pack_sold] PASSED [ 17%]
tools/test_column_detection_v2.py::TestTargetCount::test_sales_packs_alt_names[\u043f\u0440\u043e\u0434\u0430\u0436\u0438_\u0448\u0442] PASSED [ 17%]
tools/test_column_detection_v2.py::TestTargetCount::test_sales_packs_alt_names[\u043f\u0440\u043e\u0434\u0430\u0436\u0438_\u0443\u043f\u0430\u043a] PASSED [ 17%]
tools/test_column_detection_v2.py::TestTargetCount::test_sales_packs_alt_names[packs_sold] PASSED [ 17%]
tools/test_column_detection_v2.py::TestTargetCount::test_leads_variants[leads] PASSED [ 17%]
tools/test_column_detection_v2.py::TestTargetCount::test_leads_variants[lead] PASSED [ 17%]
tools/test_column_detection_v2.py::TestTargetCount::test_leads_variants[qualified_leads] PASSED [ 17%]
tools/test_column_detection_v2.py::TestTargetCount::test_leads_variants[leads_total] PASSED [ 17%]
tools/test_column_detection_v2.py::TestTargetCount::test_leads_variants[\u043b\u0438\u0434\u044b] PASSED [ 17%]
tools/test_column_detection_v2.py::TestTargetCount::test_registrations_variants[registrations] PASSED [ 17%]
tools/test_column_detection_v2.py::TestTargetCount::test_registrations_variants[registration] PASSED [ 17%]
tools/test_column_detection_v2.py::TestTargetCount::test_registrations_variants[signups] PASSED [ 17%]
tools/test_column_detection_v2.py::TestTargetCount::test_registrations_variants[sign_ups] PASSED [ 17%]
tools/test_column_detection_v2.py::TestTargetCount::test_registrations_variants[\u0440\u0435\u0433\u0438\u0441\u0442\u0440\u0430\u0446\u0438\u0438] PASSED [ 17%]
tools/test_column_detection_v2.py::TestTargetCount::test_subscriptions_variants[subscriptions] PASSED [ 17%]
tools/test_column_detection_v2.py::TestTargetCount::test_subscriptions_variants[subscription] PASSED [ 17%]
tools/test_column_detection_v2.py::TestTargetCount::test_subscriptions_variants[subs] PASSED [ 17%]
tools/test_column_detection_v2.py::TestTargetCount::test_subscriptions_variants[mrr_subs] PASSED [ 17%]
tools/test_column_detection_v2.py::TestTargetCount::test_subscriptions_variants[\u043f\u043e\u0434\u043f\u0438\u0441\u043a\u0438] PASSED [ 17%]
tools/test_column_detection_v2.py::TestTargetCount::test_applications_variants[applications] PASSED [ 17%]
tools/test_column_detection_v2.py::TestTargetCount::test_applications_variants[application] PASSED [ 17%]
tools/test_column_detection_v2.py::TestTargetCount::test_applications_variants[\u0437\u0430\u044f\u0432\u043a\u0438] PASSED [ 18%]
tools/test_column_detection_v2.py::TestTargetCount::test_applications_variants[\u0437\u0430\u044f\u0432\u043a\u0430] PASSED [ 18%]
tools/test_column_detection_v2.py::TestTargetCount::test_applications_variants[\u0437\u0430\u044f\u0432\u043b\u0435\u043d\u0438\u044f] PASSED [ 18%]
tools/test_column_detection_v2.py::TestTargetCount::test_bookings_variants[bookings] PASSED [ 18%]
tools/test_column_detection_v2.py::TestTargetCount::test_bookings_variants[booking] PASSED [ 18%]
tools/test_column_detection_v2.py::TestTargetCount::test_bookings_variants[reservations] PASSED [ 18%]
tools/test_column_detection_v2.py::TestTargetCount::test_bookings_variants[reservation] PASSED [ 18%]
tools/test_column_detection_v2.py::TestTargetCount::test_bookings_variants[\u0431\u0440\u043e\u043d\u0438\u0440\u043e\u0432\u0430\u043d\u0438\u044f] PASSED [ 18%]
tools/test_column_detection_v2.py::TestTargetCount::test_transactions_variants[transactions] PASSED [ 18%]
tools/test_column_detection_v2.py::TestTargetCount::test_transactions_variants[transaction] PASSED [ 18%]
tools/test_column_detection_v2.py::TestTargetCount::test_transactions_variants[purchases] PASSED [ 18%]
tools/test_column_detection_v2.py::TestTargetCount::test_transactions_variants[\u0442\u0440\u0430\u043d\u0437\u0430\u043a\u0446\u0438\u0438] PASSED [ 18%]
tools/test_column_detection_v2.py::TestTargetCount::test_transactions_variants[\u043f\u043e\u043a\u0443\u043f\u043a\u0438] PASSED [ 18%]
tools/test_column_detection_v2.py::TestTargetCount::test_traffic_variants[traffic] PASSED [ 18%]
tools/test_column_detection_v2.py::TestTargetCount::test_traffic_variants[\u0442\u0440\u0430\u0444\u0438\u043a_\u043c\u0430\u0433\u0430\u0437\u0438\u043d] PASSED [ 18%]
tools/test_column_detection_v2.py::TestTargetCount::test_traffic_variants[visitors] PASSED [ 18%]
tools/test_column_detection_v2.py::TestTargetCount::test_traffic_variants[\u043f\u043e\u0441\u0435\u0442\u0438\u0442\u0435\u043b\u0438] PASSED [ 18%]
tools/test_column_detection_v2.py::TestTargetCount::test_traffic_variants[checkout] PASSED [ 18%]
tools/test_column_detection_v2.py::TestTargetCount::test_loyalty_cards_variants[loyalty_cards] PASSED [ 18%]
tools/test_column_detection_v2.py::TestTargetCount::test_loyalty_cards_variants[loyalty_card] PASSED [ 18%]
tools/test_column_detection_v2.py::TestTargetCount::test_loyalty_cards_variants[cards_issued] PASSED [ 18%]
tools/test_column_detection_v2.py::TestTargetCount::test_loyalty_cards_variants[cards_loyalty] PASSED [ 18%]
tools/test_column_detection_v2.py::TestTargetCount::test_loyalty_cards_variants[\u043a\u0430\u0440\u0442\u044b_\u043b\u043e\u044f\u043b\u044c\u043d\u043e\u0441\u0442\u0438] PASSED [ 18%]
tools/test_column_detection_v2.py::TestTargetCount::test_app_installs_variants[app_installs] PASSED [ 19%]
tools/test_column_detection_v2.py::TestTargetCount::test_app_installs_variants[app_install] PASSED [ 19%]
tools/test_column_detection_v2.py::TestTargetCount::test_app_installs_variants[installs] PASSED [ 19%]
tools/test_column_detection_v2.py::TestTargetCount::test_app_installs_variants[downloads] PASSED [ 19%]
tools/test_column_detection_v2.py::TestTargetCount::test_app_installs_variants[\u0443\u0441\u0442\u0430\u043d\u043e\u0432\u043a\u0438] PASSED [ 19%]
tools/test_column_detection_v2.py::TestTargetCount::test_orders_variants[orders] PASSED [ 19%]
tools/test_column_detection_v2.py::TestTargetCount::test_orders_variants[\u0437\u0430\u043a\u0430\u0437\u044b] PASSED [ 19%]
tools/test_column_detection_v2.py::TestTargetCount::test_orders_variants[\u0437\u0430\u043a\u0430\u0437\u0430] PASSED [ 19%]
tools/test_column_detection_v2.py::TestTargetCount::test_orders_variants[\u0437\u0430\u043a\u0430\u0437\u043e\u0432] PASSED [ 19%]
tools/test_column_detection_v2.py::TestTargetCount::test_orders_variants[purchases] PASSED [ 19%]
tools/test_column_detection_v2.py::TestTargetCount::test_checks_variants[\u0447\u0435\u043a\u0438] PASSED [ 19%]
tools/test_column_detection_v2.py::TestTargetCount::test_checks_variants[\u0447\u0435\u043a\u043e\u0432] PASSED [ 19%]
tools/test_column_detection_v2.py::TestTargetCount::test_checks_variants[checks] PASSED [ 19%]
tools/test_column_detection_v2.py::TestTargetCount::test_checks_variants[checkout] PASSED [ 19%]
tools/test_column_detection_v2.py::TestTargetCount::test_checks_variants[\u0447\u0435\u043a\u0430] PASSED [ 19%]
tools/test_column_detection_v2.py::TestTargetCount::test_custom_count_variants[\u0430\u043a\u0442\u0438\u0432\u0430\u0446\u0438\u0438] PASSED [ 19%]
tools/test_column_detection_v2.py::TestTargetCount::test_custom_count_variants[\u0430\u043a\u0442\u0438\u0432\u0430\u0446\u0438\u044f] PASSED [ 19%]
tools/test_column_detection_v2.py::TestTargetCount::test_custom_count_variants[signup] PASSED [ 19%]
tools/test_column_detection_v2.py::TestTargetCount::test_custom_count_variants[mrr_units] PASSED [ 19%]
tools/test_column_detection_v2.py::TestTargetCount::test_custom_count_variants[\u0437\u0430\u0433\u0440\u0443\u0437\u043a\u0438] PASSED [ 19%]
tools/test_column_detection_v2.py::TestSignedControls::test_competitor_variants[competitor_trp] PASSED [ 19%]
tools/test_column_detection_v2.py::TestSignedControls::test_competitor_variants[comp_spend] PASSED [ 19%]
tools/test_column_detection_v2.py::TestSignedControls::test_competitor_variants[share_of_voice_competitors] PASSED [ 20%]
tools/test_column_detection_v2.py::TestSignedControls::test_competitor_variants[\u043a\u043e\u043d\u043a\u0443\u0440\u0435\u043d\u0442_\u043f\u043e\u043a\u0430\u0437\u044b] PASSED [ 20%]
tools/test_column_detection_v2.py::TestSignedControls::test_competitor_variants[svok] PASSED [ 20%]
tools/test_column_detection_v2.py::TestSignedControls::test_competitor_alt_names[competitors] PASSED [ 20%]
tools/test_column_detection_v2.py::TestSignedControls::test_competitor_alt_names[competitor] PASSED [ 20%]
tools/test_column_detection_v2.py::TestSignedControls::test_competitor_alt_names[comp_trp] PASSED [ 20%]
tools/test_column_detection_v2.py::TestSignedControls::test_competitor_alt_names[sov_competitors] PASSED [ 20%]
tools/test_column_detection_v2.py::TestSignedControls::test_competitor_alt_names[\u043a\u043e\u043d\u043a\u0443\u0440\u0435\u043d\u0442\u044b] PASSED [ 20%]
tools/test_column_detection_v2.py::TestSignedControls::test_price_variants[price_avg] PASSED [ 20%]
tools/test_column_detection_v2.py::TestSignedControls::test_price_variants[avg_price] PASSED [ 20%]
tools/test_column_detection_v2.py::TestSignedControls::test_price_variants[\u0446\u0435\u043d\u0430] PASSED [ 20%]
tools/test_column_detection_v2.py::TestSignedControls::test_price_variants[\u0438\u043d\u0434\u0435\u043a\u0441_\u0446\u0435\u043d] PASSED [ 20%]
tools/test_column_detection_v2.py::TestSignedControls::test_price_variants[price_index] PASSED [ 20%]
tools/test_column_detection_v2.py::TestSignedControls::test_price_alt_names[price] PASSED [ 20%]
tools/test_column_detection_v2.py::TestSignedControls::test_price_alt_names[unit_price] PASSED [ 20%]
tools/test_column_detection_v2.py::TestSignedControls::test_price_alt_names[mean_price] PASSED [ 20%]
tools/test_column_detection_v2.py::TestSignedControls::test_price_alt_names[price_average] PASSED [ 20%]
tools/test_column_detection_v2.py::TestSignedControls::test_price_alt_names[\u0446\u0435\u043d\u044b] PASSED [ 20%]
tools/test_column_detection_v2.py::TestSignedControls::test_weather_variants[temp_avg] PASSED [ 20%]
tools/test_column_detection_v2.py::TestSignedControls::test_weather_variants[weather] PASSED [ 20%]
tools/test_column_detection_v2.py::TestSignedControls::test_weather_variants[humidity] PASSED [ 20%]
tools/test_column_detection_v2.py::TestSignedControls::test_weather_variants[\u043e\u0441\u0430\u0434\u043a\u0438] PASSED [ 20%]
tools/test_column_detection_v2.py::TestSignedControls::test_weather_variants[\u0442\u0435\u043c\u043f\u0435\u0440\u0430\u0442\u0443\u0440\u0430] PASSED [ 20%]
tools/test_column_detection_v2.py::TestSignedControls::test_weather_alt_names[temp] PASSED [ 21%]
tools/test_column_detection_v2.py::TestSignedControls::test_weather_alt_names[temperature] PASSED [ 21%]
tools/test_column_detection_v2.py::TestSignedControls::test_weather_alt_names[precipitation] PASSED [ 21%]
tools/test_column_detection_v2.py::TestSignedControls::test_weather_alt_names[snowfall] PASSED [ 21%]
tools/test_column_detection_v2.py::TestSignedControls::test_weather_alt_names[\u043f\u043e\u0433\u043e\u0434\u0430] PASSED [ 21%]
tools/test_column_detection_v2.py::TestSignedControls::test_macro_variants[cpi] PASSED [ 21%]
tools/test_column_detection_v2.py::TestSignedControls::test_macro_variants[gdp] PASSED [ 21%]
tools/test_column_detection_v2.py::TestSignedControls::test_macro_variants[fx_rate] PASSED [ 21%]
tools/test_column_detection_v2.py::TestSignedControls::test_macro_variants[\u0438\u043f\u0446] PASSED [ 21%]
tools/test_column_detection_v2.py::TestSignedControls::test_macro_variants[\u0432\u0432\u043f] PASSED [ 21%]
tools/test_column_detection_v2.py::TestSignedControls::test_macro_alt_names[inflation] PASSED [ 21%]
tools/test_column_detection_v2.py::TestSignedControls::test_macro_alt_names[gdp_growth] PASSED [ 21%]
tools/test_column_detection_v2.py::TestSignedControls::test_macro_alt_names[exchange_rate] PASSED [ 21%]
tools/test_column_detection_v2.py::TestSignedControls::test_macro_alt_names[usd_rub] PASSED [ 21%]
tools/test_column_detection_v2.py::TestSignedControls::test_macro_alt_names[\u043a\u0443\u0440\u0441_\u0440\u0443\u0431\u043b\u044f] PASSED [ 21%]
tools/test_column_detection_v2.py::TestHolidayDetection::test_holiday_basic_variants[holiday_newyear] PASSED [ 21%]
tools/test_column_detection_v2.py::TestHolidayDetection::test_holiday_basic_variants[holiday_march8] PASSED [ 21%]
tools/test_column_detection_v2.py::TestHolidayDetection::test_holiday_basic_variants[\u043f\u0440\u0430\u0437\u0434\u043d\u0438\u043a] PASSED [ 21%]
tools/test_column_detection_v2.py::TestHolidayDetection::test_holiday_basic_variants[8_\u043c\u0430\u0440\u0442\u0430] PASSED [ 21%]
tools/test_column_detection_v2.py::TestHolidayDetection::test_holiday_basic_variants[\u043d\u043e\u0432\u044b\u0439_\u0433\u043e\u0434] PASSED [ 21%]
tools/test_column_detection_v2.py::TestHolidayDetection::test_holiday_generic_variants[holiday] PASSED [ 21%]
tools/test_column_detection_v2.py::TestHolidayDetection::test_holiday_generic_variants[holidays] PASSED [ 21%]
tools/test_column_detection_v2.py::TestHolidayDetection::test_holiday_generic_variants[event] PASSED [ 21%]
tools/test_column_detection_v2.py::TestHolidayDetection::test_holiday_generic_variants[events] PASSED [ 22%]
tools/test_column_detection_v2.py::TestHolidayDetection::test_holiday_generic_variants[\u043f\u0440\u0430\u0437\u0434\u043d\u0438\u043a\u0438] PASSED [ 22%]
tools/test_column_detection_v2.py::TestHolidayDetection::test_holiday_specific_names[holiday_christmas] PASSED [ 22%]
tools/test_column_detection_v2.py::TestHolidayDetection::test_holiday_specific_names[holiday_black_friday] PASSED [ 22%]
tools/test_column_detection_v2.py::TestHolidayDetection::test_holiday_specific_names[holiday_defender] PASSED [ 22%]
tools/test_column_detection_v2.py::TestHolidayDetection::test_holiday_specific_names[holiday_russia] PASSED [ 22%]
tools/test_column_detection_v2.py::TestHolidayDetection::test_holiday_specific_names[holiday_unity] PASSED [ 22%]
tools/test_column_detection_v2.py::TestHolidayDetection::test_holiday_ru_variants[\u0432\u044b\u0445\u043e\u0434\u043d\u044b\u0435] PASSED [ 22%]
tools/test_column_detection_v2.py::TestHolidayDetection::test_holiday_ru_variants[\u043a\u0430\u043d\u0438\u043a\u0443\u043b\u044b] PASSED [ 22%]
tools/test_column_detection_v2.py::TestHolidayDetection::test_holiday_ru_variants[\u043d\u0433_\u0430\u043a\u0442\u0438\u0432\u043d\u043e\u0441\u0442\u044c] PASSED [ 22%]
tools/test_column_detection_v2.py::TestHolidayDetection::test_holiday_ru_variants[\u043d\u0433] PASSED [ 22%]
tools/test_column_detection_v2.py::TestHolidayDetection::test_holiday_ru_variants[23_\u0444\u0435\u0432\u0440\u0430\u043b\u044f] PASSED [ 22%]
tools/test_column_detection_v2.py::TestHolidayDetection::test_holiday_seasonal_variants[holiday_school_break] PASSED [ 22%]
tools/test_column_detection_v2.py::TestHolidayDetection::test_holiday_seasonal_variants[holiday_back_to_school] PASSED [ 22%]
tools/test_column_detection_v2.py::TestHolidayDetection::test_holiday_seasonal_variants[holiday_summer_break] PASSED [ 22%]
tools/test_column_detection_v2.py::TestHolidayDetection::test_holiday_seasonal_variants[event_marker] PASSED [ 22%]
tools/test_column_detection_v2.py::TestHolidayDetection::test_holiday_seasonal_variants[9_\u043c\u0430\u044f] PASSED [ 22%]
tools/test_column_detection_v2.py::TestMediaFormats::test_tv_format[tv_brand_spend] PASSED [ 22%]
tools/test_column_detection_v2.py::TestMediaFormats::test_tv_format[tv_spend] PASSED [ 22%]
tools/test_column_detection_v2.py::TestMediaFormats::test_tv_format[\u0442\u0432_\u0431\u044e\u0434\u0436\u0435\u0442] PASSED [ 22%]
tools/test_column_detection_v2.py::TestMediaFormats::test_tv_format[bcast_spend] PASSED [ 22%]
tools/test_column_detection_v2.py::TestMediaFormats::test_tv_format[broadcast_costs] PASSED [ 22%]
tools/test_column_detection_v2.py::TestMediaFormats::test_digital_format[digital_spend] PASSED [ 22%]
tools/test_column_detection_v2.py::TestMediaFormats::test_digital_format[display_spend] PASSED [ 23%]
tools/test_column_detection_v2.py::TestMediaFormats::test_digital_format[banner_spend] PASSED [ 23%]
tools/test_column_detection_v2.py::TestMediaFormats::test_digital_format[\u0446\u0438\u0444\u0440\u043e\u0432_\u0431\u044e\u0434\u0436\u0435\u0442] PASSED [ 23%]
tools/test_column_detection_v2.py::TestMediaFormats::test_digital_format[digital_impressions] PASSED [ 23%]
tools/test_column_detection_v2.py::TestMediaFormats::test_olv_format[olv_spend] PASSED [ 23%]
tools/test_column_detection_v2.py::TestMediaFormats::test_olv_format[online_video_budget] PASSED [ 23%]
tools/test_column_detection_v2.py::TestMediaFormats::test_olv_format[pre_roll_views] PASSED [ 23%]
tools/test_column_detection_v2.py::TestMediaFormats::test_olv_format[mid_roll_impressions] PASSED [ 23%]
tools/test_column_detection_v2.py::TestMediaFormats::test_olv_format[youtube_video_spend] PASSED [ 23%]
tools/test_column_detection_v2.py::TestMediaFormats::test_performance_format[performance_spend] PASSED [ 23%]
tools/test_column_detection_v2.py::TestMediaFormats::test_performance_format[search_spend] PASSED [ 23%]
tools/test_column_detection_v2.py::TestMediaFormats::test_performance_format[ppc_budget] PASSED [ 23%]
tools/test_column_detection_v2.py::TestMediaFormats::test_performance_format[\u044f\u043d\u0434\u0435\u043a\u0441_\u0434\u0438\u0440\u0435\u043a\u0442_spend] PASSED [ 23%]
tools/test_column_detection_v2.py::TestMediaFormats::test_performance_format[\u043a\u043e\u043d\u0442\u0435\u043a\u0441\u0442_\u0431\u044e\u0434\u0436\u0435\u0442] PASSED [ 23%]
tools/test_column_detection_v2.py::TestMediaFormats::test_social_format[social_spend] PASSED [ 23%]
tools/test_column_detection_v2.py::TestMediaFormats::test_social_format[smm_budget] PASSED [ 23%]
tools/test_column_detection_v2.py::TestMediaFormats::test_social_format[vk_spend] PASSED [ 23%]
tools/test_column_detection_v2.py::TestMediaFormats::test_social_format[instagram_budget] PASSED [ 23%]
tools/test_column_detection_v2.py::TestMediaFormats::test_social_format[tiktok_spend] PASSED [ 23%]
tools/test_column_detection_v2.py::TestMediaFormats::test_ooh_format[ooh_spend] PASSED [ 23%]
tools/test_column_detection_v2.py::TestMediaFormats::test_ooh_format[outdoor_budget] PASSED [ 23%]
tools/test_column_detection_v2.py::TestMediaFormats::test_ooh_format[\u043d\u0430\u0440\u0443\u0436\u043d_\u0431\u044e\u0434\u0436\u0435\u0442] PASSED [ 23%]
tools/test_column_detection_v2.py::TestMediaFormats::test_ooh_format[billboard_spend] PASSED [ 23%]
tools/test_column_detection_v2.py::TestMediaFormats::test_ooh_format[\u0431\u0438\u043b\u043b\u0431\u043e\u0440\u0434_spend] PASSED [ 24%]
tools/test_column_detection_v2.py::TestMediaFormats::test_print_format[print_spend] PASSED [ 24%]
tools/test_column_detection_v2.py::TestMediaFormats::test_print_format[magazine_budget] PASSED [ 24%]
tools/test_column_detection_v2.py::TestMediaFormats::test_print_format[newspaper_spend] PASSED [ 24%]
tools/test_column_detection_v2.py::TestMediaFormats::test_print_format[\u0436\u0443\u0440\u043d\u0430\u043b_\u0431\u044e\u0434\u0436\u0435\u0442] PASSED [ 24%]
tools/test_column_detection_v2.py::TestMediaFormats::test_print_format[\u0433\u0430\u0437\u0435\u0442_spend] PASSED [ 24%]
tools/test_column_detection_v2.py::TestMediaFormats::test_radio_format[radio_spend] PASSED [ 24%]
tools/test_column_detection_v2.py::TestMediaFormats::test_radio_format[radio_budget] PASSED [ 24%]
tools/test_column_detection_v2.py::TestMediaFormats::test_radio_format[\u0440\u0430\u0434\u0438\u043e_spend] PASSED [ 24%]
tools/test_column_detection_v2.py::TestMediaFormats::test_radio_format[radio_impressions] PASSED [ 24%]
tools/test_column_detection_v2.py::TestMediaFormats::test_radio_format[\u0440\u0430\u0434\u0438\u043e_\u0431\u044e\u0434\u0436\u0435\u0442] PASSED [ 24%]
tools/test_column_detection_v2.py::TestMediaFormats::test_cinema_format[cinema_spend] PASSED [ 24%]
tools/test_column_detection_v2.py::TestMediaFormats::test_cinema_format[\u043a\u0438\u043d\u043e\u0442\u0435\u0430\u0442\u0440_spend] PASSED [ 24%]
tools/test_column_detection_v2.py::TestMediaFormats::test_cinema_format[\u043a\u0438\u043d\u043e_budget] PASSED [ 24%]
tools/test_column_detection_v2.py::TestMediaFormats::test_cinema_format[cinema_impressions] PASSED [ 24%]
tools/test_column_detection_v2.py::TestMediaFormats::test_cinema_format[cinema_budget] PASSED [ 24%]
tools/test_column_detection_v2.py::TestMediaFormats::test_aptechi_ooh_format[\u0430\u043f\u0442\u0435\u0447\u043d_ooh_spend] PASSED [ 24%]
tools/test_column_detection_v2.py::TestMediaFormats::test_aptechi_ooh_format[pharma_ooh_budget] PASSED [ 24%]
tools/test_column_detection_v2.py::TestMediaFormats::test_aptechi_ooh_format[pharm_ooh_spend] PASSED [ 24%]
tools/test_column_detection_v2.py::TestMediaFormats::test_aptechi_ooh_format[apteka_spend] PASSED [ 24%]
tools/test_column_detection_v2.py::TestMediaFormats::test_aptechi_ooh_format[drug_store_budget] PASSED [ 24%]
tools/test_column_detection_v2.py::TestMediaFormats::test_retail_media_format[retail_media_spend] PASSED [ 24%]
tools/test_column_detection_v2.py::TestMediaFormats::test_retail_media_format[in_store_budget] PASSED [ 24%]
tools/test_column_detection_v2.py::TestMediaFormats::test_retail_media_format[pos_ad_spend] PASSED [ 25%]
tools/test_column_detection_v2.py::TestMediaFormats::test_retail_media_format[supermarket_ad_budget] PASSED [ 25%]
tools/test_column_detection_v2.py::TestMediaFormats::test_retail_media_format[retail_media_impressions] PASSED [ 25%]
tools/test_column_detection_v2.py::TestMediaFormats::test_influencer_format[influencer_spend] PASSED [ 25%]
tools/test_column_detection_v2.py::TestMediaFormats::test_influencer_format[blogger_budget] PASSED [ 25%]
tools/test_column_detection_v2.py::TestMediaFormats::test_influencer_format[\u0431\u043b\u043e\u0433\u0433\u0435\u0440_spend] PASSED [ 25%]
tools/test_column_detection_v2.py::TestMediaFormats::test_influencer_format[opinion_leader_spend] PASSED [ 25%]
tools/test_column_detection_v2.py::TestMediaFormats::test_influencer_format[kol_budget] PASSED [ 25%]
tools/test_column_detection_v2.py::TestMediaFormats::test_email_crm_format[email_spend] PASSED [ 25%]
tools/test_column_detection_v2.py::TestMediaFormats::test_email_crm_format[crm_budget] PASSED [ 25%]
tools/test_column_detection_v2.py::TestMediaFormats::test_email_crm_format[newsletter_spend] PASSED [ 25%]
tools/test_column_detection_v2.py::TestMediaFormats::test_email_crm_format[\u0440\u0430\u0441\u0441\u044b\u043b\u043a_spend] PASSED [ 25%]
tools/test_column_detection_v2.py::TestMediaFormats::test_email_crm_format[crm_email_budget] PASSED [ 25%]
tools/test_column_detection_v2.py::TestMediaFormats::test_programmatic_format[programmatic_spend] PASSED [ 25%]
tools/test_column_detection_v2.py::TestMediaFormats::test_programmatic_format[rtb_budget] PASSED [ 25%]
tools/test_column_detection_v2.py::TestMediaFormats::test_programmatic_format[dsp_spend] PASSED [ 25%]
tools/test_column_detection_v2.py::TestMediaFormats::test_programmatic_format[pmp_budget] PASSED [ 25%]
tools/test_column_detection_v2.py::TestMediaFormats::test_programmatic_format[programmatic_impressions] PASSED [ 25%]
tools/test_column_detection_v2.py::TestMediaFormats::test_affiliates_format[affiliates_spend] PASSED [ 25%]
tools/test_column_detection_v2.py::TestMediaFormats::test_affiliates_format[affiliate_budget] PASSED [ 25%]
tools/test_column_detection_v2.py::TestMediaFormats::test_affiliates_format[cpa_spend] PASSED [ 25%]
tools/test_column_detection_v2.py::TestMediaFormats::test_affiliates_format[\u043f\u0430\u0440\u0442\u043d\u0435\u0440\u043a_budget] PASSED [ 25%]
tools/test_column_detection_v2.py::TestMediaFormats::test_affiliates_format[affiliates_revenue] PASSED [ 25%]
tools/test_column_detection_v2.py::TestMediaFormats::test_unknown_media_format PASSED [ 26%]
tools/test_column_detection_v2.py::TestEdgeCases::test_ru_typo_prodazhy PASSED [ 26%]
tools/test_column_detection_v2.py::TestEdgeCases::test_ru_typo_vyruchka_latin_a PASSED [ 26%]
tools/test_column_detection_v2.py::TestEdgeCases::test_en_monetary_synonyms[revenue] PASSED [ 26%]
tools/test_column_detection_v2.py::TestEdgeCases::test_en_monetary_synonyms[sales] PASSED [ 26%]
tools/test_column_detection_v2.py::TestEdgeCases::test_en_monetary_synonyms[turnover] PASSED [ 26%]
tools/test_column_detection_v2.py::TestEdgeCases::test_mixed_case_monetary[Sales_Rub] PASSED [ 26%]
tools/test_column_detection_v2.py::TestEdgeCases::test_mixed_case_monetary[SALES_RUB] PASSED [ 26%]
tools/test_column_detection_v2.py::TestEdgeCases::test_mixed_case_monetary[Revenue] PASSED [ 26%]
tools/test_column_detection_v2.py::TestEdgeCases::test_mixed_case_monetary[REVENUE] PASSED [ 26%]
tools/test_column_detection_v2.py::TestEdgeCases::test_mixed_case_monetary[Profit] PASSED [ 26%]
tools/test_column_detection_v2.py::TestEdgeCases::test_mixed_case_count[Sales_Packs] PASSED [ 26%]
tools/test_column_detection_v2.py::TestEdgeCases::test_mixed_case_count[SALES_PACKS] PASSED [ 26%]
tools/test_column_detection_v2.py::TestEdgeCases::test_mixed_case_count[Leads] PASSED [ 26%]
tools/test_column_detection_v2.py::TestEdgeCases::test_mixed_case_count[LEADS] PASSED [ 26%]
tools/test_column_detection_v2.py::TestEdgeCases::test_mixed_case_count[Registrations] PASSED [ 26%]
tools/test_column_detection_v2.py::TestEdgeCases::test_mixed_case_media[TV_Spend] PASSED [ 26%]
tools/test_column_detection_v2.py::TestEdgeCases::test_mixed_case_media[TV_SPEND] PASSED [ 26%]
tools/test_column_detection_v2.py::TestEdgeCases::test_mixed_case_media[Tv_budget] PASSED [ 26%]
tools/test_column_detection_v2.py::TestEdgeCases::test_mixed_case_media[OLV_IMPRESSIONS] PASSED [ 26%]
tools/test_column_detection_v2.py::TestEdgeCases::test_mixed_case_media[Olv_Impressions] PASSED [ 26%]
tools/test_column_detection_v2.py::TestEdgeCases::test_adjusted_variants_classified[sales_rub_adjusted] PASSED [ 26%]
tools/test_column_detection_v2.py::TestEdgeCases::test_adjusted_variants_classified[revenue_adjusted] PASSED [ 26%]
tools/test_column_detection_v2.py::TestEdgeCases::test_adjusted_variants_classified[sales_packs_adjusted] PASSED [ 27%]
tools/test_column_detection_v2.py::TestEdgeCases::test_adjusted_variants_classified[leads_adjusted] PASSED [ 27%]
tools/test_column_detection_v2.py::TestEdgeCases::test_unknown_numeric_columns[col_1] PASSED [ 27%]
tools/test_column_detection_v2.py::TestEdgeCases::test_unknown_numeric_columns[column_a] PASSED [ 27%]
tools/test_column_detection_v2.py::TestEdgeCases::test_unknown_numeric_columns[var_x] PASSED [ 27%]
tools/test_column_detection_v2.py::TestEdgeCases::test_unknown_numeric_columns[field_123] PASSED [ 27%]
tools/test_column_detection_v2.py::TestEdgeCases::test_unknown_numeric_columns[abc] PASSED [ 27%]
tools/test_column_detection_v2.py::TestEdgeCases::test_empty_string PASSED [ 27%]
tools/test_column_detection_v2.py::TestEdgeCases::test_whitespace_only PASSED [ 27%]
tools/test_column_detection_v2.py::TestEdgeCases::test_very_long_column_name_with_sales_rub PASSED [ 27%]
tools/test_column_detection_v2.py::TestEdgeCases::test_very_long_column_name_unknown PASSED [ 27%]
tools/test_column_detection_v2.py::TestEdgeCases::test_rub_prodazhi_mixed PASSED [ 27%]
tools/test_column_detection_v2.py::TestEdgeCases::test_sales_rub_with_cyrillic_suffix PASSED [ 27%]
tools/test_column_detection_v2.py::TestEdgeCases::test_collision_sales_packs_vs_sales_rub PASSED [ 27%]
tools/test_column_detection_v2.py::TestEdgeCases::test_multiple_targets_classified_separately PASSED [ 27%]
tools/test_column_detection_v2.py::TestEdgeCases::test_date_column_not_misclassified PASSED [ 27%]
tools/test_column_detection_v2.py::TestEdgeCases::test_competitor_trp_not_physical PASSED [ 27%]
tools/test_column_detection_v2.py::TestPriorityOrder::test_sales_packs_is_count_not_monetary PASSED [ 27%]
tools/test_column_detection_v2.py::TestPriorityOrder::test_sales_units_is_count_not_monetary PASSED [ 27%]
tools/test_column_detection_v2.py::TestPriorityOrder::test_competitor_trp_not_physical PASSED [ 27%]
tools/test_column_detection_v2.py::TestPriorityOrder::test_competitor_impressions_not_physical PASSED [ 27%]
tools/test_column_detection_v2.py::TestPriorityOrder::test_holiday_newyear_is_holiday_not_monetary PASSED [ 27%]
tools/test_column_detection_v2.py::TestPriorityOrder::test_holiday_march8_is_holiday_not_date PASSED [ 27%]
tools/test_column_detection_v2.py::TestPriorityOrder::test_price_is_signed_price PASSED [ 28%]
tools/test_column_detection_v2.py::TestPriorityOrder::test_rub_alone_not_target PASSED [ 28%]
tools/test_column_detection_v2.py::TestPriorityOrder::test_sales_rub_is_target_not_plain_monetary PASSED [ 28%]
tools/test_column_detection_v2.py::TestPriorityOrder::test_date_has_highest_priority PASSED [ 28%]
tools/test_column_detection_v2.py::TestPriorityOrder::test_distribution_is_control PASSED [ 28%]
tools/test_column_detection_v2.py::TestPriorityOrder::test_promo_indicator_is_control PASSED [ 28%]
tools/test_column_detection_v2.py::TestPriorityOrder::test_svok_is_signed_competitor PASSED [ 28%]
tools/test_column_detection_v2.py::TestPriorityOrder::test_visits_classified_as_target_count PASSED [ 28%]
tools/test_column_detection_v2.py::TestHelpers::test_detect_signed_controls_basic PASSED [ 28%]
tools/test_column_detection_v2.py::TestHelpers::test_detect_signed_controls_full PASSED [ 28%]
tools/test_column_detection_v2.py::TestHelpers::test_detect_signed_controls_multiple_per_type PASSED [ 28%]
tools/test_column_detection_v2.py::TestHelpers::test_detect_signed_controls_empty PASSED [ 28%]
tools/test_column_detection_v2.py::TestHelpers::test_detect_signed_controls_keys PASSED [ 28%]
tools/test_column_detection_v2.py::TestHelpers::test_detect_signed_controls_ru_columns PASSED [ 28%]
tools/test_column_detection_v2.py::TestHelpers::test_detect_holiday_columns_basic PASSED [ 28%]
tools/test_column_detection_v2.py::TestHelpers::test_detect_holiday_columns_empty PASSED [ 28%]
tools/test_column_detection_v2.py::TestHelpers::test_detect_holiday_columns_all_types PASSED [ 28%]
tools/test_column_detection_v2.py::TestHelpers::test_detect_holiday_columns_returns_list PASSED [ 28%]
tools/test_column_detection_v2.py::TestHelpers::test_detect_holiday_columns_preserves_order PASSED [ 28%]
tools/test_column_detection_v2.py::TestHelpers::test_detect_target_candidates_basic PASSED [ 28%]
tools/test_column_detection_v2.py::TestHelpers::test_detect_target_candidates_dict_structure PASSED [ 28%]
tools/test_column_detection_v2.py::TestHelpers::test_detect_target_candidates_no_targets PASSED [ 28%]
tools/test_column_detection_v2.py::TestHelpers::test_detect_target_candidates_multiple PASSED [ 28%]
tools/test_column_detection_v2.py::TestHelpers::test_detect_target_candidates_empty_input PASSED [ 29%]
tools/test_column_detection_v2.py::TestHelpers::test_classify_columns_extended_basic PASSED [ 29%]
tools/test_column_detection_v2.py::TestHelpers::test_classify_columns_extended_structure PASSED [ 29%]
tools/test_column_detection_v2.py::TestHelpers::test_classify_columns_extended_media_subtypes PASSED [ 29%]
tools/test_column_detection_v2.py::TestHelpers::test_classify_columns_extended_no_subtype_for_non_media PASSED [ 29%]
tools/test_column_detection_v2.py::TestHelpers::test_classify_columns_extended_empty PASSED [ 29%]
tools/test_column_detection_v2.py::TestHelpers::test_classify_columns_extended_unknown_column PASSED [ 29%]
tools/test_column_detection_v2.py::TestHelpers::test_classify_columns_full_dataset PASSED [ 29%]
tools/test_column_detection_v2.py::TestHelpers::test_classify_columns_returns_dict PASSED [ 29%]
tools/test_column_detection_v2.py::TestHelpers::test_classify_columns_empty_list PASSED [ 29%]
tools/test_column_detection_v2.py::TestMonetaryAndPhysical::test_monetary_patterns[tv_spend] PASSED [ 29%]
tools/test_column_detection_v2.py::TestMonetaryAndPhysical::test_monetary_patterns[tv_budget] PASSED [ 29%]
tools/test_column_detection_v2.py::TestMonetaryAndPhysical::test_monetary_patterns[marketing_cost] PASSED [ 29%]
tools/test_column_detection_v2.py::TestMonetaryAndPhysical::test_monetary_patterns[ad_expense] PASSED [ 29%]
tools/test_column_detection_v2.py::TestMonetaryAndPhysical::test_monetary_patterns[\u0442\u0432_\u0431\u044e\u0434\u0436\u0435\u0442] PASSED [ 29%]
tools/test_column_detection_v2.py::TestMonetaryAndPhysical::test_monetary_patterns[\u0431\u044e\u0434\u0436\u0435\u0442_\u0442\u0432] PASSED [ 29%]
tools/test_column_detection_v2.py::TestMonetaryAndPhysical::test_monetary_patterns[\u0440\u0430\u0441\u0445\u043e\u0434\u044b_\u0440\u0430\u0434\u0438\u043e] PASSED [ 29%]
tools/test_column_detection_v2.py::TestMonetaryAndPhysical::test_monetary_patterns[\u043c\u0430\u0440\u043a\u0435\u0442\u0438\u043d\u0433_\u0437\u0430\u0442\u0440\u0430\u0442\u044b] PASSED [ 29%]
tools/test_column_detection_v2.py::TestMonetaryAndPhysical::test_monetary_patterns[brand_investment] PASSED [ 29%]
tools/test_column_detection_v2.py::TestMonetaryAndPhysical::test_physical_patterns[tv_impressions] PASSED [ 29%]
tools/test_column_detection_v2.py::TestMonetaryAndPhysical::test_physical_patterns[olv_impr] PASSED [ 29%]
tools/test_column_detection_v2.py::TestMonetaryAndPhysical::test_physical_patterns[display_views] PASSED [ 29%]
tools/test_column_detection_v2.py::TestMonetaryAndPhysical::test_physical_patterns[performance_clicks] PASSED [ 29%]
tools/test_column_detection_v2.py::TestMonetaryAndPhysical::test_physical_patterns[paid_clicks] PASSED [ 30%]
tools/test_column_detection_v2.py::TestMonetaryAndPhysical::test_physical_patterns[tv_grp] PASSED [ 30%]
tools/test_column_detection_v2.py::TestMonetaryAndPhysical::test_physical_patterns[tv_trp] PASSED [ 30%]
tools/test_column_detection_v2.py::TestMonetaryAndPhysical::test_physical_patterns[\u0442\u0432_\u043f\u043e\u043a\u0430\u0437\u044b] PASSED [ 30%]
tools/test_column_detection_v2.py::TestMonetaryAndPhysical::test_physical_patterns[\u043f\u043e\u043a\u0430\u0437\u044b_olv] PASSED [ 30%]
tools/test_column_detection_v2.py::TestMonetaryAndPhysical::test_physical_patterns[\u043e\u0445\u0432\u0430\u0442_\u0431\u0430\u043d\u043d\u0435\u0440] PASSED [ 30%]
tools/test_column_detection_v2.py::TestMonetaryAndPhysical::test_physical_patterns[performance_\u043a\u043b\u0438\u043a\u043e\u0432] PASSED [ 30%]
tools/test_column_detection_v2.py::TestMonetaryAndPhysical::test_physical_patterns[\u0442\u0432_\u0433\u0440\u043f] PASSED [ 30%]
tools/test_column_detection_v2.py::TestMonetaryAndPhysical::test_physical_misc[tv_reach] PASSED [ 30%]
tools/test_column_detection_v2.py::TestMonetaryAndPhysical::test_physical_misc[olv_views] PASSED [ 30%]
tools/test_column_detection_v2.py::TestMonetaryAndPhysical::test_physical_misc[social_sessions] PASSED [ 30%]
tools/test_column_detection_v2.py::TestMonetaryAndPhysical::test_physical_misc[email_opens] PASSED [ 30%]
tools/test_column_detection_v2.py::TestMonetaryAndPhysical::test_physical_misc[email_delivered] PASSED [ 30%]
tools/test_column_detection_v2.py::TestDateColumns::test_date_column_variants[date] PASSED [ 30%]
tools/test_column_detection_v2.py::TestDateColumns::test_date_column_variants[week] PASSED [ 30%]
tools/test_column_detection_v2.py::TestDateColumns::test_date_column_variants[\u043c\u0435\u0441\u044f\u0446] PASSED [ 30%]
tools/test_column_detection_v2.py::TestDateColumns::test_date_column_variants[period] PASSED [ 30%]
tools/test_column_detection_v2.py::TestDateColumns::test_date_column_variants[month] PASSED [ 30%]
tools/test_column_detection_v2.py::TestDateColumns::test_date_column_variants[day] PASSED [ 30%]
tools/test_column_detection_v2.py::TestDateColumns::test_date_column_variants[time] PASSED [ 30%]
tools/test_column_detection_v2.py::TestDateColumns::test_date_column_variants[timestamp] PASSED [ 30%]
tools/test_column_detection_v2.py::TestDateColumns::test_date_column_variants[\u0434\u0430\u0442\u0430] PASSED [ 30%]
tools/test_column_detection_v2.py::TestDateColumns::test_date_column_variants[\u0434\u0435\u043d\u044c] PASSED [ 30%]
tools/test_column_detection_v2.py::TestDateColumns::test_date_column_variants[\u043f\u0435\u0440\u0438\u043e\u0434] PASSED [ 31%]
tools/test_column_detection_v2.py::TestPositiveControls::test_control_positive_patterns[distribution] PASSED [ 31%]
tools/test_column_detection_v2.py::TestPositiveControls::test_control_positive_patterns[numeric_distribution] PASSED [ 31%]
tools/test_column_detection_v2.py::TestPositiveControls::test_control_positive_patterns[weighted_distribution] PASSED [ 31%]
tools/test_column_detection_v2.py::TestPositiveControls::test_control_positive_patterns[\u0434\u0438\u0441\u0442\u0440\u0438\u0431\u0443\u0446\u0438\u044f] PASSED [ 31%]
tools/test_column_detection_v2.py::TestPositiveControls::test_control_positive_patterns[trade_activity] PASSED [ 31%]
tools/test_column_detection_v2.py::TestPositiveControls::test_control_positive_patterns[trade_score] PASSED [ 31%]
tools/test_column_detection_v2.py::TestPositiveControls::test_control_positive_patterns[promo] PASSED [ 31%]
tools/test_column_detection_v2.py::TestPositiveControls::test_control_positive_patterns[promo_indicator] PASSED [ 31%]
tools/test_column_detection_v2.py::TestPositiveControls::test_control_positive_patterns[promo_active] PASSED [ 31%]
tools/test_column_detection_v2.py::TestPositiveControls::test_control_positive_patterns[pos_count] PASSED [ 31%]
tools/test_column_detection_v2.py::TestPositiveControls::test_control_positive_patterns[new_sku] PASSED [ 31%]
tools/test_column_detection_v2.py::TestDetectAvailableMetrics::test_tv_with_both PASSED [ 31%]
tools/test_column_detection_v2.py::TestDetectAvailableMetrics::test_olv_physical_only PASSED [ 31%]
tools/test_column_detection_v2.py::TestDetectAvailableMetrics::test_unknown_channel PASSED [ 31%]
tools/test_column_detection_v2.py::TestDetectAvailableMetrics::test_performance_clicks_physical PASSED [ 31%]
tools/test_column_detection_v2.py::TestAdditionalCoverage::test_gmv_and_synonyms[gmv-target_monetary] PASSED [ 31%]
tools/test_column_detection_v2.py::TestAdditionalCoverage::test_gmv_and_synonyms[sales_money-target_monetary] PASSED [ 31%]
tools/test_column_detection_v2.py::TestAdditionalCoverage::test_gmv_and_synonyms[gross_revenue-target_monetary] PASSED [ 31%]
tools/test_column_detection_v2.py::TestAdditionalCoverage::test_gmv_and_synonyms[\u0432\u044b\u0440\u0443\u0447\u043a\u0438-target_monetary] PASSED [ 31%]
tools/test_column_detection_v2.py::TestAdditionalCoverage::test_gmv_and_synonyms[\u043e\u0431\u043e\u0440\u043e\u0442-target_monetary] PASSED [ 31%]
tools/test_column_detection_v2.py::TestAdditionalCoverage::test_ru_count_declensions[\u043b\u0438\u0434-target_count] PASSED [ 31%]
tools/test_column_detection_v2.py::TestAdditionalCoverage::test_ru_count_declensions[\u043b\u0438\u0434\u043e\u0432-target_count] PASSED [ 31%]
tools/test_column_detection_v2.py::TestAdditionalCoverage::test_ru_count_declensions[\u0437\u0430\u044f\u0432\u043a\u0438-target_count] PASSED [ 32%]
tools/test_column_detection_v2.py::TestAdditionalCoverage::test_ru_count_declensions[\u0440\u0435\u0433\u0438\u0441\u0442\u0440\u0430\u0446\u0438\u0438-target_count] PASSED [ 32%]
tools/test_column_detection_v2.py::TestAdditionalCoverage::test_ru_count_declensions[\u0430\u043a\u0442\u0438\u0432\u0430\u0446\u0438\u044f-target_count] PASSED [ 32%]
tools/test_column_detection_v2.py::TestAdditionalCoverage::test_sov_competitor_patterns[sov_competitors-signed_competitor] PASSED [ 32%]
tools/test_column_detection_v2.py::TestAdditionalCoverage::test_sov_competitor_patterns[sov_comp-signed_competitor] PASSED [ 32%]
tools/test_column_detection_v2.py::TestAdditionalCoverage::test_sov_competitor_patterns[\u0434\u043e\u043b\u044f_\u0433\u043e\u043b\u043e\u0441\u0430_\u043a\u043e\u043d\u043a\u0443\u0440\u0435\u043d\u0442\u043e\u0432-signed_competitor] PASSED [ 32%]
tools/test_column_detection_v2.py::TestAdditionalCoverage::test_sov_competitor_patterns[\u043a\u043e\u043d\u043a\u0443\u0440\u0435\u043d\u0442_\u0442\u0440\u043f-signed_competitor] PASSED [ 32%]
tools/test_column_detection_v2.py::TestAdditionalCoverage::test_sov_competitor_patterns[\u043a\u043e\u043d\u043a\u0443\u0440\u0435\u043d\u0442_\u0441\u043f\u0435\u043d\u0434-signed_competitor] PASSED [ 32%]
tools/test_column_detection_v2.py::TestAdditionalCoverage::test_price_detailed_patterns[\u0441\u0440\u0435\u0434\u043d\u044f\u044f_\u0446\u0435\u043d\u0430-signed_price] PASSED [ 32%]
tools/test_column_detection_v2.py::TestAdditionalCoverage::test_price_detailed_patterns[\u0438\u043d\u0434\u0435\u043a\u0441_\u0446\u0435\u043d-signed_price] PASSED [ 32%]
tools/test_column_detection_v2.py::TestAdditionalCoverage::test_price_detailed_patterns[price_elasticity-signed_price] PASSED [ 32%]
tools/test_column_detection_v2.py::TestAdditionalCoverage::test_price_detailed_patterns[price_level-signed_price] PASSED [ 32%]
tools/test_column_detection_v2.py::TestAdditionalCoverage::test_price_detailed_patterns[mean_price-signed_price] PASSED [ 32%]
tools/test_column_detection_v2.py::TestAdditionalCoverage::test_weather_detailed_patterns[rain-signed_weather] PASSED [ 32%]
tools/test_column_detection_v2.py::TestAdditionalCoverage::test_weather_detailed_patterns[rainfall-signed_weather] PASSED [ 32%]
tools/test_column_detection_v2.py::TestAdditionalCoverage::test_weather_detailed_patterns[snow-signed_weather] PASSED [ 32%]
tools/test_column_detection_v2.py::TestAdditionalCoverage::test_weather_detailed_patterns[snowfall-signed_weather] PASSED [ 32%]
tools/test_column_detection_v2.py::TestAdditionalCoverage::test_weather_detailed_patterns[\u0432\u043b\u0430\u0436\u043d\u043e\u0441\u0442\u044c-signed_weather] PASSED [ 32%]
tools/test_column_detection_v2.py::TestAdditionalCoverage::test_macro_detailed_patterns[eur_rub-signed_macro] PASSED [ 32%]
tools/test_column_detection_v2.py::TestAdditionalCoverage::test_macro_detailed_patterns[gdp_growth-signed_macro] PASSED [ 32%]
tools/test_column_detection_v2.py::TestAdditionalCoverage::test_macro_detailed_patterns[gdp_real-signed_macro] PASSED [ 32%]
tools/test_column_detection_v2.py::TestAdditionalCoverage::test_macro_detailed_patterns[\u0438\u043d\u0444\u043b\u044f\u0446\u0438\u044f-signed_macro] PASSED [ 32%]
tools/test_column_detection_v2.py::TestAdditionalCoverage::test_macro_detailed_patterns[\u043a\u0443\u0440\u0441_\u0434\u043e\u043b\u043b\u0430\u0440\u0430-signed_macro] PASSED [ 32%]
tools/test_column_detection_v2.py::TestAdditionalCoverage::test_holiday_ru_additional[\u043d\u043e\u0432\u044b\u0439_\u0433\u043e\u0434-holiday] PASSED [ 33%]
tools/test_column_detection_v2.py::TestAdditionalCoverage::test_holiday_ru_additional[\u043d\u0433-holiday] PASSED [ 33%]
tools/test_column_detection_v2.py::TestAdditionalCoverage::test_holiday_ru_additional[\u0432\u044b\u0445\u043e\u0434\u043d\u043e\u0439-holiday] PASSED [ 33%]
tools/test_column_detection_v2.py::TestAdditionalCoverage::test_holiday_ru_additional[\u043a\u0430\u043d\u0438\u043a\u0443\u043b\u044b-holiday] PASSED [ 33%]
tools/test_column_detection_v2.py::TestAdditionalCoverage::test_holiday_ru_additional[23_\u0444\u0435\u0432\u0440\u0430\u043b\u044f-holiday] PASSED [ 33%]
tools/test_column_detection_v2.py::TestAdditionalCoverage::test_case_insensitivity_monetary[tv_spend] PASSED [ 33%]
tools/test_column_detection_v2.py::TestAdditionalCoverage::test_case_insensitivity_monetary[TV_SPEND] PASSED [ 33%]
tools/test_column_detection_v2.py::TestAdditionalCoverage::test_case_insensitivity_monetary[Tv_Spend] PASSED [ 33%]
tools/test_column_detection_v2.py::TestAdditionalCoverage::test_case_insensitivity_monetary[tV_SpEnD] PASSED [ 33%]
tools/test_column_detection_v2.py::TestAdditionalCoverage::test_social_media_specific_names[facebook_spend] PASSED [ 33%]
tools/test_column_detection_v2.py::TestAdditionalCoverage::test_social_media_specific_names[telegram_ads_spend] PASSED [ 33%]
tools/test_column_detection_v2.py::TestAdditionalCoverage::test_social_media_specific_names[\u043e\u0434\u043d\u043e\u043a\u043b\u0430\u0441\u0441\u043d\u0438\u043a\u0438_spend] PASSED [ 33%]
tools/test_column_detection_v2.py::TestAdditionalCoverage::test_performance_specific_names[google_ads_spend] PASSED [ 33%]
tools/test_column_detection_v2.py::TestAdditionalCoverage::test_performance_specific_names[paid_search_budget] PASSED [ 33%]
tools/test_column_detection_v2.py::TestAdditionalCoverage::test_performance_specific_names[\u043f\u0435\u0440\u0444\u043e\u0440\u043c\u0430\u043d\u0441_spend] PASSED [ 33%]
tools/test_column_detection_v2.py::TestAdditionalCoverage::test_classify_column_unknown_is_string PASSED [ 33%]
tools/test_column_detection_v2.py::TestAdditionalCoverage::test_classify_columns_preserves_all_keys PASSED [ 33%]
tools/test_column_detection_v2.py::TestAdditionalCoverage::test_detect_media_format_case_insensitive PASSED [ 33%]
tools/test_column_detection_v2.py::TestAdditionalCoverage::test_detect_target_candidates_with_ru_cols PASSED [ 33%]
tools/test_column_detection_v2.py::TestAdditionalCoverage::test_subs_classified_as_target_count PASSED [ 33%]
tools/test_column_detection_v2.py::TestAdditionalCoverage::test_mrr_subs_classified_as_target_count PASSED [ 33%]
tools/test_column_detection_v2.py::TestAdditionalCoverage::test_product_launch_is_control PASSED [ 33%]
tools/test_column_detection_v2.py::TestAdditionalCoverage::test_npd_count_is_control PASSED [ 33%]
tools/test_column_detection_v2.py::TestAdditionalCoverage::test_new_sku_count_is_control PASSED [ 34%]
tools/test_data_file_resolver.py::test_live_path_used_as_is PASSED       [ 34%]
tools/test_data_file_resolver.py::test_stale_path_falls_back_to_project_dir PASSED [ 34%]
tools/test_data_file_resolver.py::test_missing_everywhere_clear_russian_error PASSED [ 34%]
tools/test_data_file_resolver.py::test_none_data_file_clear_error PASSED [ 34%]
tools/test_data_file_resolver.py::test_goalseek_stale_data_file_gives_human_error PASSED [ 34%]
tools/test_data_file_resolver.py::test_goalseek_recovers_via_project_dir_copy PASSED [ 34%]
tools/test_decomposer_edge_cases.py::test_A1_legacy_v1_0_rejected PASSED [ 34%]
tools/test_decomposer_edge_cases.py::test_A2_v1_2_default_no_warning PASSED [ 34%]
tools/test_decomposer_edge_cases.py::test_A3_v1_1_warning PASSED         [ 34%]
tools/test_decomposer_edge_cases.py::test_A4_v1_1_5_warning PASSED       [ 34%]
tools/test_decomposer_edge_cases.py::test_A5_hierarchical_v1_3 PASSED    [ 34%]
tools/test_decomposer_edge_cases.py::test_A6_no_pickle_returns_error PASSED [ 34%]
tools/test_decomposer_edge_cases.py::test_B1_no_untrained_channels PASSED [ 34%]
tools/test_decomposer_edge_cases.py::test_B2_partial_untrained_decoration PASSED [ 34%]
tools/test_decomposer_edge_cases.py::test_B3_two_untrained_independent PASSED [ 34%]
tools/test_decomposer_edge_cases.py::test_C1_default_unit_costs_from_pickle PASSED [ 34%]
tools/test_decomposer_edge_cases.py::test_C2_unit_costs_override PASSED  [ 34%]
tools/test_decomposer_edge_cases.py::test_C3_inflation_pct_applied PASSED [ 34%]
tools/test_decomposer_edge_cases.py::test_C4_inflation_unknown_channel_ignored PASSED [ 34%]
tools/test_decomposer_edge_cases.py::test_D1_deep_loss_threshold PASSED  [ 34%]
tools/test_decomposer_edge_cases.py::test_D2_loss_threshold PASSED       [ 34%]
tools/test_decomposer_edge_cases.py::test_D3_breakeven_threshold PASSED  [ 34%]
tools/test_decomposer_edge_cases.py::test_D4_artifact_threshold PASSED   [ 35%]
tools/test_decomposer_edge_cases.py::test_D5_unit_smell_floor PASSED     [ 35%]
tools/test_decomposer_edge_cases.py::test_D6_high_abs_roi_no_smell PASSED [ 35%]
tools/test_decomposer_edge_cases.py::test_D7_efficiency_gap_oversaturation PASSED [ 35%]
tools/test_decomposer_edge_cases.py::test_D8_quantile_mode_below_min_n PASSED [ 35%]
tools/test_decomposer_edge_cases.py::test_D9_quantile_mode_top_10 PASSED [ 35%]
tools/test_decomposer_edge_cases.py::test_E1_non_hierarchical_metadata PASSED [ 35%]
tools/test_decomposer_edge_cases.py::test_E2_hierarchical_categories_exposed PASSED [ 35%]
tools/test_decomposer_edge_cases.py::test_E3_hierarchical_priors_exposed PASSED [ 35%]
tools/test_decomposer_edge_cases.py::test_F1_no_unit_smell_no_flag PASSED [ 35%]
tools/test_decomposer_edge_cases.py::test_F2_native_unit_uc1_triggers_unit_smell PASSED [ 35%]
tools/test_decomposer_invariants.py::test_D1_energy_conservation[0] PASSED [ 35%]
tools/test_decomposer_invariants.py::test_D1_energy_conservation[1] PASSED [ 35%]
tools/test_decomposer_invariants.py::test_D1_energy_conservation[2] PASSED [ 35%]
tools/test_decomposer_invariants.py::test_D1_energy_conservation[3] PASSED [ 35%]
tools/test_decomposer_invariants.py::test_D1_energy_conservation[4] PASSED [ 35%]
tools/test_decomposer_invariants.py::test_D1_energy_conservation[5] PASSED [ 35%]
tools/test_decomposer_invariants.py::test_D1_energy_conservation[6] PASSED [ 35%]
tools/test_decomposer_invariants.py::test_D1_energy_conservation[7] PASSED [ 35%]
tools/test_decomposer_invariants.py::test_D1_energy_conservation[8] PASSED [ 35%]
tools/test_decomposer_invariants.py::test_D1_energy_conservation[9] PASSED [ 35%]
tools/test_decomposer_invariants.py::test_D1_energy_conservation[10] PASSED [ 35%]
tools/test_decomposer_invariants.py::test_D1_energy_conservation[11] PASSED [ 35%]
tools/test_decomposer_invariants.py::test_D1_energy_conservation[12] PASSED [ 36%]
tools/test_decomposer_invariants.py::test_D1_energy_conservation[13] PASSED [ 36%]
tools/test_decomposer_invariants.py::test_D1_energy_conservation[14] PASSED [ 36%]
tools/test_decomposer_invariants.py::test_D2_contribution_sign_matches_beta[0] PASSED [ 36%]
tools/test_decomposer_invariants.py::test_D2_contribution_sign_matches_beta[1] PASSED [ 36%]
tools/test_decomposer_invariants.py::test_D2_contribution_sign_matches_beta[2] PASSED [ 36%]
tools/test_decomposer_invariants.py::test_D2_contribution_sign_matches_beta[3] PASSED [ 36%]
tools/test_decomposer_invariants.py::test_D2_contribution_sign_matches_beta[4] PASSED [ 36%]
tools/test_decomposer_invariants.py::test_D2_contribution_sign_matches_beta[5] PASSED [ 36%]
tools/test_decomposer_invariants.py::test_D2_contribution_sign_matches_beta[6] PASSED [ 36%]
tools/test_decomposer_invariants.py::test_D2_contribution_sign_matches_beta[7] PASSED [ 36%]
tools/test_decomposer_invariants.py::test_D2_contribution_sign_matches_beta[8] PASSED [ 36%]
tools/test_decomposer_invariants.py::test_D2_contribution_sign_matches_beta[9] PASSED [ 36%]
tools/test_decomposer_invariants.py::test_D3_roi_compute_identity[0] PASSED [ 36%]
tools/test_decomposer_invariants.py::test_D3_roi_compute_identity[1] PASSED [ 36%]
tools/test_decomposer_invariants.py::test_D3_roi_compute_identity[2] PASSED [ 36%]
tools/test_decomposer_invariants.py::test_D3_roi_compute_identity[3] PASSED [ 36%]
tools/test_decomposer_invariants.py::test_D3_roi_compute_identity[4] PASSED [ 36%]
tools/test_decomposer_invariants.py::test_D3_roi_compute_identity[5] PASSED [ 36%]
tools/test_decomposer_invariants.py::test_D3_roi_compute_identity[6] PASSED [ 36%]
tools/test_decomposer_invariants.py::test_D3_roi_compute_identity[7] PASSED [ 36%]
tools/test_decomposer_invariants.py::test_D3_roi_compute_identity[8] PASSED [ 36%]
tools/test_decomposer_invariants.py::test_D3_roi_compute_identity[9] PASSED [ 36%]
tools/test_decomposer_invariants.py::test_D3_roi_compute_identity[10] PASSED [ 37%]
tools/test_decomposer_invariants.py::test_D3_roi_compute_identity[11] PASSED [ 37%]
tools/test_decomposer_invariants.py::test_D3_roi_compute_identity[12] PASSED [ 37%]
tools/test_decomposer_invariants.py::test_D3_roi_compute_identity[13] PASSED [ 37%]
tools/test_decomposer_invariants.py::test_D3_roi_compute_identity[14] PASSED [ 37%]
tools/test_decomposer_invariants.py::test_D4_mroas_alignment_with_optimizer[0] PASSED [ 37%]
tools/test_decomposer_invariants.py::test_D4_mroas_alignment_with_optimizer[1] PASSED [ 37%]
tools/test_decomposer_invariants.py::test_D4_mroas_alignment_with_optimizer[2] PASSED [ 37%]
tools/test_decomposer_invariants.py::test_D4_mroas_alignment_with_optimizer[3] PASSED [ 37%]
tools/test_decomposer_invariants.py::test_D4_mroas_alignment_with_optimizer[4] PASSED [ 37%]
tools/test_decomposer_invariants.py::test_D4_mroas_alignment_with_optimizer[5] PASSED [ 37%]
tools/test_decomposer_invariants.py::test_D4_mroas_alignment_with_optimizer[6] PASSED [ 37%]
tools/test_decomposer_invariants.py::test_D4_mroas_alignment_with_optimizer[7] PASSED [ 37%]
tools/test_decomposer_invariants.py::test_D4_mroas_alignment_with_optimizer[8] PASSED [ 37%]
tools/test_decomposer_invariants.py::test_D4_mroas_alignment_with_optimizer[9] PASSED [ 37%]
tools/test_decomposer_invariants.py::test_D5_shares_sum_to_100[0] PASSED [ 37%]
tools/test_decomposer_invariants.py::test_D5_shares_sum_to_100[1] PASSED [ 37%]
tools/test_decomposer_invariants.py::test_D5_shares_sum_to_100[2] PASSED [ 37%]
tools/test_decomposer_invariants.py::test_D5_shares_sum_to_100[3] PASSED [ 37%]
tools/test_decomposer_invariants.py::test_D5_shares_sum_to_100[4] PASSED [ 37%]
tools/test_decomposer_invariants.py::test_D5_shares_sum_to_100[5] PASSED [ 37%]
tools/test_decomposer_invariants.py::test_D5_shares_sum_to_100[6] PASSED [ 37%]
tools/test_decomposer_invariants.py::test_D5_shares_sum_to_100[7] PASSED [ 37%]
tools/test_decomposer_invariants.py::test_D5_shares_sum_to_100[8] PASSED [ 38%]
tools/test_decomposer_invariants.py::test_D5_shares_sum_to_100[9] PASSED [ 38%]
tools/test_decomposer_invariants.py::test_D6_efficiency_gap_identity[0] PASSED [ 38%]
tools/test_decomposer_invariants.py::test_D6_efficiency_gap_identity[1] PASSED [ 38%]
tools/test_decomposer_invariants.py::test_D6_efficiency_gap_identity[2] PASSED [ 38%]
tools/test_decomposer_invariants.py::test_D6_efficiency_gap_identity[3] PASSED [ 38%]
tools/test_decomposer_invariants.py::test_D6_efficiency_gap_identity[4] PASSED [ 38%]
tools/test_decomposer_invariants.py::test_D6_efficiency_gap_identity[5] PASSED [ 38%]
tools/test_decomposer_invariants.py::test_D6_efficiency_gap_identity[6] PASSED [ 38%]
tools/test_decomposer_invariants.py::test_D6_efficiency_gap_identity[7] PASSED [ 38%]
tools/test_decomposer_invariants.py::test_D6_efficiency_gap_identity[8] PASSED [ 38%]
tools/test_decomposer_invariants.py::test_D6_efficiency_gap_identity[9] PASSED [ 38%]
tools/test_decomposer_invariants.py::test_D7_verdict_thresholds PASSED   [ 38%]
tools/test_decomposer_invariants.py::test_D7_wide_ci_suffix PASSED       [ 38%]
tools/test_decomposer_invariants.py::test_D8_action_decoration_present[0] PASSED [ 38%]
tools/test_decomposer_invariants.py::test_D8_action_decoration_present[1] PASSED [ 38%]
tools/test_decomposer_invariants.py::test_D8_action_decoration_present[2] PASSED [ 38%]
tools/test_decomposer_invariants.py::test_D8_action_decoration_present[3] PASSED [ 38%]
tools/test_decomposer_invariants.py::test_D8_action_decoration_present[4] PASSED [ 38%]
tools/test_decomposer_invariants.py::test_D8_action_decoration_present[5] PASSED [ 38%]
tools/test_decomposer_invariants.py::test_D8_action_decoration_present[6] PASSED [ 38%]
tools/test_decomposer_invariants.py::test_D8_action_decoration_present[7] PASSED [ 38%]
tools/test_decomposer_invariants.py::test_D8_action_decoration_present[8] PASSED [ 38%]
tools/test_decomposer_invariants.py::test_D8_action_decoration_present[9] PASSED [ 39%]
tools/test_decomposer_invariants.py::test_D9_time_series_sum_consistency[0] PASSED [ 39%]
tools/test_decomposer_invariants.py::test_D9_time_series_sum_consistency[1] PASSED [ 39%]
tools/test_decomposer_invariants.py::test_D9_time_series_sum_consistency[2] PASSED [ 39%]
tools/test_decomposer_invariants.py::test_D9_time_series_sum_consistency[3] PASSED [ 39%]
tools/test_decomposer_invariants.py::test_D9_time_series_sum_consistency[4] PASSED [ 39%]
tools/test_decomposer_invariants.py::test_D9_time_series_sum_consistency[5] PASSED [ 39%]
tools/test_decomposer_invariants.py::test_D9_time_series_sum_consistency[6] PASSED [ 39%]
tools/test_decomposer_invariants.py::test_D9_time_series_sum_consistency[7] PASSED [ 39%]
tools/test_decomposer_invariants.py::test_D9_time_series_sum_consistency[8] PASSED [ 39%]
tools/test_decomposer_invariants.py::test_D9_time_series_sum_consistency[9] PASSED [ 39%]
tools/test_decomposer_invariants.py::test_D10_untrained_channel_zero_contribution PASSED [ 39%]
tools/test_decomposer_invariants.py::test_D11_waterfall_sums[0] PASSED   [ 39%]
tools/test_decomposer_invariants.py::test_D11_waterfall_sums[1] PASSED   [ 39%]
tools/test_decomposer_invariants.py::test_D11_waterfall_sums[2] PASSED   [ 39%]
tools/test_decomposer_invariants.py::test_D11_waterfall_sums[3] PASSED   [ 39%]
tools/test_decomposer_invariants.py::test_D11_waterfall_sums[4] PASSED   [ 39%]
tools/test_decomposer_invariants.py::test_D11_waterfall_sums[5] PASSED   [ 39%]
tools/test_decomposer_invariants.py::test_D11_waterfall_sums[6] PASSED   [ 39%]
tools/test_decomposer_invariants.py::test_D11_waterfall_sums[7] PASSED   [ 39%]
tools/test_decomposer_invariants.py::test_D11_waterfall_sums[8] PASSED   [ 39%]
tools/test_decomposer_invariants.py::test_D11_waterfall_sums[9] PASSED   [ 39%]
tools/test_decomposer_invariants.py::test_D12_posterior_roi_ci_ordering[0] PASSED [ 40%]
tools/test_decomposer_invariants.py::test_D12_posterior_roi_ci_ordering[1] PASSED [ 40%]
tools/test_decomposer_invariants.py::test_D12_posterior_roi_ci_ordering[2] PASSED [ 40%]
tools/test_decomposer_invariants.py::test_D12_posterior_roi_ci_ordering[3] PASSED [ 40%]
tools/test_decomposer_invariants.py::test_D12_posterior_roi_ci_ordering[4] PASSED [ 40%]
tools/test_decomposer_invariants.py::test_D12_posterior_roi_ci_ordering[5] PASSED [ 40%]
tools/test_decomposer_invariants.py::test_D12_posterior_roi_ci_ordering[6] PASSED [ 40%]
tools/test_decomposer_invariants.py::test_D12_posterior_roi_ci_ordering[7] PASSED [ 40%]
tools/test_decomposer_invariants.py::test_D12_posterior_roi_ci_ordering[8] PASSED [ 40%]
tools/test_decomposer_invariants.py::test_D12_posterior_roi_ci_ordering[9] PASSED [ 40%]
tools/test_decomposer_invariants.py::test_D13_determinism PASSED         [ 40%]
tools/test_decomposition_category_band.py::test_category_becomes_external_band PASSED [ 40%]
tools/test_decomposition_category_band.py::test_no_category_no_band PASSED [ 40%]
tools/test_decomposition_category_band.py::test_zero_category_skipped PASSED [ 40%]
tools/test_decomposition_category_band.py::test_identity_holds_with_category PASSED [ 40%]
tools/test_decomposition_category_band.py::test_category_external_competitor_separate PASSED [ 40%]
tools/test_dirty_import_files.py::test_semicolon_csv_parsed_into_columns PASSED [ 40%]
tools/test_dirty_import_files.py::test_empty_workbook_clear_message PASSED [ 40%]
tools/test_dirty_import_files.py::test_dirty_mutations_no_exceptions[double_header] PASSED [ 40%]
tools/test_dirty_import_files.py::test_dirty_mutations_no_exceptions[onec_export] PASSED [ 40%]
tools/test_dirty_import_files.py::test_dirty_mutations_no_exceptions[dup_columns] PASSED [ 40%]
tools/test_dirty_import_files.py::test_dirty_mutations_no_exceptions[kpi_holes] PASSED [ 40%]
tools/test_dirty_import_files.py::test_dirty_mutations_no_exceptions[percent_strings] PASSED [ 40%]
tools/test_dirty_import_files.py::test_dirty_mutations_no_exceptions[headers_only] PASSED [ 41%]
tools/test_dirty_import_files.py::test_dirty_mutations_no_exceptions[dates_text_mixed] PASSED [ 41%]
tools/test_dirty_import_files.py::test_dirty_mutations_no_exceptions[single_column] PASSED [ 41%]
tools/test_dirty_import_files.py::test_truncated_xlsx_clear_error PASSED [ 41%]
tools/test_dirty_import_files.py::test_cyrillic_path_with_spaces PASSED  [ 41%]
tools/test_ess_bfmi_gate.py::test_metrics_and_checks_present_when_measured PASSED [ 41%]
tools/test_ess_bfmi_gate.py::test_low_ess_flags_check_false PASSED       [ 41%]
tools/test_ess_bfmi_gate.py::test_low_bfmi_flags_check_false PASSED      [ 41%]
tools/test_ess_bfmi_gate.py::test_backcompat_no_kwargs_no_keys PASSED    [ 41%]
tools/test_ess_bfmi_gate.py::test_honesty_uncertain_on_low_ess PASSED    [ 41%]
tools/test_ess_bfmi_gate.py::test_honesty_uncertain_on_low_bfmi PASSED   [ 41%]
tools/test_ess_bfmi_gate.py::test_honesty_reliable_when_ess_bfmi_good PASSED [ 41%]
tools/test_ess_bfmi_gate.py::test_honesty_backcompat_absent_keys_not_failure PASSED [ 41%]
tools/test_ess_bfmi_gate.py::test_honesty_uncertain_on_prior_predictive_fail PASSED [ 41%]
tools/test_ess_bfmi_gate.py::test_honesty_prior_predictive_warn_not_uncertain PASSED [ 41%]
tools/test_ess_bfmi_gate.py::test_honesty_preflight_absent_backcompat PASSED [ 41%]
tools/test_ess_bfmi_gate.py::test_honesty_unknown_on_ypred_reconstruction_failure PASSED [ 41%]
tools/test_ess_bfmi_gate.py::test_honesty_ypred_flag_false_no_effect PASSED [ 41%]
tools/test_factor_palette_parity.py::test_required_types_nonempty PASSED [ 41%]
tools/test_factor_palette_parity.py::test_each_palette_covers_breakout_types PASSED [ 41%]
tools/test_factor_palette_parity.py::test_palettes_mutually_consistent PASSED [ 41%]
tools/test_forecast_validation.py::TestDetectGranularity::test_weekly_perfect PASSED [ 41%]
tools/test_forecast_validation.py::TestDetectGranularity::test_monthly PASSED [ 41%]
tools/test_forecast_validation.py::TestDetectGranularity::test_daily PASSED [ 42%]
tools/test_forecast_validation.py::TestDetectGranularity::test_quarterly PASSED [ 42%]
tools/test_forecast_validation.py::TestDetectGranularity::test_irregular_low_confidence PASSED [ 42%]
tools/test_forecast_validation.py::TestDetectGranularity::test_empty_falls_back PASSED [ 42%]
tools/test_forecast_validation.py::TestDetectSeasonality::test_yearly_weekly_data PASSED [ 42%]
tools/test_forecast_validation.py::TestDetectSeasonality::test_no_seasonality_returns_none PASSED [ 42%]
tools/test_forecast_validation.py::TestDetectSeasonality::test_short_series_returns_none PASSED [ 42%]
tools/test_forecast_validation.py::TestDetectSeasonality::test_quarterly_pattern_in_weekly PASSED [ 42%]
tools/test_forecast_validation.py::TestDetectSeasonality::test_u4_prefers_longer_period_among_comparable PASSED [ 42%]
tools/test_forecast_validation.py::TestDetectSeasonality::test_u4_fallback_to_short_when_long_much_weaker PASSED [ 42%]
tools/test_forecast_validation.py::TestComputeXNormQuantiles::test_basic PASSED [ 42%]
tools/test_forecast_validation.py::TestComputeXNormQuantiles::test_zero_mean_returns_zeros PASSED [ 42%]
tools/test_forecast_validation.py::TestComputeXNormQuantiles::test_empty_returns_zeros PASSED [ 42%]
tools/test_forecast_validation.py::TestExtrapolationSeverity::test_in_zone PASSED [ 42%]
tools/test_forecast_validation.py::TestExtrapolationSeverity::test_p95_boundary PASSED [ 42%]
tools/test_forecast_validation.py::TestExtrapolationSeverity::test_p99_extrapolation PASSED [ 42%]
tools/test_forecast_validation.py::TestExtrapolationSeverity::test_extreme_3x_p99 PASSED [ 42%]
tools/test_forecast_validation.py::TestExtrapolationSeverity::test_none_quantiles_returns_zero PASSED [ 42%]
tools/test_forecast_validation.py::TestVerdictTierExtrapolationGate::test_severity_zero_no_effect PASSED [ 42%]
tools/test_forecast_validation.py::TestVerdictTierExtrapolationGate::test_severity_2_forces_directional PASSED [ 42%]
tools/test_forecast_validation.py::TestVerdictTierExtrapolationGate::test_severity_3_forces_high_uncertainty PASSED [ 42%]
tools/test_forecast_validation.py::TestVerdictTierExtrapolationGate::test_severity_3_overrides_existing_directional PASSED [ 42%]
tools/test_forecast_validation.py::TestSaturationDriftCheck::test_high_drift_critical PASSED [ 42%]
tools/test_forecast_validation.py::TestSaturationDriftCheck::test_low_drift_warn PASSED [ 43%]
tools/test_forecast_validation.py::TestSaturationDriftCheck::test_in_zone_returns_none PASSED [ 43%]
tools/test_forecast_validation.py::TestSaturationDriftCheck::test_adstock_critical_overrides PASSED [ 43%]
tools/test_forecast_validation.py::TestHorizonExtrapolationCheck::test_no_warn_below_threshold PASSED [ 43%]
tools/test_forecast_validation.py::TestHorizonExtrapolationCheck::test_warn_at_15x PASSED [ 43%]
tools/test_forecast_validation.py::TestResolveWarningPriority::test_critical_wins PASSED [ 43%]
tools/test_forecast_validation.py::TestResolveWarningPriority::test_empty_returns_none_top PASSED [ 43%]
tools/test_forecast_validation.py::TestResolveWarningPriority::test_invalid_filtered PASSED [ 43%]
tools/test_forecast_validation.py::TestResolveWarningPriority::test_stable_within_severity PASSED [ 43%]
tools/test_forecast_validation.py::TestKPIRegistryCoupling::test_default_returns_2x PASSED [ 43%]
tools/test_forecast_validation.py::TestKPIRegistryCoupling::test_sales_returns_2x PASSED [ 43%]
tools/test_forecast_validation.py::TestKPIRegistryCoupling::test_awareness_returns_15x PASSED [ 43%]
tools/test_forecast_validation.py::TestKPIRegistryCoupling::test_unknown_kpi_falls_back_to_default PASSED [ 43%]
tools/test_forecast_validation.py::TestConformalPlanningIntervals::test_missing_training_arrays_returns_none PASSED [ 43%]
tools/test_forecast_validation.py::TestConformalPlanningIntervals::test_with_training_arrays_returns_interval PASSED [ 43%]
tools/test_forecast_validation_hierarchical.py::test_non_hierarchical_returns_none PASSED [ 43%]
tools/test_forecast_validation_hierarchical.py::test_below_threshold_returns_none PASSED [ 43%]
tools/test_forecast_validation_hierarchical.py::test_at_threshold_returns_none PASSED [ 43%]
tools/test_forecast_validation_hierarchical.py::test_above_threshold_returns_warning PASSED [ 43%]
tools/test_forecast_validation_hierarchical.py::test_no_brand_channels_returns_none PASSED [ 43%]
tools/test_forecast_validation_hierarchical.py::test_empty_categories_returns_none PASSED [ 43%]
tools/test_forecast_validation_hierarchical.py::test_missing_categories_key_returns_none PASSED [ 43%]
tools/test_forecast_validation_hierarchical.py::test_zero_train_budget_returns_none PASSED [ 43%]
tools/test_forecast_validation_hierarchical.py::test_negative_train_budget_returns_none PASSED [ 44%]
tools/test_forecast_validation_hierarchical.py::test_custom_threshold PASSED [ 44%]
tools/test_forecast_validation_hierarchical.py::test_custom_threshold_triggers PASSED [ 44%]
tools/test_forecast_validation_hierarchical.py::test_warning_message_ru_format PASSED [ 44%]
tools/test_forecast_validation_hierarchical.py::test_warning_includes_actionable_guidance PASSED [ 44%]
tools/test_forecast_validation_hierarchical.py::test_threshold_boundary_ratio_sweep[1.0-False] PASSED [ 44%]
tools/test_forecast_validation_hierarchical.py::test_threshold_boundary_ratio_sweep[2.0-False] PASSED [ 44%]
tools/test_forecast_validation_hierarchical.py::test_threshold_boundary_ratio_sweep[2.99-False] PASSED [ 44%]
tools/test_forecast_validation_hierarchical.py::test_threshold_boundary_ratio_sweep[3.0-False] PASSED [ 44%]
tools/test_forecast_validation_hierarchical.py::test_threshold_boundary_ratio_sweep[3.01-True] PASSED [ 44%]
tools/test_forecast_validation_hierarchical.py::test_threshold_boundary_ratio_sweep[5.0-True] PASSED [ 44%]
tools/test_forecast_validation_hierarchical.py::test_threshold_boundary_ratio_sweep[10.0-True] PASSED [ 44%]
tools/test_forecast_validation_hierarchical.py::test_threshold_boundary_ratio_sweep[100.0-True] PASSED [ 44%]
tools/test_forecasting.py::TestFlatAllocAdstockSeries::test_closed_form_matches_numerical_geometric PASSED [ 44%]
tools/test_forecasting.py::TestFlatAllocAdstockSeries::test_zero_x_returns_zeros PASSED [ 44%]
tools/test_forecasting.py::TestFlatAllocAdstockSeries::test_zero_decay_returns_constant PASSED [ 44%]
tools/test_forecasting.py::TestFlatAllocAdstockSeries::test_n_zero_returns_empty PASSED [ 44%]
tools/test_forecasting.py::TestFlatAllocAdstockSeries::test_decay_none_falls_back_to_apply_adstock PASSED [ 44%]
tools/test_forecasting.py::TestFlatAllocAdstockSeries::test_steady_state_long_horizon PASSED [ 44%]
tools/test_forecasting.py::TestEvaluateFlatAllocationResponse::test_matches_scenario_per_period_math PASSED [ 44%]
tools/test_forecasting.py::TestEvaluateFlatAllocationResponse::test_zero_allocation_returns_zero PASSED [ 44%]
tools/test_forecasting.py::TestEvaluateFlatAllocationResponse::test_n_periods_zero_returns_zero PASSED [ 44%]
tools/test_forecasting.py::TestEvaluateFlatAllocationResponse::test_option_c_differs_from_hill_of_mean_by_jensen PASSED [ 44%]
tools/test_forecasting.py::TestEvaluateFlatAllocationResponse::test_multi_channel_sums_correctly PASSED [ 45%]
tools/test_forecasting.py::TestEvaluateFlatAllocationResponse::test_falls_back_to_media_means_for_legacy_pickle PASSED [ 45%]
tools/test_forecasting.py::TestEvaluateFlatAllocationResponse::test_zero_mean_channel_skipped PASSED [ 45%]
tools/test_forecasting.py::TestEvaluateFlatAllocationResponse::test_increasing_with_horizon_at_fixed_per_period_spend[13] PASSED [ 45%]
tools/test_forecasting.py::TestEvaluateFlatAllocationResponse::test_increasing_with_horizon_at_fixed_per_period_spend[26] PASSED [ 45%]
tools/test_forecasting.py::TestEvaluateFlatAllocationResponse::test_increasing_with_horizon_at_fixed_per_period_spend[52] PASSED [ 45%]
tools/test_forecasting.py::TestEvaluateFlatAllocationResponse::test_increasing_with_horizon_at_fixed_per_period_spend[104] PASSED [ 45%]
tools/test_forecasting.py::TestEvaluateFlatAllocationResponse::test_increasing_with_horizon_at_fixed_per_period_spend[156] PASSED [ 45%]
tools/test_forecasting.py::TestPlanningModeOptimizerIntegration::test_planning_mode_metadata_in_result PASSED [ 45%]
tools/test_fourier_integration.py::test_yearly_seasonality_injected PASSED [ 45%]
tools/test_fourier_integration.py::test_short_series_no_injection PASSED [ 45%]
tools/test_fourier_integration.py::test_decompose_parity_with_seasonality PASSED [ 45%]
tools/test_fourier_integration.py::test_decompose_aggregates_fourier_into_one_seasonality_factor PASSED [ 45%]
tools/test_fourier_integration.py::test_master_flag_disables_seasonality PASSED [ 45%]
tools/test_fourier_integration.py::test_ols_filters_fourier_from_bayesian_config PASSED [ 45%]
tools/test_fourier_integration.py::test_backtest_with_seasonality_not_error PASSED [ 45%]
tools/test_fourier_seasonality.py::test_fourier_shape_and_columns PASSED [ 45%]
tools/test_fourier_seasonality.py::test_fourier_values_in_unit_range PASSED [ 45%]
tools/test_fourier_seasonality.py::test_fourier_first_harmonic_period_correct PASSED [ 45%]
tools/test_fourier_seasonality.py::test_fourier_deterministic PASSED     [ 45%]
tools/test_fourier_seasonality.py::test_fourier_degenerate_params_empty PASSED [ 45%]
tools/test_fourier_seasonality.py::test_decide_n_harmonics[52-4] PASSED  [ 45%]
tools/test_fourier_seasonality.py::test_decide_n_harmonics[13-3] PASSED  [ 45%]
tools/test_fourier_seasonality.py::test_decide_n_harmonics[12-3] PASSED  [ 46%]
tools/test_fourier_seasonality.py::test_decide_n_harmonics[4-1] PASSED   [ 46%]
tools/test_fourier_seasonality.py::test_decide_n_harmonics[2-1] PASSED   [ 46%]
tools/test_fourier_seasonality.py::test_decide_n_harmonics[1-1] PASSED   [ 46%]
tools/test_fourier_seasonality.py::test_harmonics_never_exceed_nyquist PASSED [ 46%]
tools/test_fourier_seasonality.py::test_gate_none_detected PASSED        [ 46%]
tools/test_fourier_seasonality.py::test_gate_insufficient_cycles PASSED  [ 46%]
tools/test_fourier_seasonality.py::test_gate_quarterly_passes_on_short_series PASSED [ 46%]
tools/test_fourier_seasonality.py::test_gate_rejects_antiphase PASSED    [ 46%]
tools/test_fourier_seasonality.py::test_gate_rejects_invalid_period PASSED [ 46%]
tools/test_fourier_seasonality.py::test_gate_accepts_valid_yearly PASSED [ 46%]
tools/test_fourier_seasonality.py::test_gate_rejects_noise_autocorr_on_short_series PASSED [ 46%]
tools/test_fourier_seasonality.py::test_significance_threshold_scales_with_n PASSED [ 46%]
tools/test_fourier_seasonality.py::test_list_columns_matches_generate PASSED [ 46%]
tools/test_fourier_seasonality.py::test_list_columns_degenerate PASSED   [ 46%]
tools/test_frontend_schema_parity.py::test_frontend_keys_extracted_nonempty PASSED [ 46%]
tools/test_frontend_schema_parity.py::test_every_frontend_key_in_both_schemas PASSED [ 46%]
tools/test_frontend_schema_parity.py::test_two_train_schemas_stay_in_sync PASSED [ 46%]
tools/test_frontend_schema_parity.py::test_master_flags_present_both_schemas PASSED [ 46%]
tools/test_goalseek_confidence.py::test_confidence_budget_geq_median_and_grows_with_uncertainty[7] PASSED [ 46%]
tools/test_goalseek_confidence.py::test_confidence_budget_geq_median_and_grows_with_uncertainty[23] PASSED [ 46%]
tools/test_goalseek_confidence.py::test_confidence_p_hit_self_consistent PASSED [ 46%]
tools/test_goalseek_confidence.py::test_backcompat_no_confidence_param_identical PASSED [ 46%]
tools/test_goalseek_confidence.py::test_confidence_without_posterior_marked_not_silent PASSED [ 47%]
tools/test_goalseek_confidence.py::test_confidence_invalid_rejected[0.0] PASSED [ 47%]
tools/test_goalseek_confidence.py::test_confidence_invalid_rejected[1.0] PASSED [ 47%]
tools/test_goalseek_confidence.py::test_confidence_invalid_rejected[1.5] PASSED [ 47%]
tools/test_goalseek_confidence.py::test_confidence_invalid_rejected[-0.3] PASSED [ 47%]
tools/test_goalseek_confidence.py::test_confidence_invalid_rejected[abc] PASSED [ 47%]
tools/test_goalseek_confidence.py::test_confidence_unreachable_message_names_probability PASSED [ 47%]
tools/test_goalseek_confidence.py::test_confidence_extrapolation_and_quantile_sales_semantics PASSED [ 47%]
tools/test_goalseek_honesty.py::test_F02_ci_reflects_posterior_spread[7] PASSED [ 47%]
tools/test_goalseek_honesty.py::test_F02_ci_reflects_posterior_spread[11] PASSED [ 47%]
tools/test_goalseek_honesty.py::test_F02_ci_reflects_posterior_spread[23] PASSED [ 47%]
tools/test_goalseek_honesty.py::test_F03_p_hit_from_posterior_samples_unit PASSED [ 47%]
tools/test_goalseek_honesty.py::test_F03_p_hit_method_posterior_e2e PASSED [ 47%]
tools/test_goalseek_honesty.py::test_F01_extrapolation_marker_fires_near_ceiling PASSED [ 47%]
tools/test_goalseek_honesty.py::test_F01_extrapolation_silent_in_observed_range PASSED [ 47%]
tools/test_goalseek_honesty.py::test_capped_ci_raises_saturation_banner PASSED [ 47%]
tools/test_goalseek_honesty.py::test_backcompat_no_posterior_falls_back PASSED [ 47%]
tools/test_help_links.py::test_internal_anchors_resolve[about.html] PASSED [ 47%]
tools/test_help_links.py::test_internal_anchors_resolve[data-preparation.html] PASSED [ 47%]
tools/test_help_links.py::test_internal_anchors_resolve[econometrica.html] PASSED [ 47%]
tools/test_help_links.py::test_internal_anchors_resolve[error-codes.html] PASSED [ 47%]
tools/test_help_links.py::test_internal_anchors_resolve[faq.html] PASSED [ 47%]
tools/test_help_links.py::test_internal_anchors_resolve[features.html] PASSED [ 47%]
tools/test_help_links.py::test_internal_anchors_resolve[glossary.html] PASSED [ 48%]
tools/test_help_links.py::test_internal_anchors_resolve[index.html] PASSED [ 48%]
tools/test_help_links.py::test_internal_anchors_resolve[install.html] PASSED [ 48%]
tools/test_help_links.py::test_internal_anchors_resolve[interpretation.html] PASSED [ 48%]
tools/test_help_links.py::test_internal_anchors_resolve[methodology.html] PASSED [ 48%]
tools/test_help_links.py::test_internal_anchors_resolve[pipeline.html] PASSED [ 48%]
tools/test_help_links.py::test_internal_anchors_resolve[system-requirements.html] PASSED [ 48%]
tools/test_help_links.py::test_internal_anchors_resolve[user-guide.html] PASSED [ 48%]
tools/test_help_links.py::test_internal_anchors_resolve[whats-new.html] PASSED [ 48%]
tools/test_help_links.py::test_local_file_links_exist[about.html] PASSED [ 48%]
tools/test_help_links.py::test_local_file_links_exist[data-preparation.html] PASSED [ 48%]
tools/test_help_links.py::test_local_file_links_exist[econometrica.html] PASSED [ 48%]
tools/test_help_links.py::test_local_file_links_exist[error-codes.html] PASSED [ 48%]
tools/test_help_links.py::test_local_file_links_exist[faq.html] PASSED   [ 48%]
tools/test_help_links.py::test_local_file_links_exist[features.html] PASSED [ 48%]
tools/test_help_links.py::test_local_file_links_exist[glossary.html] PASSED [ 48%]
tools/test_help_links.py::test_local_file_links_exist[index.html] PASSED [ 48%]
tools/test_help_links.py::test_local_file_links_exist[install.html] PASSED [ 48%]
tools/test_help_links.py::test_local_file_links_exist[interpretation.html] PASSED [ 48%]
tools/test_help_links.py::test_local_file_links_exist[methodology.html] PASSED [ 48%]
tools/test_help_links.py::test_local_file_links_exist[pipeline.html] PASSED [ 48%]
tools/test_help_links.py::test_local_file_links_exist[system-requirements.html] PASSED [ 48%]
tools/test_help_links.py::test_local_file_links_exist[user-guide.html] PASSED [ 48%]
tools/test_help_links.py::test_local_file_links_exist[whats-new.html] PASSED [ 49%]
tools/test_help_links.py::test_help_dir_not_empty PASSED                 [ 49%]
tools/test_hill_numerics.py::test_overflow_limit_is_one_not_nan PASSED   [ 49%]
tools/test_hill_numerics.py::test_normal_range_byte_exact_vs_direct_formula PASSED [ 49%]
tools/test_hill_numerics.py::test_nan_input_not_masked PASSED            [ 49%]
tools/test_hill_numerics.py::test_batch_variants_overflow_limits PASSED  [ 49%]
tools/test_hill_numerics.py::test_derivative_normal_range_unchanged PASSED [ 49%]
tools/test_holiday_calendar_granularity.py::TestMonthlyFraction::test_black_friday_stable_every_november PASSED [ 49%]
tools/test_holiday_calendar_granularity.py::TestMonthlyFraction::test_sale_period_runs_from_start PASSED [ 49%]
tools/test_holiday_calendar_granularity.py::TestMonthlyFraction::test_previously_dead_holidays_alive PASSED [ 49%]
tools/test_holiday_calendar_granularity.py::TestMonthlyFraction::test_fraction_values_exact PASSED [ 49%]
tools/test_holiday_calendar_granularity.py::TestMonthlyFraction::test_som_eom_invariant PASSED [ 49%]
tools/test_holiday_calendar_granularity.py::TestMonthlyFraction::test_values_bounded_0_1 PASSED [ 49%]
tools/test_holiday_calendar_granularity.py::TestWeeklyDailyFraction::test_weekly_partial_overlap PASSED [ 49%]
tools/test_holiday_calendar_granularity.py::TestWeeklyDailyFraction::test_daily_degenerates_to_binary PASSED [ 49%]
tools/test_holiday_calendar_granularity.py::TestLegacyBinaryPointMode::test_monthly_eom_legacy_flaky_reproduced PASSED [ 49%]
tools/test_holiday_calendar_granularity.py::TestLegacyBinaryPointMode::test_invalid_mode_raises PASSED [ 49%]
tools/test_holiday_calendar_granularity.py::TestNameDedup::test_normalize_equivalence[holiday_black_friday-holiday_blackfriday] PASSED [ 49%]
tools/test_holiday_calendar_granularity.py::TestNameDedup::test_normalize_equivalence[holiday_black_friday-Holiday Black-Friday] PASSED [ 49%]
tools/test_holiday_calendar_granularity.py::TestNameDedup::test_normalize_equivalence[holiday_newyear_preshop-HOLIDAY NEWYEAR PRESHOP] PASSED [ 49%]
tools/test_holiday_calendar_granularity.py::TestNameDedup::test_user_column_covers_auto PASSED [ 49%]
tools/test_holiday_calendar_granularity.py::TestNameDedup::test_covers_without_prefix_and_synonyms[black_friday-holiday_black_friday] PASSED [ 49%]
tools/test_holiday_calendar_granularity.py::TestNameDedup::test_covers_without_prefix_and_synonyms[blackfriday-holiday_black_friday] PASSED [ 49%]
tools/test_holiday_calendar_granularity.py::TestNameDedup::test_covers_without_prefix_and_synonyms[BlackFriday-holiday_black_friday] PASSED [ 50%]
tools/test_holiday_calendar_granularity.py::TestNameDedup::test_covers_without_prefix_and_synonyms[promo_black_friday_2024-holiday_black_friday] PASSED [ 50%]
tools/test_holiday_calendar_granularity.py::TestNameDedup::test_covers_without_prefix_and_synonyms[cyber_monday-holiday_cyber_monday] PASSED [ 50%]
tools/test_holiday_calendar_granularity.py::TestNameDedup::test_covers_without_prefix_and_synonyms[back_to_school-holiday_back_to_school] PASSED [ 50%]
tools/test_holiday_calendar_granularity.py::TestNameDedup::test_covers_without_prefix_and_synonyms[valentine_promo-holiday_valentine] PASSED [ 50%]
tools/test_holiday_calendar_granularity.py::TestNameDedup::test_covers_without_prefix_and_synonyms[defender_day-holiday_defender_day] PASSED [ 50%]
tools/test_holiday_calendar_granularity.py::TestNameDedup::test_covers_without_prefix_and_synonyms[\u0447\u0451\u0440\u043d\u0430\u044f_\u043f\u044f\u0442\u043d\u0438\u0446\u0430-holiday_black_friday] PASSED [ 50%]
tools/test_holiday_calendar_granularity.py::TestNameDedup::test_covers_without_prefix_and_synonyms[\u0447\u0435\u0440\u043d\u0430\u044f \u043f\u044f\u0442\u043d\u0438\u0446\u0430-holiday_black_friday] PASSED [ 50%]
tools/test_holiday_calendar_granularity.py::TestNameDedup::test_covers_without_prefix_and_synonyms[\u0434\u0435\u043d\u044c_\u0440\u043e\u0441\u0441\u0438\u0438-holiday_russia_day] PASSED [ 50%]
tools/test_holiday_calendar_granularity.py::TestNameDedup::test_covers_without_prefix_and_synonyms[\u0448\u043a\u043e\u043b\u044c\u043d\u044b\u0435_\u043a\u0430\u043d\u0438\u043a\u0443\u043b\u044b-holiday_school_breaks] PASSED [ 50%]
tools/test_holiday_calendar_granularity.py::TestNameDedup::test_covers_without_prefix_and_synonyms[\u0436\u0435\u043d\u0441\u043a\u0438\u0439_\u0434\u0435\u043d\u044c-holiday_march8] PASSED [ 50%]
tools/test_holiday_calendar_granularity.py::TestNameDedup::test_covers_without_prefix_and_synonyms[8_march-holiday_march8] PASSED [ 50%]
tools/test_holiday_calendar_granularity.py::TestNameDedup::test_covers_without_prefix_and_synonyms[8\u043c\u0430\u0440\u0442\u0430-holiday_march8] PASSED [ 50%]
tools/test_holiday_calendar_granularity.py::TestNameDedup::test_covers_without_prefix_and_synonyms[march8_sales-holiday_march8] PASSED [ 50%]
tools/test_holiday_calendar_granularity.py::TestNameDedup::test_covers_without_prefix_and_synonyms[23_\u0444\u0435\u0432\u0440\u0430\u043b\u044f-holiday_defender_day] PASSED [ 50%]
tools/test_holiday_calendar_granularity.py::TestNameDedup::test_covers_without_prefix_and_synonyms[14_\u0444\u0435\u0432\u0440\u0430\u043b\u044f-holiday_valentine] PASSED [ 50%]
tools/test_holiday_calendar_granularity.py::TestNameDedup::test_covers_without_prefix_and_synonyms[4_\u043d\u043e\u044f\u0431\u0440\u044f-holiday_unity_day] PASSED [ 50%]
tools/test_holiday_calendar_granularity.py::TestNameDedup::test_covers_without_prefix_and_synonyms[9_\u043c\u0430\u044f-holiday_may_holidays] PASSED [ 50%]
tools/test_holiday_calendar_granularity.py::TestNameDedup::test_covers_without_prefix_and_synonyms[1_\u0441\u0435\u043d\u0442\u044f\u0431\u0440\u044f-holiday_back_to_school] PASSED [ 50%]
tools/test_holiday_calendar_granularity.py::TestNameDedup::test_no_false_coverage_realistic_columns[sales_rub] PASSED [ 50%]
tools/test_holiday_calendar_granularity.py::TestNameDedup::test_no_false_coverage_realistic_columns[sales_packs] PASSED [ 50%]
tools/test_holiday_calendar_granularity.py::TestNameDedup::test_no_false_coverage_realistic_columns[leads] PASSED [ 50%]
tools/test_holiday_calendar_granularity.py::TestNameDedup::test_no_false_coverage_realistic_columns[tv_spend] PASSED [ 50%]
tools/test_holiday_calendar_granularity.py::TestNameDedup::test_no_false_coverage_realistic_columns[tv_trp] PASSED [ 51%]
tools/test_holiday_calendar_granularity.py::TestNameDedup::test_no_false_coverage_realistic_columns[tv_grp] PASSED [ 51%]
tools/test_holiday_calendar_granularity.py::TestNameDedup::test_no_false_coverage_realistic_columns[digital_spend] PASSED [ 51%]
tools/test_holiday_calendar_granularity.py::TestNameDedup::test_no_false_coverage_realistic_columns[digital_impressions] PASSED [ 51%]
tools/test_holiday_calendar_granularity.py::TestNameDedup::test_no_false_coverage_realistic_columns[ooh_spend] PASSED [ 51%]
tools/test_holiday_calendar_granularity.py::TestNameDedup::test_no_false_coverage_realistic_columns[ooh_contacts] PASSED [ 51%]
tools/test_holiday_calendar_granularity.py::TestNameDedup::test_no_false_coverage_realistic_columns[performance_spend] PASSED [ 51%]
tools/test_holiday_calendar_granularity.py::TestNameDedup::test_no_false_coverage_realistic_columns[performance_clicks] PASSED [ 51%]
tools/test_holiday_calendar_granularity.py::TestNameDedup::test_no_false_coverage_realistic_columns[apteka_spend] PASSED [ 51%]
tools/test_holiday_calendar_granularity.py::TestNameDedup::test_no_false_coverage_realistic_columns[apteka_contacts] PASSED [ 51%]
tools/test_holiday_calendar_granularity.py::TestNameDedup::test_no_false_coverage_realistic_columns[retail_media_spend] PASSED [ 51%]
tools/test_holiday_calendar_granularity.py::TestNameDedup::test_no_false_coverage_realistic_columns[competitor_trp] PASSED [ 51%]
tools/test_holiday_calendar_granularity.py::TestNameDedup::test_no_false_coverage_realistic_columns[competitor_promo] PASSED [ 51%]
tools/test_holiday_calendar_granularity.py::TestNameDedup::test_no_false_coverage_realistic_columns[competitor_activity] PASSED [ 51%]
tools/test_holiday_calendar_granularity.py::TestNameDedup::test_no_false_coverage_realistic_columns[price_index] PASSED [ 51%]
tools/test_holiday_calendar_granularity.py::TestNameDedup::test_no_false_coverage_realistic_columns[category_sales] PASSED [ 51%]
tools/test_holiday_calendar_granularity.py::TestNameDedup::test_no_false_coverage_realistic_columns[weather_temp_low] PASSED [ 51%]
tools/test_holiday_calendar_granularity.py::TestNameDedup::test_no_false_coverage_realistic_columns[macro_cpi] PASSED [ 51%]
tools/test_holiday_calendar_granularity.py::TestNameDedup::test_no_false_coverage_realistic_columns[promo_indicator] PASSED [ 51%]
tools/test_holiday_calendar_granularity.py::TestNameDedup::test_no_false_coverage_realistic_columns[mayonnaise_sales] PASSED [ 51%]
tools/test_holiday_calendar_granularity.py::TestNameDedup::test_no_false_coverage_realistic_columns[russian_market] PASSED [ 51%]
tools/test_holiday_calendar_granularity.py::TestNameDedup::test_no_false_coverage_realistic_columns[community_reach] PASSED [ 51%]
tools/test_holiday_calendar_granularity.py::TestNameDedup::test_no_false_coverage_realistic_columns[marchmadness_promo] PASSED [ 51%]
tools/test_holiday_calendar_granularity.py::TestNameDedup::test_no_false_coverage_realistic_columns[may_revenue] PASSED [ 52%]
tools/test_holiday_calendar_granularity.py::TestNameDedup::test_no_false_coverage_realistic_columns[unity_engine_ver] PASSED [ 52%]
tools/test_holiday_calendar_granularity.py::TestNameDedup::test_no_false_coverage_realistic_columns[marketing_budget] PASSED [ 52%]
tools/test_holiday_calendar_granularity.py::TestNameDedup::test_no_false_coverage_realistic_columns[friday_traffic] PASSED [ 52%]
tools/test_holiday_calendar_granularity.py::TestNameDedup::test_no_false_coverage_realistic_columns[monday_sales] PASSED [ 52%]
tools/test_holiday_calendar_granularity.py::TestNameDedup::test_no_false_coverage_realistic_columns[summer_promo] PASSED [ 52%]
tools/test_holiday_calendar_granularity.py::TestNameDedup::test_no_false_coverage_realistic_columns[\u043f\u043e\u0431\u0435\u0434\u0430_\u0431\u0440\u0435\u043d\u0434] PASSED [ 52%]
tools/test_holiday_calendar_granularity.py::TestNameDedup::test_no_false_coverage_realistic_columns[\u0440\u043e\u0441\u0441\u0438\u044f_\u0440\u0435\u0433\u0438\u043e\u043d] PASSED [ 52%]
tools/test_holiday_calendar_granularity.py::TestNameDedup::test_no_false_coverage_realistic_columns[\u0448\u043a\u043e\u043b\u0430_\u0442\u0430\u043d\u0446\u0435\u0432] PASSED [ 52%]
tools/test_holiday_calendar_granularity.py::TestNameDedup::test_no_false_coverage_realistic_columns[\u0432\u0430\u043b\u0435\u043d\u0442\u0438\u043d\u0430_\u043f\u043b\u0430\u043d] PASSED [ 52%]
tools/test_holiday_calendar_granularity.py::TestNameDedup::test_exact_name_covers_exactly_one PASSED [ 52%]
tools/test_holiday_calendar_granularity.py::TestNameDedup::test_generic_newyear_covers_both PASSED [ 52%]
tools/test_holiday_calendar_granularity.py::TestNameDedup::test_ssot_every_definition_has_aliases PASSED [ 52%]
tools/test_holiday_calendar_granularity.py::TestNameDedup::test_empty PASSED [ 52%]
tools/test_holiday_calendar_granularity.py::TestWindowKinds::test_every_definition_has_window_kind PASSED [ 52%]
tools/test_holiday_calendar_granularity.py::TestWindowKinds::test_expected_classification PASSED [ 52%]
tools/test_holiday_calendar_granularity.py::TestWindowKinds::test_sale_windows_only_widen_in_fraction_mode PASSED [ 52%]
tools/test_holiday_calendar_granularity.py::TestCollinearityOnFraction::test_expected_overlap_detected PASSED [ 52%]
tools/test_html_timeline_two_level.py::test_payload_has_two_modes PASSED [ 52%]
tools/test_html_timeline_two_level.py::test_overview_matches_ssot_collapse PASSED [ 52%]
tools/test_html_timeline_two_level.py::test_detail_keeps_full_composition PASSED [ 52%]
tools/test_html_timeline_two_level.py::test_modes_share_identity PASSED  [ 52%]
tools/test_html_trust_loop.py::test_bare_html_has_no_trust_section PASSED [ 52%]
tools/test_html_trust_loop.py::test_full_html_has_all_four_blocks PASSED [ 53%]
tools/test_html_trust_loop.py::test_full_html_no_wireframe_markers PASSED [ 53%]
tools/test_integration_kagocel_pathologies.py::test_pickle_loads_via_compat_helper PASSED [ 53%]
tools/test_integration_kagocel_pathologies.py::test_brand_channels_have_higher_decay_than_performance PASSED [ 53%]
tools/test_integration_kagocel_pathologies.py::test_categorization_warnings_field_present PASSED [ 53%]
tools/test_integration_kagocel_pathologies.py::test_hierarchical_priors_summary_persisted PASSED [ 53%]
tools/test_integration_kagocel_pathologies.py::test_synthetic_smoke_pickle_works PASSED [ 53%]
tools/test_kpi_labels.py::test_metric_label_monetary_roi PASSED          [ 53%]
tools/test_kpi_labels.py::test_metric_label_count_roi PASSED             [ 53%]
tools/test_kpi_labels.py::test_metric_label_effectiveness_overrides_kpi_kind PASSED [ 53%]
tools/test_kpi_labels.py::test_metric_label_default PASSED               [ 53%]
tools/test_kpi_labels.py::test_metric_short_label PASSED                 [ 53%]
tools/test_kpi_labels.py::test_target_unit_label_monetary PASSED         [ 53%]
tools/test_kpi_labels.py::test_target_unit_label_count PASSED            [ 53%]
tools/test_kpi_labels.py::test_target_axis_label_monetary PASSED         [ 53%]
tools/test_kpi_labels.py::test_target_axis_label_count PASSED            [ 53%]
tools/test_kpi_labels.py::test_format_metric_monetary_roi PASSED         [ 53%]
tools/test_kpi_labels.py::test_format_metric_count_inverts_to_cpu PASSED [ 53%]
tools/test_kpi_labels.py::test_format_metric_effectiveness PASSED        [ 53%]
tools/test_kpi_labels.py::test_format_metric_none_returns_dash PASSED    [ 53%]
tools/test_kpi_labels.py::test_cover_summary_monetary_roi PASSED         [ 53%]
tools/test_kpi_labels.py::test_cover_summary_count_with_value PASSED     [ 53%]
tools/test_kpi_labels.py::test_cover_summary_count_without_value PASSED  [ 53%]
tools/test_kpi_labels.py::test_cover_summary_effectiveness_mentions_share PASSED [ 54%]
tools/test_kpi_labels.py::test_methodology_label_monetary_explains_roi PASSED [ 54%]
tools/test_kpi_labels.py::test_methodology_label_count_explains_cpu_vs_value PASSED [ 54%]
tools/test_kpi_registry.py::test_registry_has_sales_and_awareness PASSED [ 54%]
tools/test_kpi_registry.py::test_list_kpi_types_returns_known PASSED     [ 54%]
tools/test_kpi_registry.py::test_get_kpi_config_returns_kpi_config_instance PASSED [ 54%]
tools/test_kpi_registry.py::test_unknown_kpi_type_raises_value_error PASSED [ 54%]
tools/test_kpi_registry.py::test_get_kpi_config_rejects_non_string PASSED [ 54%]
tools/test_kpi_registry.py::test_kpi_config_is_frozen_immutable PASSED   [ 54%]
tools/test_kpi_registry.py::test_list_kpi_types_returns_immutable_tuple PASSED [ 54%]
tools/test_kpi_registry.py::test_list_kpi_types_sorted_for_stable_ui PASSED [ 54%]
tools/test_kpi_registry.py::test_sales_config_likelihood_is_normal PASSED [ 54%]
tools/test_kpi_registry.py::test_sales_config_ceiling_is_none PASSED     [ 54%]
tools/test_kpi_registry.py::test_sales_config_no_baseline_drift PASSED   [ 54%]
tools/test_kpi_registry.py::test_sales_config_priors_match_trust3_frozen PASSED [ 54%]
tools/test_kpi_registry.py::test_sales_config_beta_sigmas_match_trust3 PASSED [ 54%]
tools/test_kpi_registry.py::test_sales_config_hill_gammas_match_trust3 PASSED [ 54%]
tools/test_kpi_registry.py::test_sales_config_obs_sigma_matches_trust3 PASSED [ 54%]
tools/test_kpi_registry.py::test_awareness_config_likelihood_is_logit_normal PASSED [ 54%]
tools/test_kpi_registry.py::test_awareness_config_ceiling_is_100 PASSED  [ 54%]
tools/test_kpi_registry.py::test_awareness_config_has_baseline_drift PASSED [ 54%]
tools/test_kpi_registry.py::test_awareness_brand_decay_longer_than_sales PASSED [ 54%]
tools/test_kpi_registry.py::test_awareness_hill_saturation_earlier_than_sales PASSED [ 54%]
tools/test_kpi_registry_v13.py::test_sales_has_monetary_kind PASSED      [ 55%]
tools/test_kpi_registry_v13.py::test_revenue_has_monetary_kind PASSED    [ 55%]
tools/test_kpi_registry_v13.py::test_profit_has_monetary_kind PASSED     [ 55%]
tools/test_kpi_registry_v13.py::test_sales_packs_has_count_kind PASSED   [ 55%]
tools/test_kpi_registry_v13.py::test_leads_has_count_kind PASSED         [ 55%]
tools/test_kpi_registry_v13.py::test_registrations_has_count_kind PASSED [ 55%]
tools/test_kpi_registry_v13.py::test_loyalty_cards_has_count_kind PASSED [ 55%]
tools/test_kpi_registry_v13.py::test_subscriptions_has_count_kind PASSED [ 55%]
tools/test_kpi_registry_v13.py::test_app_installs_has_count_kind PASSED  [ 55%]
tools/test_kpi_registry_v13.py::test_count_custom_has_count_kind PASSED  [ 55%]
tools/test_kpi_registry_v13.py::test_awareness_has_proportional_kind PASSED [ 55%]
tools/test_kpi_registry_v13.py::test_sales_packs_label_is_margin_per_pack PASSED [ 55%]
tools/test_kpi_registry_v13.py::test_leads_label_is_value_per_lead PASSED [ 55%]
tools/test_kpi_registry_v13.py::test_subscriptions_label_is_mrr PASSED   [ 55%]
tools/test_kpi_registry_v13.py::test_monetary_kpis_have_empty_label PASSED [ 55%]
tools/test_kpi_registry_v13.py::test_get_value_per_count_unit_label_helper PASSED [ 55%]
tools/test_kpi_registry_v13.py::test_is_count_kpi_for_all_count_types PASSED [ 55%]
tools/test_kpi_registry_v13.py::test_is_count_kpi_false_for_monetary PASSED [ 55%]
tools/test_kpi_registry_v13.py::test_is_count_kpi_false_for_awareness PASSED [ 55%]
tools/test_kpi_registry_v13.py::test_is_monetary_kpi_for_all_monetary_types PASSED [ 55%]
tools/test_kpi_registry_v13.py::test_is_monetary_kpi_false_for_count PASSED [ 55%]
tools/test_kpi_registry_v13.py::test_is_out_of_scope_v13_for_awareness PASSED [ 55%]
tools/test_kpi_registry_v13.py::test_is_out_of_scope_v13_false_for_v13_kpis PASSED [ 55%]
tools/test_kpi_registry_v13.py::test_list_count_kpi_types_returns_seven PASSED [ 56%]
tools/test_kpi_registry_v13.py::test_list_monetary_kpi_types_returns_three PASSED [ 56%]
tools/test_kpi_registry_v13.py::test_count_kpi_without_label_raises_at_import PASSED [ 56%]
tools/test_kpi_registry_v13.py::test_monetary_kpi_with_label_raises_at_import PASSED [ 56%]
tools/test_kpi_registry_v13.py::test_v12_sales_priors_unchanged PASSED   [ 56%]
tools/test_kpi_registry_v13.py::test_v12_awareness_priors_unchanged PASSED [ 56%]
tools/test_lift_formula_canonical.py::test_optimizer_returns_canonical_and_legacy_lift[0] PASSED [ 56%]
tools/test_lift_formula_canonical.py::test_optimizer_returns_canonical_and_legacy_lift[1] PASSED [ 56%]
tools/test_lift_formula_canonical.py::test_optimizer_returns_canonical_and_legacy_lift[2] PASSED [ 56%]
tools/test_lift_formula_canonical.py::test_scenario_returns_canonical_and_legacy_lift[0] PASSED [ 56%]
tools/test_lift_formula_canonical.py::test_scenario_returns_canonical_and_legacy_lift[1] PASSED [ 56%]
tools/test_lift_formula_canonical.py::test_scenario_returns_canonical_and_legacy_lift[2] PASSED [ 56%]
tools/test_lift_formula_canonical.py::test_optimizer_scenario_lift_consistency[0] PASSED [ 56%]
tools/test_lift_formula_canonical.py::test_optimizer_scenario_lift_consistency[1] PASSED [ 56%]
tools/test_lift_formula_canonical.py::test_optimizer_scenario_lift_consistency[2] PASSED [ 56%]
tools/test_lift_formula_canonical.py::test_legacy_rollback_flag[0] PASSED [ 56%]
tools/test_lift_formula_canonical.py::test_legacy_rollback_flag[1] PASSED [ 56%]
tools/test_lift_formula_canonical.py::test_canonical_lift_not_zero_when_media_changes[0] PASSED [ 56%]
tools/test_lift_formula_canonical.py::test_canonical_lift_not_zero_when_media_changes[1] PASSED [ 56%]
tools/test_lift_formula_canonical.py::test_canonical_lift_not_zero_when_media_changes[2] PASSED [ 56%]
tools/test_lift_formula_canonical.py::test_optimizer_handles_missing_normalization_fields PASSED [ 56%]
tools/test_lift_formula_canonical.py::test_optimizer_handles_zero_y_std PASSED [ 56%]
tools/test_lift_formula_canonical.py::test_optimizer_persists_lift_diagnostics_field[0] PASSED [ 56%]
tools/test_lift_formula_canonical.py::test_optimizer_lift_diagnostics_env_override PASSED [ 57%]
tools/test_lift_formula_canonical.py::test_lift_consistency_across_engines[0] PASSED [ 57%]
tools/test_lift_formula_canonical.py::test_lift_consistency_across_engines[1] PASSED [ 57%]
tools/test_lift_ssot_helper.py::test_canonical_lift_pct_positive PASSED  [ 57%]
tools/test_lift_ssot_helper.py::test_canonical_lift_pct_negative PASSED  [ 57%]
tools/test_lift_ssot_helper.py::test_canonical_lift_pct_zero_change PASSED [ 57%]
tools/test_lift_ssot_helper.py::test_canonical_lift_pct_large_baseline PASSED [ 57%]
tools/test_lift_ssot_helper.py::test_canonical_lift_pct_baseline_zero PASSED [ 57%]
tools/test_lift_ssot_helper.py::test_canonical_lift_pct_baseline_near_zero PASSED [ 57%]
tools/test_lift_ssot_helper.py::test_canonical_lift_pct_baseline_negative_treated_as_degenerate PASSED [ 57%]
tools/test_lift_ssot_helper.py::test_canonical_lift_pct_nan_optimal_returns_none PASSED [ 57%]
tools/test_lift_ssot_helper.py::test_canonical_lift_pct_nan_current_returns_none PASSED [ 57%]
tools/test_lift_ssot_helper.py::test_canonical_lift_pct_inf_returns_none PASSED [ 57%]
tools/test_lift_ssot_helper.py::test_canonical_lift_pct_string_inputs_return_none PASSED [ 57%]
tools/test_lift_ssot_helper.py::test_canonical_lift_pct_epsilon_kwarg PASSED [ 57%]
tools/test_lift_ssot_helper.py::test_y_std_non_numeric_treated_degenerate[None] PASSED [ 57%]
tools/test_lift_ssot_helper.py::test_y_std_non_numeric_treated_degenerate[foo] PASSED [ 57%]
tools/test_lift_ssot_helper.py::test_y_std_non_numeric_treated_degenerate[value2] PASSED [ 57%]
tools/test_lift_ssot_helper.py::test_y_std_non_numeric_treated_degenerate[value3] PASSED [ 57%]
tools/test_lift_ssot_helper.py::test_y_std_non_numeric_treated_degenerate[value4] PASSED [ 57%]
tools/test_lift_ssot_helper.py::test_y_std_zero_degenerate PASSED        [ 57%]
tools/test_lift_ssot_helper.py::test_y_std_near_zero_degenerate PASSED   [ 57%]
tools/test_lift_ssot_helper.py::test_y_std_normal_not_degenerate PASSED  [ 57%]
tools/test_lift_ssot_helper.py::test_y_std_negative_treated_as_degenerate PASSED [ 58%]
tools/test_lift_ssot_helper.py::test_y_std_nan_treated_as_degenerate PASSED [ 58%]
tools/test_lift_ssot_helper.py::test_y_std_inf_treated_as_not_degenerate_but_non_finite PASSED [ 58%]
tools/test_lift_ssot_helper.py::test_legacy_env_active PASSED            [ 58%]
tools/test_lift_ssot_helper.py::test_legacy_env_inactive_when_unset PASSED [ 58%]
tools/test_lift_ssot_helper.py::test_legacy_env_inactive_with_other_value PASSED [ 58%]
tools/test_lift_ssot_helper.py::test_select_lift_pct_canonical_path PASSED [ 58%]
tools/test_lift_ssot_helper.py::test_select_lift_pct_diagnostics_dataclass PASSED [ 58%]
tools/test_lift_ssot_helper.py::test_select_lift_pct_env_override_returns_legacy PASSED [ 58%]
tools/test_lift_ssot_helper.py::test_select_lift_pct_env_ignored_when_degenerate PASSED [ 58%]
tools/test_lift_ssot_helper.py::test_select_lift_pct_y_std_zero_returns_legacy PASSED [ 58%]
tools/test_lift_ssot_helper.py::test_select_lift_pct_y_std_none_returns_legacy PASSED [ 58%]
tools/test_lift_ssot_helper.py::test_select_lift_pct_baseline_zero_returns_legacy PASSED [ 58%]
tools/test_lift_ssot_helper.py::test_select_lift_pct_baseline_near_zero_returns_legacy PASSED [ 58%]
tools/test_lift_ssot_helper.py::test_select_lift_pct_priority_y_std_over_baseline PASSED [ 58%]
tools/test_lift_ssot_helper.py::test_select_lift_pct_optimizer_scenario_same_inputs_same_output PASSED [ 58%]
tools/test_lift_ssot_helper.py::test_select_lift_pct_different_legacy_fallbacks_isolated PASSED [ 58%]
tools/test_lift_ssot_helper.py::test_select_lift_pct_finite_output PASSED [ 58%]
tools/test_lift_ssot_helper.py::test_select_lift_pct_nan_kpi_returns_legacy_via_baseline_zero PASSED [ 58%]
tools/test_lift_ssot_helper.py::test_select_lift_pct_inf_kpi_returns_legacy PASSED [ 58%]
tools/test_lift_ssot_helper.py::test_select_lift_pct_negative_y_std_dispatches_y_std_fallback PASSED [ 58%]
tools/test_lift_ssot_helper.py::test_select_lift_pct_legacy_fallback_can_be_negative PASSED [ 58%]
tools/test_lift_ssot_helper.py::test_select_lift_pct_kagocel_reproduction PASSED [ 58%]
tools/test_mcmc_params_backend.py::test_jax_without_compiler_gets_full_params PASSED [ 59%]
tools/test_mcmc_params_backend.py::test_compiler_without_jax_gets_full_params PASSED [ 59%]
tools/test_mcmc_params_backend.py::test_neither_gets_reduced_but_honest_sampler PASSED [ 59%]
tools/test_mcmc_params_backend.py::test_autodetect_in_this_env PASSED    [ 59%]
tools/test_mode_inference.py::test_all_monetary_derives_roi PASSED       [ 59%]
tools/test_mode_inference.py::test_all_physical_derives_effectiveness PASSED [ 59%]
tools/test_mode_inference.py::test_mixed_derives_manual PASSED           [ 59%]
tools/test_mode_inference.py::test_empty_dict_derives_roi_default PASSED [ 59%]
tools/test_mode_inference.py::test_single_monetary_channel PASSED        [ 59%]
tools/test_mode_inference.py::test_single_physical_channel PASSED        [ 59%]
tools/test_mode_inference.py::test_two_channels_one_each PASSED          [ 59%]
tools/test_mode_inference.py::test_many_channels_all_monetary PASSED     [ 59%]
tools/test_mode_inference.py::test_many_channels_all_physical PASSED     [ 59%]
tools/test_mode_inference.py::test_invalid_metric_raises PASSED          [ 59%]
tools/test_mode_inference.py::test_invalid_metric_in_one_channel_raises PASSED [ 59%]
tools/test_mode_inference.py::test_is_mixed_mode_true PASSED             [ 59%]
tools/test_mode_inference.py::test_is_mixed_mode_false_for_roi PASSED    [ 59%]
tools/test_mode_inference.py::test_is_mixed_mode_false_for_effectiveness PASSED [ 59%]
tools/test_mode_inference.py::test_summary_counts_correctly PASSED       [ 59%]
tools/test_mode_inference.py::test_summary_zero_counts PASSED            [ 59%]
tools/test_mode_inference.py::test_explanation_for_roi_mentions_money PASSED [ 59%]
tools/test_mode_inference.py::test_explanation_for_effectiveness_mentions_physical PASSED [ 59%]
tools/test_mode_inference.py::test_explanation_for_manual_mentions_mixed PASSED [ 60%]
tools/test_model_compare.py::test_channel_verdict_rules PASSED           [ 60%]
tools/test_model_compare.py::test_compare_ok_structure PASSED            [ 60%]
tools/test_model_compare.py::test_canary_verdict_recount PASSED          [ 60%]
tools/test_model_compare.py::test_no_side_effects_on_current_results PASSED [ 60%]
tools/test_model_compare.py::test_saved_roundtrip_and_determinism PASSED [ 60%]
tools/test_model_compare.py::test_insufficient_without_history PASSED    [ 60%]
tools/test_model_compare.py::test_generation_not_found PASSED            [ 60%]
tools/test_model_compare.py::test_no_model_error PASSED                  [ 60%]
tools/test_model_compare.py::test_drift_check_on_fresh_tail PASSED       [ 60%]
tools/test_model_compare.py::test_drift_insufficient_without_history PASSED [ 60%]
tools/test_model_compare.py::test_drift_deterministic PASSED             [ 60%]
tools/test_narrative_coherence.py::test_action_mapping PASSED            [ 60%]
tools/test_narrative_coherence.py::test_html_table_commentary_coherence PASSED [ 60%]
tools/test_narrative_coherence.py::test_findings_counts PASSED           [ 60%]
tools/test_narrative_coherence.py::test_converged_at_current_banner PASSED [ 60%]
tools/test_optimizer_brand_perf_integration.py::test_brand_max_constraint_respected PASSED [ 60%]
tools/test_optimizer_brand_perf_integration.py::test_brand_min_constraint_respected PASSED [ 60%]
tools/test_optimizer_brand_perf_integration.py::test_perf_max_constraint_respected PASSED [ 60%]
tools/test_optimizer_brand_perf_integration.py::test_per_group_rejected_for_flat_model PASSED [ 60%]
tools/test_optimizer_brand_perf_integration.py::test_constraint_hierarchy_violation_rejected PASSED [ 60%]
tools/test_optimizer_brand_perf_integration.py::test_perf_hierarchy_violation_rejected PASSED [ 60%]
tools/test_optimizer_brand_perf_integration.py::test_no_per_group_backward_compat PASSED [ 60%]
tools/test_optimizer_brand_perf_integration.py::test_no_per_group_on_flat_model_works PASSED [ 61%]
tools/test_optimizer_brand_perf_integration.py::test_mixed_channel_falls_back_to_global PASSED [ 61%]
tools/test_optimizer_edge_cases.py::test_A1_forecast_periods_none_analyst_mode PASSED [ 61%]
tools/test_optimizer_edge_cases.py::test_A2_forecast_periods_equal_train PASSED [ 61%]
tools/test_optimizer_edge_cases.py::test_A3_forecast_periods_half_train PASSED [ 61%]
tools/test_optimizer_edge_cases.py::test_A4_forecast_periods_1_5x_train PASSED [ 61%]
tools/test_optimizer_edge_cases.py::test_A5_forecast_periods_2x_train_boundary PASSED [ 61%]
tools/test_optimizer_edge_cases.py::test_A6_forecast_periods_above_2x_rejected PASSED [ 61%]
tools/test_optimizer_edge_cases.py::test_A7_forecast_periods_zero_rejected PASSED [ 61%]
tools/test_optimizer_edge_cases.py::test_A8_forecast_periods_negative_rejected PASSED [ 61%]
tools/test_optimizer_edge_cases.py::test_A9_forecast_periods_garbage_rejected PASSED [ 61%]
tools/test_optimizer_edge_cases.py::test_B_channel_count_works[1] PASSED [ 61%]
tools/test_optimizer_edge_cases.py::test_B_channel_count_works[2] PASSED [ 61%]
tools/test_optimizer_edge_cases.py::test_B_channel_count_works[6] PASSED [ 61%]
tools/test_optimizer_edge_cases.py::test_B_channel_count_works[10] PASSED [ 61%]
tools/test_optimizer_edge_cases.py::test_B_channel_count_works[20] PASSED [ 61%]
tools/test_optimizer_edge_cases.py::test_C1_all_money_units PASSED       [ 61%]
tools/test_optimizer_edge_cases.py::test_C2_mixed_units_auto_derive_money_budget PASSED [ 61%]
tools/test_optimizer_edge_cases.py::test_C3_unit_smell_blocks_native_uc1 PASSED [ 61%]
tools/test_optimizer_edge_cases.py::test_C4_unit_smell_bypassed_by_money_budget_override PASSED [ 61%]
tools/test_optimizer_edge_cases.py::test_C5_native_unit_costs_explicit_no_smell PASSED [ 61%]
tools/test_optimizer_edge_cases.py::test_D1_money_target_equals_current PASSED [ 61%]
tools/test_optimizer_edge_cases.py::test_D2_money_target_half_current PASSED [ 61%]
tools/test_optimizer_edge_cases.py::test_D3_money_target_1_5x_current PASSED [ 62%]
tools/test_optimizer_edge_cases.py::test_D4_money_target_2x_current PASSED [ 62%]
tools/test_optimizer_edge_cases.py::test_D5_money_target_above_max_capacity_rejected PASSED [ 62%]
tools/test_optimizer_edge_cases.py::test_D6_money_target_below_min_floor_rejected PASSED [ 62%]
tools/test_optimizer_edge_cases.py::test_E1_whatif_half_wide_bounds_per_channel_no_unbound PASSED [ 62%]
tools/test_optimizer_edge_cases.py::test_E2_whatif_extreme_high_with_tight_bounds_explicit_infeasible PASSED [ 62%]
tools/test_optimizer_edge_cases.py::test_E3_whatif_zero_budget_explicit_reject PASSED [ 62%]
tools/test_optimizer_edge_cases.py::test_F_anchor_monotonic_planning_with_inflation[0] PASSED [ 62%]
tools/test_optimizer_edge_cases.py::test_F_anchor_monotonic_planning_with_inflation[1] PASSED [ 62%]
tools/test_optimizer_edge_cases.py::test_F_anchor_monotonic_planning_with_inflation[2] PASSED [ 62%]
tools/test_optimizer_edge_cases.py::test_F_anchor_monotonic_planning_with_inflation[3] PASSED [ 62%]
tools/test_optimizer_edge_cases.py::test_F_anchor_monotonic_planning_with_inflation[4] PASSED [ 62%]
tools/test_optimizer_edge_cases.py::test_G1_one_zero_spend_channel_doesnt_poison PASSED [ 62%]
tools/test_optimizer_edge_cases.py::test_G2_two_zero_spend_channels PASSED [ 62%]
tools/test_optimizer_edge_cases.py::test_G3_all_zero_spend_rejected PASSED [ 62%]
tools/test_optimizer_edge_cases.py::test_H1_partial_untrained_excluded_cleanly PASSED [ 62%]
tools/test_optimizer_edge_cases.py::test_H2_all_untrained_rejected PASSED [ 62%]
tools/test_optimizer_edge_cases.py::test_H3_one_untrained_mid_list PASSED [ 62%]
tools/test_optimizer_edge_cases.py::test_I1_awareness_below_cap_ok PASSED [ 62%]
tools/test_optimizer_edge_cases.py::test_I2_awareness_at_cap_ok PASSED   [ 62%]
tools/test_optimizer_edge_cases.py::test_I3_awareness_above_cap_rejected PASSED [ 62%]
tools/test_optimizer_edge_cases.py::test_J1_anchor_infeasible_no_unbound PASSED [ 62%]
tools/test_optimizer_edge_cases.py::test_J2_planning_forecast_n_eq_1_boundary PASSED [ 62%]
tools/test_optimizer_edge_cases.py::test_J3_per_group_on_flat_model_explicit_error PASSED [ 63%]
tools/test_optimizer_edge_cases.py::test_J4_brand_max_above_global_max_explicit_error PASSED [ 63%]
tools/test_optimizer_edge_cases.py::test_J5_combined_planning_perchannel_inflation_whatif PASSED [ 63%]
tools/test_optimizer_edge_cases.py::test_K1_inflation_none_no_change PASSED [ 63%]
tools/test_optimizer_edge_cases.py::test_K2_inflation_empty_dict_no_change PASSED [ 63%]
tools/test_optimizer_edge_cases.py::test_K3_inflation_partial_only_target_adjusted PASSED [ 63%]
tools/test_optimizer_edge_cases.py::test_K4_inflation_zero_pct_no_op PASSED [ 63%]
tools/test_optimizer_edge_cases.py::test_K5_inflation_uniform_30pct_all_native_adjusted PASSED [ 63%]
tools/test_optimizer_edge_cases.py::test_K6_inflation_unknown_channel_silent_skip PASSED [ 63%]
tools/test_optimizer_edge_cases.py::test_K7_inflation_negative_deflation PASSED [ 63%]
tools/test_optimizer_extrapolation.py::test_forward_extrapolation_fires_on_wide_bounds PASSED [ 63%]
tools/test_optimizer_extrapolation.py::test_forward_extrapolation_silent_in_observed_range PASSED [ 63%]
tools/test_optimizer_honesty.py::test_reliable_all_checks_pass PASSED    [ 63%]
tools/test_optimizer_honesty.py::test_uncertain_thin_data_kagocel_like PASSED [ 63%]
tools/test_optimizer_honesty.py::test_thin_data_tone_mentions_priors_not_broken PASSED [ 63%]
tools/test_optimizer_honesty.py::test_uncertain_weak_tier_even_if_ratio_ok PASSED [ 63%]
tools/test_optimizer_honesty.py::test_unreliable_high_rhat_refuses PASSED [ 63%]
tools/test_optimizer_honesty.py::test_unreliable_many_divergences_refuses PASSED [ 63%]
tools/test_optimizer_honesty.py::test_few_divergences_not_refused_but_uncertain PASSED [ 63%]
tools/test_optimizer_honesty.py::test_divergence_abs_floor_when_draws_unknown PASSED [ 63%]
tools/test_optimizer_honesty.py::test_unknown_when_no_diagnostics PASSED [ 63%]
tools/test_optimizer_honesty.py::test_ols_never_reliable PASSED          [ 63%]
tools/test_optimizer_honesty.py::test_holidays_excluded_caps_reliable_to_uncertain PASSED [ 63%]
tools/test_optimizer_honesty.py::test_holidays_excluded_adds_ovb_on_thin PASSED [ 64%]
tools/test_optimizer_honesty.py::test_no_checks_non_ols_is_unknown_not_reliable PASSED [ 64%]
tools/test_optimizer_honesty.py::test_reliable_requires_holidays_present PASSED [ 64%]
tools/test_optimizer_invariants.py::test_I1_monotonicity_wider_bounds_dominate[0] PASSED [ 64%]
tools/test_optimizer_invariants.py::test_I1_monotonicity_wider_bounds_dominate[1] PASSED [ 64%]
tools/test_optimizer_invariants.py::test_I1_monotonicity_wider_bounds_dominate[2] PASSED [ 64%]
tools/test_optimizer_invariants.py::test_I1_monotonicity_wider_bounds_dominate[3] PASSED [ 64%]
tools/test_optimizer_invariants.py::test_I1_monotonicity_wider_bounds_dominate[4] PASSED [ 64%]
tools/test_optimizer_invariants.py::test_I1_monotonicity_wider_bounds_dominate[5] PASSED [ 64%]
tools/test_optimizer_invariants.py::test_I1_monotonicity_wider_bounds_dominate[6] PASSED [ 64%]
tools/test_optimizer_invariants.py::test_I1_monotonicity_wider_bounds_dominate[7] PASSED [ 64%]
tools/test_optimizer_invariants.py::test_I1_monotonicity_wider_bounds_dominate[8] PASSED [ 64%]
tools/test_optimizer_invariants.py::test_I1_monotonicity_wider_bounds_dominate[9] PASSED [ 64%]
tools/test_optimizer_invariants.py::test_I1_monotonicity_wider_bounds_dominate[10] PASSED [ 64%]
tools/test_optimizer_invariants.py::test_I1_monotonicity_wider_bounds_dominate[11] PASSED [ 64%]
tools/test_optimizer_invariants.py::test_I1_monotonicity_wider_bounds_dominate[12] PASSED [ 64%]
tools/test_optimizer_invariants.py::test_I1_monotonicity_wider_bounds_dominate[13] PASSED [ 64%]
tools/test_optimizer_invariants.py::test_I1_monotonicity_wider_bounds_dominate[14] PASSED [ 64%]
tools/test_optimizer_invariants.py::test_I1_monotonicity_wider_bounds_dominate[15] PASSED [ 64%]
tools/test_optimizer_invariants.py::test_I1_monotonicity_wider_bounds_dominate[16] PASSED [ 64%]
tools/test_optimizer_invariants.py::test_I1_monotonicity_wider_bounds_dominate[17] PASSED [ 64%]
tools/test_optimizer_invariants.py::test_I1_monotonicity_wider_bounds_dominate[18] PASSED [ 64%]
tools/test_optimizer_invariants.py::test_I1_monotonicity_wider_bounds_dominate[19] PASSED [ 64%]
tools/test_optimizer_invariants.py::test_I2_conservation_no_override[0] PASSED [ 65%]
tools/test_optimizer_invariants.py::test_I2_conservation_no_override[1] PASSED [ 65%]
tools/test_optimizer_invariants.py::test_I2_conservation_no_override[2] PASSED [ 65%]
tools/test_optimizer_invariants.py::test_I2_conservation_no_override[3] PASSED [ 65%]
tools/test_optimizer_invariants.py::test_I2_conservation_no_override[4] PASSED [ 65%]
tools/test_optimizer_invariants.py::test_I2_conservation_no_override[5] PASSED [ 65%]
tools/test_optimizer_invariants.py::test_I2_conservation_no_override[6] PASSED [ 65%]
tools/test_optimizer_invariants.py::test_I2_conservation_no_override[7] PASSED [ 65%]
tools/test_optimizer_invariants.py::test_I2_conservation_no_override[8] PASSED [ 65%]
tools/test_optimizer_invariants.py::test_I2_conservation_no_override[9] PASSED [ 65%]
tools/test_optimizer_invariants.py::test_I2_conservation_no_override[10] PASSED [ 65%]
tools/test_optimizer_invariants.py::test_I2_conservation_no_override[11] PASSED [ 65%]
tools/test_optimizer_invariants.py::test_I2_conservation_no_override[12] PASSED [ 65%]
tools/test_optimizer_invariants.py::test_I2_conservation_no_override[13] PASSED [ 65%]
tools/test_optimizer_invariants.py::test_I2_conservation_no_override[14] PASSED [ 65%]
tools/test_optimizer_invariants.py::test_I2_conservation_no_override[15] PASSED [ 65%]
tools/test_optimizer_invariants.py::test_I2_conservation_no_override[16] PASSED [ 65%]
tools/test_optimizer_invariants.py::test_I2_conservation_no_override[17] PASSED [ 65%]
tools/test_optimizer_invariants.py::test_I2_conservation_no_override[18] PASSED [ 65%]
tools/test_optimizer_invariants.py::test_I2_conservation_no_override[19] PASSED [ 65%]
tools/test_optimizer_invariants.py::test_I2_conservation_with_override[0] PASSED [ 65%]
tools/test_optimizer_invariants.py::test_I2_conservation_with_override[1] PASSED [ 65%]
tools/test_optimizer_invariants.py::test_I2_conservation_with_override[2] PASSED [ 65%]
tools/test_optimizer_invariants.py::test_I2_conservation_with_override[3] PASSED [ 66%]
tools/test_optimizer_invariants.py::test_I2_conservation_with_override[4] PASSED [ 66%]
tools/test_optimizer_invariants.py::test_I2_conservation_with_override[5] PASSED [ 66%]
tools/test_optimizer_invariants.py::test_I2_conservation_with_override[6] PASSED [ 66%]
tools/test_optimizer_invariants.py::test_I2_conservation_with_override[7] PASSED [ 66%]
tools/test_optimizer_invariants.py::test_I2_conservation_with_override[8] PASSED [ 66%]
tools/test_optimizer_invariants.py::test_I2_conservation_with_override[9] PASSED [ 66%]
tools/test_optimizer_invariants.py::test_I2_conservation_with_override[10] PASSED [ 66%]
tools/test_optimizer_invariants.py::test_I2_conservation_with_override[11] PASSED [ 66%]
tools/test_optimizer_invariants.py::test_I2_conservation_with_override[12] PASSED [ 66%]
tools/test_optimizer_invariants.py::test_I2_conservation_with_override[13] PASSED [ 66%]
tools/test_optimizer_invariants.py::test_I2_conservation_with_override[14] PASSED [ 66%]
tools/test_optimizer_invariants.py::test_I2_conservation_with_override[15] PASSED [ 66%]
tools/test_optimizer_invariants.py::test_I2_conservation_with_override[16] PASSED [ 66%]
tools/test_optimizer_invariants.py::test_I2_conservation_with_override[17] PASSED [ 66%]
tools/test_optimizer_invariants.py::test_I2_conservation_with_override[18] PASSED [ 66%]
tools/test_optimizer_invariants.py::test_I2_conservation_with_override[19] PASSED [ 66%]
tools/test_optimizer_invariants.py::test_I3_bounds_satisfaction[0] PASSED [ 66%]
tools/test_optimizer_invariants.py::test_I3_bounds_satisfaction[1] PASSED [ 66%]
tools/test_optimizer_invariants.py::test_I3_bounds_satisfaction[2] PASSED [ 66%]
tools/test_optimizer_invariants.py::test_I3_bounds_satisfaction[3] PASSED [ 66%]
tools/test_optimizer_invariants.py::test_I3_bounds_satisfaction[4] PASSED [ 66%]
tools/test_optimizer_invariants.py::test_I3_bounds_satisfaction[5] PASSED [ 66%]
tools/test_optimizer_invariants.py::test_I3_bounds_satisfaction[6] PASSED [ 67%]
tools/test_optimizer_invariants.py::test_I3_bounds_satisfaction[7] PASSED [ 67%]
tools/test_optimizer_invariants.py::test_I3_bounds_satisfaction[8] PASSED [ 67%]
tools/test_optimizer_invariants.py::test_I3_bounds_satisfaction[9] PASSED [ 67%]
tools/test_optimizer_invariants.py::test_I3_bounds_satisfaction[10] PASSED [ 67%]
tools/test_optimizer_invariants.py::test_I3_bounds_satisfaction[11] PASSED [ 67%]
tools/test_optimizer_invariants.py::test_I3_bounds_satisfaction[12] PASSED [ 67%]
tools/test_optimizer_invariants.py::test_I3_bounds_satisfaction[13] PASSED [ 67%]
tools/test_optimizer_invariants.py::test_I3_bounds_satisfaction[14] PASSED [ 67%]
tools/test_optimizer_invariants.py::test_I3_bounds_satisfaction[15] PASSED [ 67%]
tools/test_optimizer_invariants.py::test_I3_bounds_satisfaction[16] PASSED [ 67%]
tools/test_optimizer_invariants.py::test_I3_bounds_satisfaction[17] PASSED [ 67%]
tools/test_optimizer_invariants.py::test_I3_bounds_satisfaction[18] PASSED [ 67%]
tools/test_optimizer_invariants.py::test_I3_bounds_satisfaction[19] PASSED [ 67%]
tools/test_optimizer_invariants.py::test_I4_analyst_mode_echo_and_determinism PASSED [ 67%]
tools/test_optimizer_invariants.py::test_I5_lift_floor_at_default_anchor[0] PASSED [ 67%]
tools/test_optimizer_invariants.py::test_I5_lift_floor_at_default_anchor[1] PASSED [ 67%]
tools/test_optimizer_invariants.py::test_I5_lift_floor_at_default_anchor[2] PASSED [ 67%]
tools/test_optimizer_invariants.py::test_I5_lift_floor_at_default_anchor[3] PASSED [ 67%]
tools/test_optimizer_invariants.py::test_I5_lift_floor_at_default_anchor[4] PASSED [ 67%]
tools/test_optimizer_invariants.py::test_I5_chain_monotonic_with_cumulative_anchor[0] PASSED [ 67%]
tools/test_optimizer_invariants.py::test_I5_chain_monotonic_with_cumulative_anchor[1] PASSED [ 67%]
tools/test_optimizer_invariants.py::test_I5_chain_monotonic_with_cumulative_anchor[2] PASSED [ 67%]
tools/test_optimizer_invariants.py::test_I5_chain_monotonic_with_cumulative_anchor[3] PASSED [ 68%]
tools/test_optimizer_invariants.py::test_I5_chain_monotonic_with_cumulative_anchor[4] PASSED [ 68%]
tools/test_optimizer_invariants.py::test_I6_mroas_finite_difference[0] PASSED [ 68%]
tools/test_optimizer_invariants.py::test_I6_mroas_finite_difference[1] PASSED [ 68%]
tools/test_optimizer_invariants.py::test_I6_mroas_finite_difference[2] PASSED [ 68%]
tools/test_optimizer_invariants.py::test_I6_mroas_finite_difference[3] PASSED [ 68%]
tools/test_optimizer_invariants.py::test_I6_mroas_finite_difference[4] PASSED [ 68%]
tools/test_optimizer_invariants.py::test_I6_mroas_finite_difference[5] PASSED [ 68%]
tools/test_optimizer_invariants.py::test_I6_mroas_finite_difference[6] PASSED [ 68%]
tools/test_optimizer_invariants.py::test_I6_mroas_finite_difference[7] PASSED [ 68%]
tools/test_optimizer_invariants.py::test_I6_mroas_finite_difference[8] PASSED [ 68%]
tools/test_optimizer_invariants.py::test_I6_mroas_finite_difference[9] PASSED [ 68%]
tools/test_optimizer_invariants.py::test_I6_mroas_finite_difference[10] PASSED [ 68%]
tools/test_optimizer_invariants.py::test_I6_mroas_finite_difference[11] PASSED [ 68%]
tools/test_optimizer_invariants.py::test_I6_mroas_finite_difference[12] PASSED [ 68%]
tools/test_optimizer_invariants.py::test_I6_mroas_finite_difference[13] PASSED [ 68%]
tools/test_optimizer_invariants.py::test_I6_mroas_finite_difference[14] PASSED [ 68%]
tools/test_optimizer_invariants.py::test_I6_mroas_finite_difference[15] PASSED [ 68%]
tools/test_optimizer_invariants.py::test_I6_mroas_finite_difference[16] PASSED [ 68%]
tools/test_optimizer_invariants.py::test_I6_mroas_finite_difference[17] PASSED [ 68%]
tools/test_optimizer_invariants.py::test_I6_mroas_finite_difference[18] PASSED [ 68%]
tools/test_optimizer_invariants.py::test_I6_mroas_finite_difference[19] PASSED [ 68%]
tools/test_optimizer_invariants.py::test_I6_mroas_finite_difference[20] PASSED [ 68%]
tools/test_optimizer_invariants.py::test_I6_mroas_finite_difference[21] PASSED [ 69%]
tools/test_optimizer_invariants.py::test_I6_mroas_finite_difference[22] PASSED [ 69%]
tools/test_optimizer_invariants.py::test_I6_mroas_finite_difference[23] PASSED [ 69%]
tools/test_optimizer_invariants.py::test_I6_mroas_finite_difference[24] PASSED [ 69%]
tools/test_optimizer_invariants.py::test_I6_mroas_finite_difference[25] PASSED [ 69%]
tools/test_optimizer_invariants.py::test_I6_mroas_finite_difference[26] PASSED [ 69%]
tools/test_optimizer_invariants.py::test_I6_mroas_finite_difference[27] PASSED [ 69%]
tools/test_optimizer_invariants.py::test_I6_mroas_finite_difference[28] PASSED [ 69%]
tools/test_optimizer_invariants.py::test_I6_mroas_finite_difference[29] PASSED [ 69%]
tools/test_optimizer_invariants.py::test_I6_mroas_finite_difference[30] PASSED [ 69%]
tools/test_optimizer_invariants.py::test_I6_mroas_finite_difference[31] PASSED [ 69%]
tools/test_optimizer_invariants.py::test_I6_mroas_finite_difference[32] PASSED [ 69%]
tools/test_optimizer_invariants.py::test_I6_mroas_finite_difference[33] PASSED [ 69%]
tools/test_optimizer_invariants.py::test_I6_mroas_finite_difference[34] PASSED [ 69%]
tools/test_optimizer_invariants.py::test_I6_mroas_finite_difference[35] PASSED [ 69%]
tools/test_optimizer_invariants.py::test_I6_mroas_finite_difference[36] PASSED [ 69%]
tools/test_optimizer_invariants.py::test_I6_mroas_finite_difference[37] PASSED [ 69%]
tools/test_optimizer_invariants.py::test_I6_mroas_finite_difference[38] PASSED [ 69%]
tools/test_optimizer_invariants.py::test_I6_mroas_finite_difference[39] PASSED [ 69%]
tools/test_optimizer_invariants.py::test_I6_mroas_finite_difference[40] PASSED [ 69%]
tools/test_optimizer_invariants.py::test_I6_mroas_finite_difference[41] PASSED [ 69%]
tools/test_optimizer_invariants.py::test_I6_mroas_finite_difference[42] PASSED [ 69%]
tools/test_optimizer_invariants.py::test_I6_mroas_finite_difference[43] PASSED [ 69%]
tools/test_optimizer_invariants.py::test_I6_mroas_finite_difference[44] PASSED [ 70%]
tools/test_optimizer_invariants.py::test_I6_mroas_finite_difference[45] PASSED [ 70%]
tools/test_optimizer_invariants.py::test_I6_mroas_finite_difference[46] PASSED [ 70%]
tools/test_optimizer_invariants.py::test_I6_mroas_finite_difference[47] PASSED [ 70%]
tools/test_optimizer_invariants.py::test_I6_mroas_finite_difference[48] PASSED [ 70%]
tools/test_optimizer_invariants.py::test_I6_mroas_finite_difference[49] PASSED [ 70%]
tools/test_optimizer_invariants.py::test_I7_per_channel_overrides_global[0] PASSED [ 70%]
tools/test_optimizer_invariants.py::test_I7_per_channel_overrides_global[1] PASSED [ 70%]
tools/test_optimizer_invariants.py::test_I7_per_channel_overrides_global[2] PASSED [ 70%]
tools/test_optimizer_invariants.py::test_I7_per_channel_overrides_global[3] PASSED [ 70%]
tools/test_optimizer_invariants.py::test_I7_per_channel_overrides_global[4] PASSED [ 70%]
tools/test_optimizer_invariants.py::test_I7_per_channel_overrides_global[5] PASSED [ 70%]
tools/test_optimizer_invariants.py::test_I7_per_channel_overrides_global[6] PASSED [ 70%]
tools/test_optimizer_invariants.py::test_I7_per_channel_overrides_global[7] PASSED [ 70%]
tools/test_optimizer_invariants.py::test_I7_per_channel_overrides_global[8] PASSED [ 70%]
tools/test_optimizer_invariants.py::test_I7_per_channel_overrides_global[9] PASSED [ 70%]
tools/test_optimizer_invariants.py::test_I8_option_c_per_period_identity PASSED [ 70%]
tools/test_optimizer_invariants.py::test_I8_planning_optimizer_scenario_consistency[0] PASSED [ 70%]
tools/test_optimizer_invariants.py::test_I8_planning_optimizer_scenario_consistency[1] PASSED [ 70%]
tools/test_optimizer_invariants.py::test_I8_planning_optimizer_scenario_consistency[2] PASSED [ 70%]
tools/test_optimizer_invariants.py::test_I8_planning_optimizer_scenario_consistency[3] PASSED [ 70%]
tools/test_optimizer_invariants.py::test_I8_planning_optimizer_scenario_consistency[4] PASSED [ 70%]
tools/test_optimizer_per_group_constraints.py::test_precedence_per_channel_overrides_per_group PASSED [ 70%]
tools/test_optimizer_per_group_constraints.py::test_precedence_per_group_overrides_global PASSED [ 71%]
tools/test_optimizer_per_group_constraints.py::test_mixed_channel_falls_back_to_global PASSED [ 71%]
tools/test_optimizer_per_group_constraints.py::test_unknown_category_channel_uses_global PASSED [ 71%]
tools/test_optimizer_per_group_constraints.py::test_perf_group_separate_from_brand PASSED [ 71%]
tools/test_optimizer_per_group_constraints.py::test_no_group_constraints_set_uses_global PASSED [ 71%]
tools/test_optimizer_per_group_constraints.py::test_feasibility_brand_max_gt_global_max_raises PASSED [ 71%]
tools/test_optimizer_per_group_constraints.py::test_feasibility_perf_max_gt_global_max_raises PASSED [ 71%]
tools/test_optimizer_per_group_constraints.py::test_feasibility_budget_below_total_min_raises PASSED [ 71%]
tools/test_optimizer_per_group_constraints.py::test_feasibility_budget_above_total_max_raises PASSED [ 71%]
tools/test_optimizer_per_group_constraints.py::test_feasibility_passes_for_well_formed_constraints PASSED [ 71%]
tools/test_optimizer_per_group_constraints.py::test_lock_brand_sets_min_max_to_100_percent PASSED [ 71%]
tools/test_optimizer_per_group_constraints.py::test_lock_performance_sets_min_max_to_100_percent PASSED [ 71%]
tools/test_optimizer_per_group_constraints.py::test_lock_unknown_group_raises PASSED [ 71%]
tools/test_optimizer_per_group_constraints.py::test_lock_brand_then_resolve_returns_current_money PASSED [ 71%]
tools/test_optimizer_per_group_constraints.py::test_realistic_brand_lock_perf_flexible_scenario PASSED [ 71%]
tools/test_optimizer_per_group_constraints.py::test_constraint_bundle_is_frozen PASSED [ 71%]
tools/test_optimizer_per_group_constraints.py::test_constraint_bundle_rejects_nan_pct PASSED [ 71%]
tools/test_optimizer_per_group_constraints.py::test_constraint_bundle_rejects_inf_pct PASSED [ 71%]
tools/test_optimizer_per_group_constraints.py::test_constraint_bundle_rejects_negative_pct PASSED [ 71%]
tools/test_optimizer_per_group_constraints.py::test_constraint_bundle_rejects_min_gt_max PASSED [ 71%]
tools/test_optimizer_per_group_constraints.py::test_constraint_bundle_rejects_invalid_per_channel_pct PASSED [ 71%]
tools/test_optimizer_per_group_constraints.py::test_constraint_bundle_per_channel_dict_immutable_after_init PASSED [ 71%]
tools/test_optimizer_per_group_constraints.py::test_resolve_channel_bounds_rejects_negative_money PASSED [ 71%]
tools/test_optimizer_per_group_constraints.py::test_resolve_channel_bounds_rejects_nan_money PASSED [ 72%]
tools/test_optimizer_per_group_constraints.py::test_feasibility_budget_at_total_min_boundary PASSED [ 72%]
tools/test_optimizer_per_group_constraints.py::test_feasibility_budget_at_total_max_boundary PASSED [ 72%]
tools/test_optimizer_smoke_matrix.py::test_C1_analyst_sales_money_baseline PASSED [ 72%]
tools/test_optimizer_smoke_matrix.py::test_C2_analyst_sales_mixed_partial_perch PASSED [ 72%]
tools/test_optimizer_smoke_matrix.py::test_C3_analyst_sales_with_inflation PASSED [ 72%]
tools/test_optimizer_smoke_matrix.py::test_C4_planner_sales_forecast_12 PASSED [ 72%]
tools/test_optimizer_smoke_matrix.py::test_C5_planner_kagocel_inflation_perch_forecast PASSED [ 72%]
tools/test_optimizer_smoke_matrix.py::test_C6_planner_hierarchical_per_group PASSED [ 72%]
tools/test_optimizer_smoke_matrix.py::test_C7_planner_hierarchical_inflation_pergroup_26 PASSED [ 72%]
tools/test_optimizer_smoke_matrix.py::test_C8_analyst_awareness_money PASSED [ 72%]
tools/test_optimizer_smoke_matrix.py::test_C9_planner_awareness_forecast_8 PASSED [ 72%]
tools/test_optimizer_smoke_matrix.py::test_C10_planner_all_features_combined PASSED [ 72%]
tools/test_optimizer_smoke_matrix.py::test_C11_infeasible_narrow_per_channel PASSED [ 72%]
tools/test_optimizer_smoke_matrix.py::test_C12_whatif_kagocel_pass18_regression PASSED [ 72%]
tools/test_optimizer_smoke_matrix.py::test_C5_scenario_save_round_trip PASSED [ 72%]
tools/test_persistence_phase2.py::TestLoadModelWithCompatPhase2Defaults::test_phase2_fields_default_none PASSED [ 72%]
tools/test_persistence_phase2.py::TestInferGranularityAtLoad::test_returns_none_when_data_file_missing PASSED [ 72%]
tools/test_persistence_phase2.py::TestInferGranularityAtLoad::test_returns_none_when_no_data_file_key PASSED [ 72%]
tools/test_persistence_phase2.py::TestInferGranularityAtLoad::test_infers_weekly_from_real_csv PASSED [ 72%]
tools/test_persistence_phase2.py::TestGetTrainingGranularityPersistedFirst::test_persisted_value_used_when_present PASSED [ 72%]
tools/test_persistence_phase2.py::TestGetTrainingGranularityPersistedFirst::test_falls_back_to_inference PASSED [ 72%]
tools/test_persistence_phase2.py::TestInferSeasonalityAtLoad::test_returns_none_when_no_y_actual PASSED [ 72%]
tools/test_persistence_phase2.py::TestInferSeasonalityAtLoad::test_detects_yearly_pattern PASSED [ 73%]
tools/test_persistence_phase2.py::TestGetSeasonalityPersistedFirst::test_persisted_value_used PASSED [ 73%]
tools/test_persistence_phase2.py::TestInferXNormQuantilesAtLoad::test_returns_none_when_no_data_file PASSED [ 73%]
tools/test_persistence_phase2.py::TestInferXNormQuantilesAtLoad::test_returns_none_when_no_channel_params PASSED [ 73%]
tools/test_persistence_phase2.py::TestInferXNormQuantilesAtLoad::test_computes_from_real_data PASSED [ 73%]
tools/test_persistence_phase2.py::TestGetXNormQuantilesPersistedFirst::test_persisted_per_channel_lookup PASSED [ 73%]
tools/test_persistence_phase2.py::TestGetXNormQuantilesPersistedFirst::test_returns_none_for_missing_channel PASSED [ 73%]
tools/test_phase2_synergies.py::TestT1_VerdictTierComposition::test_severity_3_overrides_rhat_pass PASSED [ 73%]
tools/test_phase2_synergies.py::TestT1_VerdictTierComposition::test_rhat_failure_overrides_severity_zero PASSED [ 73%]
tools/test_phase2_synergies.py::TestT1_VerdictTierComposition::test_severity_2_with_small_n_compose PASSED [ 73%]
tools/test_phase2_synergies.py::TestT2_KPIRegistryThroughForecastValidation::test_sales_default_2x_cap PASSED [ 73%]
tools/test_phase2_synergies.py::TestT2_KPIRegistryThroughForecastValidation::test_awareness_uses_15x_cap PASSED [ 73%]
tools/test_phase2_synergies.py::TestT2_KPIRegistryThroughForecastValidation::test_unknown_kpi_fallback_to_default PASSED [ 73%]
tools/test_phase2_synergies.py::TestT3_ConformalInPlanningMode::test_returns_interval_for_ols_pickle SKIPPED [ 73%]
tools/test_phase2_synergies.py::TestT3_ConformalInPlanningMode::test_returns_none_for_bayesian_pickle PASSED [ 73%]
tools/test_phase2_synergies.py::TestT4_OptimizerScenarioAlignment::test_per_period_summation_matches_manual PASSED [ 73%]
tools/test_phase2_synergies.py::TestT5_WarningCompositionWithMultipleSources::test_drift_critical_overrides_horizon_warn PASSED [ 73%]
tools/test_phase2_synergies.py::TestT5_WarningCompositionWithMultipleSources::test_horizon_warns_first_when_no_critical PASSED [ 73%]
tools/test_phase2_synergies.py::TestAuditPass3RegressionFixes::test_bug1_optimizer_uses_kpi_aware_cap PASSED [ 73%]
tools/test_phase2_synergies.py::TestAuditPass3RegressionFixes::test_bug1_sales_uses_2x_cap_unchanged PASSED [ 73%]
tools/test_phase2_synergies.py::TestAuditPass3RegressionFixes::test_bug11_forecast_context_no_n_squared_inference PASSED [ 73%]
tools/test_phase2_synergies.py::TestT6_PlanningModePlanFlow::test_full_forecast_scaling_flow PASSED [ 73%]
tools/test_pickle_compat.py::test_load_v12_pickle_no_categories_field PASSED [ 73%]
tools/test_pickle_compat.py::test_load_v13_pickle_with_categories PASSED [ 74%]
tools/test_pickle_compat.py::test_load_legacy_v10_pickle_no_version PASSED [ 74%]
tools/test_pickle_compat.py::test_get_channel_categories_explicit PASSED [ 74%]
tools/test_pickle_compat.py::test_get_channel_categories_heuristic_fallback PASSED [ 74%]
tools/test_pickle_compat.py::test_get_channel_categories_no_fallback PASSED [ 74%]
tools/test_pickle_compat.py::test_is_hierarchical_model_v13_with_split PASSED [ 74%]
tools/test_pickle_compat.py::test_is_hierarchical_model_v12_rejected PASSED [ 74%]
tools/test_pickle_compat.py::test_is_hierarchical_model_n1_group_rejected PASSED [ 74%]
tools/test_pickle_compat.py::test_is_hierarchical_model_all_mixed PASSED [ 74%]
tools/test_pickle_compat.py::test_load_v13_pickle_defaults_to_sales_kpi PASSED [ 74%]
tools/test_pickle_compat.py::test_load_v13_pickle_defaults_adstock_types_empty PASSED [ 74%]
tools/test_pickle_compat.py::test_load_v20_awareness_pickle_roundtrip PASSED [ 74%]
tools/test_pickle_compat.py::test_get_kpi_type_default_sales PASSED      [ 74%]
tools/test_pickle_compat.py::test_get_adstock_type_default_geometric PASSED [ 74%]
tools/test_pickle_compat.py::test_get_adstock_type_explicit_weibull PASSED [ 74%]
tools/test_pickle_compat.py::test_get_weibull_params_returns_none_for_geometric PASSED [ 74%]
tools/test_pickle_compat.py::test_get_weibull_params_returns_dict_for_weibull PASSED [ 74%]
tools/test_pickle_compat.py::test_has_baseline_posterior_false_when_none PASSED [ 74%]
tools/test_pickle_compat.py::test_has_baseline_posterior_true_when_present PASSED [ 74%]
tools/test_pickle_compat.py::test_get_feature_flags_default_empty PASSED [ 74%]
tools/test_pickle_compat.py::test_get_feature_flags_returns_list_copy PASSED [ 74%]
tools/test_pickle_compat.py::test_get_weibull_params_warns_on_malformed_pickle PASSED [ 74%]
tools/test_pickle_compat.py::test_is_hierarchical_model_handles_v1_10_correctly PASSED [ 74%]
tools/test_pickle_compat.py::test_is_hierarchical_model_handles_v2_correctly PASSED [ 75%]
tools/test_pickle_compat.py::test_is_hierarchical_model_handles_unparseable_version PASSED [ 75%]
tools/test_pptx_backtest_slide.py::test_mapper_passes_only_ok_backtest PASSED [ 75%]
tools/test_pptx_backtest_slide.py::test_deck_with_backtest_has_13_slides PASSED [ 75%]
tools/test_pptx_backtest_slide.py::test_backtest_slide_position_in_main_section PASSED [ 75%]
tools/test_pptx_backtest_slide.py::test_deck_without_backtest_stays_12_and_clean PASSED [ 75%]
tools/test_pptx_backtest_slide.py::test_backtest_slide_content_honest PASSED [ 75%]
tools/test_pptx_backtest_slide.py::test_mapper_passes_only_ok_generation_compare PASSED [ 75%]
tools/test_pptx_backtest_slide.py::test_deck_with_both_inserts_14_slides_ordered PASSED [ 75%]
tools/test_pptx_backtest_slide.py::test_deck_with_only_gen_compare_13_slides PASSED [ 75%]
tools/test_pptx_backtest_slide.py::test_calibration_marks_delivered PASSED [ 75%]
tools/test_pptx_backtest_slide.py::test_promises_lines_delivered PASSED  [ 75%]
tools/test_pptx_backtest_slide.py::test_backtest_slide_worse_than_naive_title PASSED [ 75%]
tools/test_priors_calibration.py::TestSignedFactorPriors::test_competitor_coefficient_recovered_fmcg PASSED [ 75%]
tools/test_priors_calibration.py::TestSignedFactorPriors::test_competitor_coefficient_recovered_otc PASSED [ 75%]
tools/test_priors_calibration.py::TestSignedFactorPriors::test_competitor_prior_not_overly_negative_null_case PASSED [ 75%]
tools/test_priors_calibration.py::TestSignedFactorPriors::test_price_signed_unconstrained PASSED [ 75%]
tools/test_priors_calibration.py::TestSignedFactorPriors::test_weather_signed_positive_otc PASSED [ 75%]
tools/test_priors_calibration.py::TestSignedFactorPriors::test_event_dummy_positive_recovered_retail PASSED [ 75%]
tools/test_priors_calibration.py::TestSignedFactorPriors::test_macro_cpi_negative_recovered_real_estate PASSED [ 75%]
tools/test_priors_calibration.py::TestSignedFactorPriors::test_positive_control_promo_leans_positive PASSED [ 75%]
tools/test_priors_calibration.py::TestSignedFactorPriors::test_model_r2_sanity_across_scenarios PASSED [ 75%]
tools/test_priors_calibration.py::TestSignedFactorPriors::test_prior_direction_alignment_competitor PASSED [ 75%]
tools/test_priors_calibration.py::TestSignedFactorPriors::test_prior_sigma_adequacy PASSED [ 76%]
tools/test_promises.py::test_create_and_list_roundtrip PASSED            [ 76%]
tools/test_promises.py::test_create_validation PASSED                    [ 76%]
tools/test_promises.py::test_check_pending_until_enough_data PASSED      [ 76%]
tools/test_promises.py::test_check_kept_and_missed PASSED                [ 76%]
tools/test_promises.py::test_final_verdicts_not_rechecked PASSED         [ 76%]
tools/test_promises.py::test_inconclusive_without_ci PASSED              [ 76%]
tools/test_promises.py::test_corrupted_json_treated_empty PASSED         [ 76%]
tools/test_regression_pin_kagocel.py::test_synthetic_pickle_summary_matches_baseline PASSED [ 76%]
tools/test_regression_pin_kagocel.py::test_kpi_registry_sales_priors_match_documented_constants PASSED [ 76%]
tools/test_regression_pin_kagocel.py::test_pickle_v20_fields_default_to_pre_v20_behavior PASSED [ 76%]
tools/test_report_fidelity_live.py::test_adapter_ess_min_from_bulk_tail PASSED [ 76%]
tools/test_report_fidelity_live.py::test_adapter_data_coverage_from_dates PASSED [ 76%]
tools/test_report_fidelity_live.py::test_adapter_delivers_honesty_and_preflight PASSED [ 76%]
tools/test_report_fidelity_live.py::test_live_pptx_has_no_wireframe_markers PASSED [ 76%]
tools/test_report_fidelity_live.py::test_live_pptx_delivers_honest_values PASSED [ 76%]
tools/test_report_fidelity_live.py::test_live_html_has_no_wireframe_markers PASSED [ 76%]
tools/test_report_fidelity_live.py::test_live_html_delivers_honest_values PASSED [ 76%]
tools/test_report_fidelity_live.py::test_preview_mode_keeps_wireframe PASSED [ 76%]
tools/test_role_detectors_parity.py::test_detectors_agree_on_role[apteka_contacts] PASSED [ 76%]
tools/test_role_detectors_parity.py::test_detectors_agree_on_role[apteka_spend] PASSED [ 76%]
tools/test_role_detectors_parity.py::test_detectors_agree_on_role[category_sales] PASSED [ 76%]
tools/test_role_detectors_parity.py::test_detectors_agree_on_role[competitor_activity] PASSED [ 76%]
tools/test_role_detectors_parity.py::test_detectors_agree_on_role[competitor_promo] PASSED [ 77%]
tools/test_role_detectors_parity.py::test_detectors_agree_on_role[competitor_trp] PASSED [ 77%]
tools/test_role_detectors_parity.py::test_detectors_agree_on_role[date] PASSED [ 77%]
tools/test_role_detectors_parity.py::test_detectors_agree_on_role[digital_impressions] PASSED [ 77%]
tools/test_role_detectors_parity.py::test_detectors_agree_on_role[digital_spend] PASSED [ 77%]
tools/test_role_detectors_parity.py::test_detectors_agree_on_role[holiday_blackfriday] PASSED [ 77%]
tools/test_role_detectors_parity.py::test_detectors_agree_on_role[leads] PASSED [ 77%]
tools/test_role_detectors_parity.py::test_detectors_agree_on_role[macro_cpi] PASSED [ 77%]
tools/test_role_detectors_parity.py::test_detectors_agree_on_role[ooh_contacts] PASSED [ 77%]
tools/test_role_detectors_parity.py::test_detectors_agree_on_role[ooh_spend] PASSED [ 77%]
tools/test_role_detectors_parity.py::test_detectors_agree_on_role[performance_clicks] PASSED [ 77%]
tools/test_role_detectors_parity.py::test_detectors_agree_on_role[performance_spend] PASSED [ 77%]
tools/test_role_detectors_parity.py::test_detectors_agree_on_role[price_index] PASSED [ 77%]
tools/test_role_detectors_parity.py::test_detectors_agree_on_role[promo_indicator] PASSED [ 77%]
tools/test_role_detectors_parity.py::test_detectors_agree_on_role[retail_media_impressions] PASSED [ 77%]
tools/test_role_detectors_parity.py::test_detectors_agree_on_role[retail_media_spend] PASSED [ 77%]
tools/test_role_detectors_parity.py::test_detectors_agree_on_role[sales_packs] PASSED [ 77%]
tools/test_role_detectors_parity.py::test_detectors_agree_on_role[sales_rub] PASSED [ 77%]
tools/test_role_detectors_parity.py::test_detectors_agree_on_role[tv_grp] PASSED [ 77%]
tools/test_role_detectors_parity.py::test_detectors_agree_on_role[tv_spend] PASSED [ 77%]
tools/test_role_detectors_parity.py::test_detectors_agree_on_role[tv_trp] PASSED [ 77%]
tools/test_role_detectors_parity.py::test_detectors_agree_on_role[weather_temp_low] PASSED [ 77%]
tools/test_role_detectors_parity.py::test_no_orphan_role[apteka_contacts] PASSED [ 77%]
tools/test_role_detectors_parity.py::test_no_orphan_role[apteka_spend] PASSED [ 78%]
tools/test_role_detectors_parity.py::test_no_orphan_role[category_sales] PASSED [ 78%]
tools/test_role_detectors_parity.py::test_no_orphan_role[competitor_activity] PASSED [ 78%]
tools/test_role_detectors_parity.py::test_no_orphan_role[competitor_promo] PASSED [ 78%]
tools/test_role_detectors_parity.py::test_no_orphan_role[competitor_trp] PASSED [ 78%]
tools/test_role_detectors_parity.py::test_no_orphan_role[date] PASSED    [ 78%]
tools/test_role_detectors_parity.py::test_no_orphan_role[digital_impressions] PASSED [ 78%]
tools/test_role_detectors_parity.py::test_no_orphan_role[digital_spend] PASSED [ 78%]
tools/test_role_detectors_parity.py::test_no_orphan_role[holiday_blackfriday] PASSED [ 78%]
tools/test_role_detectors_parity.py::test_no_orphan_role[leads] PASSED   [ 78%]
tools/test_role_detectors_parity.py::test_no_orphan_role[macro_cpi] PASSED [ 78%]
tools/test_role_detectors_parity.py::test_no_orphan_role[ooh_contacts] PASSED [ 78%]
tools/test_role_detectors_parity.py::test_no_orphan_role[ooh_spend] PASSED [ 78%]
tools/test_role_detectors_parity.py::test_no_orphan_role[performance_clicks] PASSED [ 78%]
tools/test_role_detectors_parity.py::test_no_orphan_role[performance_spend] PASSED [ 78%]
tools/test_role_detectors_parity.py::test_no_orphan_role[price_index] PASSED [ 78%]
tools/test_role_detectors_parity.py::test_no_orphan_role[promo_indicator] PASSED [ 78%]
tools/test_role_detectors_parity.py::test_no_orphan_role[retail_media_impressions] PASSED [ 78%]
tools/test_role_detectors_parity.py::test_no_orphan_role[retail_media_spend] PASSED [ 78%]
tools/test_role_detectors_parity.py::test_no_orphan_role[sales_packs] PASSED [ 78%]
tools/test_role_detectors_parity.py::test_no_orphan_role[sales_rub] PASSED [ 78%]
tools/test_role_detectors_parity.py::test_no_orphan_role[tv_grp] PASSED  [ 78%]
tools/test_role_detectors_parity.py::test_no_orphan_role[tv_spend] PASSED [ 78%]
tools/test_role_detectors_parity.py::test_no_orphan_role[tv_trp] PASSED  [ 79%]
tools/test_role_detectors_parity.py::test_no_orphan_role[weather_temp_low] PASSED [ 79%]
tools/test_role_detectors_parity.py::test_mapping_covers_all_kinds PASSED [ 79%]
tools/test_rolling_backtest.py::test_plan_windows_chronological_no_overlap PASSED [ 79%]
tools/test_rolling_backtest.py::test_plan_windows_min_train_and_cap PASSED [ 79%]
tools/test_rolling_backtest.py::test_naive_forecasts_last_and_seasonal PASSED [ 79%]
tools/test_rolling_backtest.py::test_widen_pi_quadrature PASSED          [ 79%]
tools/test_rolling_backtest.py::test_verdict_priorities_and_russian PASSED [ 79%]
tools/test_rolling_backtest.py::test_rolling_ok_structure PASSED         [ 79%]
tools/test_rolling_backtest.py::test_canary_coverage_recount PASSED      [ 79%]
tools/test_rolling_backtest.py::test_canary_mape_recount PASSED          [ 79%]
tools/test_rolling_backtest.py::test_saved_json_roundtrip PASSED         [ 79%]
tools/test_rolling_backtest.py::test_determinism_two_runs PASSED         [ 79%]
tools/test_rolling_backtest.py::test_horizon_override PASSED             [ 79%]
tools/test_rolling_backtest.py::test_insufficient_short_history PASSED   [ 79%]
tools/test_rolling_backtest.py::test_no_model_error PASSED               [ 79%]
tools/test_rolling_backtest.py::test_no_data_error_russian PASSED        [ 79%]
tools/test_rolling_backtest.py::test_corrupted_saved_json_returns_none PASSED [ 79%]
tools/test_safe_corridor.py::test_uniform_history_gives_tight_corridor PASSED [ 79%]
tools/test_safe_corridor.py::test_normal_distribution_bounds PASSED      [ 79%]
tools/test_safe_corridor.py::test_skewed_distribution_relative_caps PASSED [ 79%]
tools/test_safe_corridor.py::test_zero_history_returns_zero_corridor PASSED [ 79%]
tools/test_safe_corridor.py::test_mostly_zeros_uses_only_positive PASSED [ 80%]
tools/test_safe_corridor.py::test_custom_factors PASSED                  [ 80%]
tools/test_safe_corridor.py::test_value_inside_corridor_is_green PASSED  [ 80%]
tools/test_safe_corridor.py::test_value_just_outside_is_yellow PASSED    [ 80%]
tools/test_safe_corridor.py::test_value_far_outside_is_red PASSED        [ 80%]
tools/test_safe_corridor.py::test_corridor_at_zero_handles_gracefully PASSED [ 80%]
tools/test_sample_data_ssot.py::test_sample_exists[synth_fmcg_brand.xlsx] PASSED [ 80%]
tools/test_sample_data_ssot.py::test_sample_exists[synth_otc_pharma.xlsx] PASSED [ 80%]
tools/test_sample_data_ssot.py::test_sample_exists[synth_real_estate.xlsx] PASSED [ 80%]
tools/test_sample_data_ssot.py::test_sample_exists[synth_retail_ecom.xlsx] PASSED [ 80%]
tools/test_sample_data_ssot.py::test_columns_recognized_and_correct_role[synth_fmcg_brand.xlsx] PASSED [ 80%]
tools/test_sample_data_ssot.py::test_columns_recognized_and_correct_role[synth_otc_pharma.xlsx] PASSED [ 80%]
tools/test_sample_data_ssot.py::test_columns_recognized_and_correct_role[synth_real_estate.xlsx] PASSED [ 80%]
tools/test_sample_data_ssot.py::test_columns_recognized_and_correct_role[synth_retail_ecom.xlsx] PASSED [ 80%]
tools/test_sample_data_ssot.py::test_no_forbidden_columns[synth_fmcg_brand.xlsx] PASSED [ 80%]
tools/test_sample_data_ssot.py::test_no_forbidden_columns[synth_otc_pharma.xlsx] PASSED [ 80%]
tools/test_sample_data_ssot.py::test_no_forbidden_columns[synth_real_estate.xlsx] PASSED [ 80%]
tools/test_sample_data_ssot.py::test_no_forbidden_columns[synth_retail_ecom.xlsx] PASSED [ 80%]
tools/test_sample_data_ssot.py::test_min_rows[synth_fmcg_brand.xlsx] PASSED [ 80%]
tools/test_sample_data_ssot.py::test_min_rows[synth_otc_pharma.xlsx] PASSED [ 80%]
tools/test_sample_data_ssot.py::test_min_rows[synth_real_estate.xlsx] PASSED [ 80%]
tools/test_sample_data_ssot.py::test_min_rows[synth_retail_ecom.xlsx] PASSED [ 80%]
tools/test_sample_data_ssot.py::test_no_collinear_pairs[synth_fmcg_brand.xlsx] PASSED [ 80%]
tools/test_sample_data_ssot.py::test_no_collinear_pairs[synth_otc_pharma.xlsx] PASSED [ 81%]
tools/test_sample_data_ssot.py::test_no_collinear_pairs[synth_real_estate.xlsx] PASSED [ 81%]
tools/test_sample_data_ssot.py::test_no_collinear_pairs[synth_retail_ecom.xlsx] PASSED [ 81%]
tools/test_sample_data_ssot.py::test_kpi_not_flat[synth_fmcg_brand.xlsx] PASSED [ 81%]
tools/test_sample_data_ssot.py::test_kpi_not_flat[synth_otc_pharma.xlsx] PASSED [ 81%]
tools/test_sample_data_ssot.py::test_kpi_not_flat[synth_real_estate.xlsx] PASSED [ 81%]
tools/test_sample_data_ssot.py::test_kpi_not_flat[synth_retail_ecom.xlsx] PASSED [ 81%]
tools/test_sample_data_ssot.py::test_template_matches_sample_columns[synth_fmcg_brand.xlsx] PASSED [ 81%]
tools/test_sample_data_ssot.py::test_template_matches_sample_columns[synth_otc_pharma.xlsx] PASSED [ 81%]
tools/test_sample_data_ssot.py::test_template_matches_sample_columns[synth_real_estate.xlsx] PASSED [ 81%]
tools/test_sample_data_ssot.py::test_template_matches_sample_columns[synth_retail_ecom.xlsx] PASSED [ 81%]
tools/test_sample_data_ssot.py::test_served_file_matches_generator[synth_fmcg_brand.xlsx] PASSED [ 81%]
tools/test_sample_data_ssot.py::test_served_file_matches_generator[synth_otc_pharma.xlsx] PASSED [ 81%]
tools/test_sample_data_ssot.py::test_served_file_matches_generator[synth_real_estate.xlsx] PASSED [ 81%]
tools/test_sample_data_ssot.py::test_served_file_matches_generator[synth_retail_ecom.xlsx] PASSED [ 81%]
tools/test_sample_files_prior_check.py::test_prior_check_runs_without_error[fmcg] PASSED [ 81%]
tools/test_sample_files_prior_check.py::test_prior_check_runs_without_error[otc_pharma] PASSED [ 81%]
tools/test_sample_files_prior_check.py::test_prior_check_runs_without_error[retail_ecom] PASSED [ 81%]
tools/test_sample_files_prior_check.py::test_prior_check_runs_without_error[real_estate] PASSED [ 81%]
tools/test_sample_files_prior_check.py::test_theoretical_lift_positive[fmcg] PASSED [ 81%]
tools/test_sample_files_prior_check.py::test_theoretical_lift_positive[otc_pharma] PASSED [ 81%]
tools/test_sample_files_prior_check.py::test_theoretical_lift_positive[retail_ecom] PASSED [ 81%]
tools/test_sample_files_prior_check.py::test_theoretical_lift_positive[real_estate] PASSED [ 81%]
tools/test_sample_files_prior_check.py::test_determinism[fmcg] PASSED    [ 82%]
tools/test_sample_files_prior_check.py::test_determinism[otc_pharma] PASSED [ 82%]
tools/test_sample_files_prior_check.py::test_determinism[retail_ecom] PASSED [ 82%]
tools/test_sample_files_prior_check.py::test_determinism[real_estate] PASSED [ 82%]
tools/test_sample_files_prior_check.py::test_column_count_and_format[fmcg] PASSED [ 82%]
tools/test_sample_files_prior_check.py::test_column_count_and_format[otc_pharma] PASSED [ 82%]
tools/test_sample_files_prior_check.py::test_column_count_and_format[retail_ecom] PASSED [ 82%]
tools/test_sample_files_prior_check.py::test_column_count_and_format[real_estate] PASSED [ 82%]
tools/test_sample_files_prior_check.py::test_spend_columns_positive[fmcg] PASSED [ 82%]
tools/test_sample_files_prior_check.py::test_spend_columns_positive[otc_pharma] PASSED [ 82%]
tools/test_sample_files_prior_check.py::test_spend_columns_positive[retail_ecom] PASSED [ 82%]
tools/test_sample_files_prior_check.py::test_spend_columns_positive[real_estate] PASSED [ 82%]
tools/test_sample_files_prior_check.py::test_suboptimal_split_high_roi_channel_underweighted[fmcg] PASSED [ 82%]
tools/test_sample_files_prior_check.py::test_suboptimal_split_high_roi_channel_underweighted[otc_pharma] PASSED [ 82%]
tools/test_sample_files_prior_check.py::test_suboptimal_split_high_roi_channel_underweighted[retail_ecom] PASSED [ 82%]
tools/test_sample_files_prior_check.py::test_suboptimal_split_high_roi_channel_underweighted[real_estate] PASSED [ 82%]
tools/test_scenario_edge_cases.py::test_A1_empty_dict_rejected PASSED    [ 82%]
tools/test_scenario_edge_cases.py::test_A2_all_zero_spend_returns_baseline PASSED [ 82%]
tools/test_scenario_edge_cases.py::test_A3_unknown_channel_silently_skipped PASSED [ 82%]
tools/test_scenario_edge_cases.py::test_A4_negative_spend_does_not_crash PASSED [ 82%]
tools/test_scenario_edge_cases.py::test_B1_untrained_channel_with_spend_rejected PASSED [ 82%]
tools/test_scenario_edge_cases.py::test_B2_untrained_channel_zero_spend_passes PASSED [ 82%]
tools/test_scenario_edge_cases.py::test_B3_legacy_v1_0_pickle_rejected PASSED [ 82%]
tools/test_scenario_edge_cases.py::test_C1_no_forecast_uses_training_n PASSED [ 83%]
tools/test_scenario_edge_cases.py::test_C2_forecast_periods_n_decoupled[1] PASSED [ 83%]
tools/test_scenario_edge_cases.py::test_C2_forecast_periods_n_decoupled[4] PASSED [ 83%]
tools/test_scenario_edge_cases.py::test_C2_forecast_periods_n_decoupled[8] PASSED [ 83%]
tools/test_scenario_edge_cases.py::test_C2_forecast_periods_n_decoupled[12] PASSED [ 83%]
tools/test_scenario_edge_cases.py::test_C2_forecast_periods_n_decoupled[26] PASSED [ 83%]
tools/test_scenario_edge_cases.py::test_C2_forecast_periods_n_decoupled[52] PASSED [ 83%]
tools/test_scenario_edge_cases.py::test_C3_forecast_periods_invalid_falls_back PASSED [ 83%]
tools/test_scenario_edge_cases.py::test_C4_forecast_periods_zero_falls_back PASSED [ 83%]
tools/test_scenario_edge_cases.py::test_D1_full_money_coverage_enables_money_roas PASSED [ 83%]
tools/test_scenario_edge_cases.py::test_D2_no_unit_costs_native_only PASSED [ 83%]
tools/test_scenario_edge_cases.py::test_D3_invalid_unit_cost_filtered PASSED [ 83%]
tools/test_scenario_edge_cases.py::test_E1_near_zero_spend_no_roas_ci_explosion PASSED [ 83%]
tools/test_scenario_edge_cases.py::test_E2_minimal_spend_threshold_skips_money_ci PASSED [ 83%]
tools/test_scenario_edge_cases.py::test_F1_inflation_none_no_change PASSED [ 83%]
tools/test_scenario_edge_cases.py::test_F2_inflation_empty_dict_no_change PASSED [ 83%]
tools/test_scenario_edge_cases.py::test_F3_inflation_unknown_channel_silent_skip PASSED [ 83%]
tools/test_scenario_edge_cases.py::test_F4_inflation_logger_warning_on_failure PASSED [ 83%]
tools/test_scenario_edge_cases.py::test_G1_multi_period_plan_dictates_n_periods PASSED [ 83%]
tools/test_scenario_edge_cases.py::test_G2_short_plan_uses_plan_length PASSED [ 83%]
tools/test_scenario_edge_cases.py::test_G3_long_plan_extends_horizon PASSED [ 83%]
tools/test_scenario_edge_cases.py::test_H1_double_call_same_result PASSED [ 83%]
tools/test_scenario_edge_cases.py::test_H2_input_dict_isolation_warning PASSED [ 83%]
tools/test_scenario_extrapolation_marker.py::test_F04_scenario_marks_extrapolation_beyond_history PASSED [ 84%]
tools/test_scenario_extrapolation_marker.py::test_F04_scenario_silent_within_history PASSED [ 84%]
tools/test_scenario_extrapolation_marker.py::test_F04_graceful_none_when_history_unavailable PASSED [ 84%]
tools/test_scenario_invariants.py::test_S1_per_period_decomposition[0] PASSED [ 84%]
tools/test_scenario_invariants.py::test_S1_per_period_decomposition[1] PASSED [ 84%]
tools/test_scenario_invariants.py::test_S1_per_period_decomposition[2] PASSED [ 84%]
tools/test_scenario_invariants.py::test_S1_per_period_decomposition[3] PASSED [ 84%]
tools/test_scenario_invariants.py::test_S1_per_period_decomposition[4] PASSED [ 84%]
tools/test_scenario_invariants.py::test_S1_per_period_decomposition[5] PASSED [ 84%]
tools/test_scenario_invariants.py::test_S1_per_period_decomposition[6] PASSED [ 84%]
tools/test_scenario_invariants.py::test_S1_per_period_decomposition[7] PASSED [ 84%]
tools/test_scenario_invariants.py::test_S1_per_period_decomposition[8] PASSED [ 84%]
tools/test_scenario_invariants.py::test_S1_per_period_decomposition[9] PASSED [ 84%]
tools/test_scenario_invariants.py::test_S1_per_period_decomposition[10] PASSED [ 84%]
tools/test_scenario_invariants.py::test_S1_per_period_decomposition[11] PASSED [ 84%]
tools/test_scenario_invariants.py::test_S1_per_period_decomposition[12] PASSED [ 84%]
tools/test_scenario_invariants.py::test_S1_per_period_decomposition[13] PASSED [ 84%]
tools/test_scenario_invariants.py::test_S1_per_period_decomposition[14] PASSED [ 84%]
tools/test_scenario_invariants.py::test_S2_total_energy_conservation[0] PASSED [ 84%]
tools/test_scenario_invariants.py::test_S2_total_energy_conservation[1] PASSED [ 84%]
tools/test_scenario_invariants.py::test_S2_total_energy_conservation[2] PASSED [ 84%]
tools/test_scenario_invariants.py::test_S2_total_energy_conservation[3] PASSED [ 84%]
tools/test_scenario_invariants.py::test_S2_total_energy_conservation[4] PASSED [ 84%]
tools/test_scenario_invariants.py::test_S2_total_energy_conservation[5] PASSED [ 85%]
tools/test_scenario_invariants.py::test_S2_total_energy_conservation[6] PASSED [ 85%]
tools/test_scenario_invariants.py::test_S2_total_energy_conservation[7] PASSED [ 85%]
tools/test_scenario_invariants.py::test_S2_total_energy_conservation[8] PASSED [ 85%]
tools/test_scenario_invariants.py::test_S2_total_energy_conservation[9] PASSED [ 85%]
tools/test_scenario_invariants.py::test_S2_total_energy_conservation[10] PASSED [ 85%]
tools/test_scenario_invariants.py::test_S2_total_energy_conservation[11] PASSED [ 85%]
tools/test_scenario_invariants.py::test_S2_total_energy_conservation[12] PASSED [ 85%]
tools/test_scenario_invariants.py::test_S2_total_energy_conservation[13] PASSED [ 85%]
tools/test_scenario_invariants.py::test_S2_total_energy_conservation[14] PASSED [ 85%]
tools/test_scenario_invariants.py::test_S3_predictions_positive_and_incremental_nonneg[0] PASSED [ 85%]
tools/test_scenario_invariants.py::test_S3_predictions_positive_and_incremental_nonneg[1] PASSED [ 85%]
tools/test_scenario_invariants.py::test_S3_predictions_positive_and_incremental_nonneg[2] PASSED [ 85%]
tools/test_scenario_invariants.py::test_S3_predictions_positive_and_incremental_nonneg[3] PASSED [ 85%]
tools/test_scenario_invariants.py::test_S3_predictions_positive_and_incremental_nonneg[4] PASSED [ 85%]
tools/test_scenario_invariants.py::test_S3_predictions_positive_and_incremental_nonneg[5] PASSED [ 85%]
tools/test_scenario_invariants.py::test_S3_predictions_positive_and_incremental_nonneg[6] PASSED [ 85%]
tools/test_scenario_invariants.py::test_S3_predictions_positive_and_incremental_nonneg[7] PASSED [ 85%]
tools/test_scenario_invariants.py::test_S3_predictions_positive_and_incremental_nonneg[8] PASSED [ 85%]
tools/test_scenario_invariants.py::test_S3_predictions_positive_and_incremental_nonneg[9] PASSED [ 85%]
tools/test_scenario_invariants.py::test_S4_money_conservation[0] PASSED  [ 85%]
tools/test_scenario_invariants.py::test_S4_money_conservation[1] PASSED  [ 85%]
tools/test_scenario_invariants.py::test_S4_money_conservation[2] PASSED  [ 85%]
tools/test_scenario_invariants.py::test_S4_money_conservation[3] PASSED  [ 86%]
tools/test_scenario_invariants.py::test_S4_money_conservation[4] PASSED  [ 86%]
tools/test_scenario_invariants.py::test_S4_money_conservation[5] PASSED  [ 86%]
tools/test_scenario_invariants.py::test_S4_money_conservation[6] PASSED  [ 86%]
tools/test_scenario_invariants.py::test_S4_money_conservation[7] PASSED  [ 86%]
tools/test_scenario_invariants.py::test_S4_money_conservation[8] PASSED  [ 86%]
tools/test_scenario_invariants.py::test_S4_money_conservation[9] PASSED  [ 86%]
tools/test_scenario_invariants.py::test_S5_single_period_distribution[0] PASSED [ 86%]
tools/test_scenario_invariants.py::test_S5_single_period_distribution[1] PASSED [ 86%]
tools/test_scenario_invariants.py::test_S5_single_period_distribution[2] PASSED [ 86%]
tools/test_scenario_invariants.py::test_S5_single_period_distribution[3] PASSED [ 86%]
tools/test_scenario_invariants.py::test_S5_single_period_distribution[4] PASSED [ 86%]
tools/test_scenario_invariants.py::test_S6_adstock_positive_and_carryover[0] PASSED [ 86%]
tools/test_scenario_invariants.py::test_S6_adstock_positive_and_carryover[1] PASSED [ 86%]
tools/test_scenario_invariants.py::test_S6_adstock_positive_and_carryover[2] PASSED [ 86%]
tools/test_scenario_invariants.py::test_S6_adstock_positive_and_carryover[3] PASSED [ 86%]
tools/test_scenario_invariants.py::test_S6_adstock_positive_and_carryover[4] PASSED [ 86%]
tools/test_scenario_invariants.py::test_S6_adstock_positive_and_carryover[5] PASSED [ 86%]
tools/test_scenario_invariants.py::test_S6_adstock_positive_and_carryover[6] PASSED [ 86%]
tools/test_scenario_invariants.py::test_S6_adstock_positive_and_carryover[7] PASSED [ 86%]
tools/test_scenario_invariants.py::test_S6_adstock_positive_and_carryover[8] PASSED [ 86%]
tools/test_scenario_invariants.py::test_S6_adstock_positive_and_carryover[9] PASSED [ 86%]
tools/test_scenario_invariants.py::test_S6_adstock_positive_and_carryover[10] PASSED [ 86%]
tools/test_scenario_invariants.py::test_S6_adstock_positive_and_carryover[11] PASSED [ 87%]
tools/test_scenario_invariants.py::test_S6_adstock_positive_and_carryover[12] PASSED [ 87%]
tools/test_scenario_invariants.py::test_S6_adstock_positive_and_carryover[13] PASSED [ 87%]
tools/test_scenario_invariants.py::test_S6_adstock_positive_and_carryover[14] PASSED [ 87%]
tools/test_scenario_invariants.py::test_S6_adstock_positive_and_carryover[15] PASSED [ 87%]
tools/test_scenario_invariants.py::test_S6_adstock_positive_and_carryover[16] PASSED [ 87%]
tools/test_scenario_invariants.py::test_S6_adstock_positive_and_carryover[17] PASSED [ 87%]
tools/test_scenario_invariants.py::test_S6_adstock_positive_and_carryover[18] PASSED [ 87%]
tools/test_scenario_invariants.py::test_S6_adstock_positive_and_carryover[19] PASSED [ 87%]
tools/test_scenario_invariants.py::test_S7_hill_bounds[0] PASSED         [ 87%]
tools/test_scenario_invariants.py::test_S7_hill_bounds[1] PASSED         [ 87%]
tools/test_scenario_invariants.py::test_S7_hill_bounds[2] PASSED         [ 87%]
tools/test_scenario_invariants.py::test_S7_hill_bounds[3] PASSED         [ 87%]
tools/test_scenario_invariants.py::test_S7_hill_bounds[4] PASSED         [ 87%]
tools/test_scenario_invariants.py::test_S7_hill_bounds[5] PASSED         [ 87%]
tools/test_scenario_invariants.py::test_S7_hill_bounds[6] PASSED         [ 87%]
tools/test_scenario_invariants.py::test_S7_hill_bounds[7] PASSED         [ 87%]
tools/test_scenario_invariants.py::test_S7_hill_bounds[8] PASSED         [ 87%]
tools/test_scenario_invariants.py::test_S7_hill_bounds[9] PASSED         [ 87%]
tools/test_scenario_invariants.py::test_S7_hill_bounds[10] PASSED        [ 87%]
tools/test_scenario_invariants.py::test_S7_hill_bounds[11] PASSED        [ 87%]
tools/test_scenario_invariants.py::test_S7_hill_bounds[12] PASSED        [ 87%]
tools/test_scenario_invariants.py::test_S7_hill_bounds[13] PASSED        [ 87%]
tools/test_scenario_invariants.py::test_S7_hill_bounds[14] PASSED        [ 88%]
tools/test_scenario_invariants.py::test_S7_hill_bounds[15] PASSED        [ 88%]
tools/test_scenario_invariants.py::test_S7_hill_bounds[16] PASSED        [ 88%]
tools/test_scenario_invariants.py::test_S7_hill_bounds[17] PASSED        [ 88%]
tools/test_scenario_invariants.py::test_S7_hill_bounds[18] PASSED        [ 88%]
tools/test_scenario_invariants.py::test_S7_hill_bounds[19] PASSED        [ 88%]
tools/test_scenario_invariants.py::test_S8_posterior_ci_ordering[0] PASSED [ 88%]
tools/test_scenario_invariants.py::test_S8_posterior_ci_ordering[1] PASSED [ 88%]
tools/test_scenario_invariants.py::test_S8_posterior_ci_ordering[2] PASSED [ 88%]
tools/test_scenario_invariants.py::test_S8_posterior_ci_ordering[3] PASSED [ 88%]
tools/test_scenario_invariants.py::test_S8_posterior_ci_ordering[4] PASSED [ 88%]
tools/test_scenario_invariants.py::test_S8_posterior_ci_ordering[5] PASSED [ 88%]
tools/test_scenario_invariants.py::test_S8_posterior_ci_ordering[6] PASSED [ 88%]
tools/test_scenario_invariants.py::test_S8_posterior_ci_ordering[7] PASSED [ 88%]
tools/test_scenario_invariants.py::test_S8_posterior_ci_ordering[8] PASSED [ 88%]
tools/test_scenario_invariants.py::test_S8_posterior_ci_ordering[9] PASSED [ 88%]
tools/test_scenario_invariants.py::test_S8b_per_period_ci_band[0] PASSED [ 88%]
tools/test_scenario_invariants.py::test_S8b_per_period_ci_band[1] PASSED [ 88%]
tools/test_scenario_invariants.py::test_S8b_per_period_ci_band[2] PASSED [ 88%]
tools/test_scenario_invariants.py::test_S8b_per_period_ci_band[3] PASSED [ 88%]
tools/test_scenario_invariants.py::test_S8b_per_period_ci_band[4] PASSED [ 88%]
tools/test_scenario_invariants.py::test_S8b_per_period_ci_band[5] PASSED [ 88%]
tools/test_scenario_invariants.py::test_S8b_per_period_ci_band[6] PASSED [ 88%]
tools/test_scenario_invariants.py::test_S8b_per_period_ci_band[7] PASSED [ 89%]
tools/test_scenario_invariants.py::test_S8b_per_period_ci_band[8] PASSED [ 89%]
tools/test_scenario_invariants.py::test_S8b_per_period_ci_band[9] PASSED [ 89%]
tools/test_scenario_invariants.py::test_S9_roas_ci_consistency[0] PASSED [ 89%]
tools/test_scenario_invariants.py::test_S9_roas_ci_consistency[1] PASSED [ 89%]
tools/test_scenario_invariants.py::test_S9_roas_ci_consistency[2] PASSED [ 89%]
tools/test_scenario_invariants.py::test_S9_roas_ci_consistency[3] PASSED [ 89%]
tools/test_scenario_invariants.py::test_S9_roas_ci_consistency[4] PASSED [ 89%]
tools/test_scenario_invariants.py::test_S9_roas_ci_consistency[5] PASSED [ 89%]
tools/test_scenario_invariants.py::test_S9_roas_ci_consistency[6] PASSED [ 89%]
tools/test_scenario_invariants.py::test_S9_roas_ci_consistency[7] PASSED [ 89%]
tools/test_scenario_invariants.py::test_S9_roas_ci_consistency[8] PASSED [ 89%]
tools/test_scenario_invariants.py::test_S9_roas_ci_consistency[9] PASSED [ 89%]
tools/test_scenario_invariants.py::test_S10_determinism PASSED           [ 89%]
tools/test_scenario_invariants.py::test_S11_scenario_identity_with_manual_sum_of_hills[0] PASSED [ 89%]
tools/test_scenario_invariants.py::test_S11_scenario_identity_with_manual_sum_of_hills[1] PASSED [ 89%]
tools/test_scenario_invariants.py::test_S11_scenario_identity_with_manual_sum_of_hills[2] PASSED [ 89%]
tools/test_scenario_invariants.py::test_S11_scenario_identity_with_manual_sum_of_hills[3] PASSED [ 89%]
tools/test_scenario_invariants.py::test_S11_scenario_identity_with_manual_sum_of_hills[4] PASSED [ 89%]
tools/test_scenario_invariants.py::test_S12_forecast_horizon_length[4] PASSED [ 89%]
tools/test_scenario_invariants.py::test_S12_forecast_horizon_length[8] PASSED [ 89%]
tools/test_scenario_invariants.py::test_S12_forecast_horizon_length[12] PASSED [ 89%]
tools/test_scenario_invariants.py::test_S12_forecast_horizon_length[24] PASSED [ 89%]
tools/test_scenario_invariants.py::test_S12_forecast_horizon_length[52] PASSED [ 90%]
tools/test_scenario_invariants.py::test_S13_money_mode_flag_when_partial_coverage PASSED [ 90%]
tools/test_scenario_invariants.py::test_S13b_money_mode_flag_when_full_coverage PASSED [ 90%]
tools/test_scenario_invariants.py::test_S14_empty_plan_rejected PASSED   [ 90%]
tools/test_scenario_invariants.py::test_S14_untrained_channel_rejected PASSED [ 90%]
tools/test_scenario_invariants.py::test_S14_model_not_found PASSED       [ 90%]
tools/test_scenario_seasonality.py::test_helper_phase_continues_from_n_obs PASSED [ 90%]
tools/test_scenario_seasonality.py::test_helper_full_cycle_sums_to_zero PASSED [ 90%]
tools/test_scenario_seasonality.py::test_helper_partial_cycle_is_biased PASSED [ 90%]
tools/test_scenario_seasonality.py::test_helper_no_fourier_returns_zeros PASSED [ 90%]
tools/test_scenario_seasonality.py::test_helper_schema_mismatch_safe PASSED [ 90%]
tools/test_scenario_seasonality.py::test_predict_scenario_carries_seasonal_wave PASSED [ 90%]
tools/test_server_backtest.py::test_validation_422_on_junk PASSED        [ 90%]
tools/test_server_backtest.py::test_no_model_404_russian PASSED          [ 90%]
tools/test_server_backtest.py::test_no_data_404_russian PASSED           [ 90%]
tools/test_server_backtest.py::test_insufficient_is_200_result PASSED    [ 90%]
tools/test_server_backtest.py::test_read_only_not_found PASSED           [ 90%]
tools/test_server_backtest.py::test_happy_ols_and_read_only_roundtrip PASSED [ 90%]
tools/test_server_backtest.py::test_friendly_error_envelope PASSED       [ 90%]
tools/test_server_lifecycle.py::test_validation_422_on_junk_ts PASSED    [ 90%]
tools/test_server_lifecycle.py::test_no_model_404 PASSED                 [ 90%]
tools/test_server_lifecycle.py::test_insufficient_is_200 PASSED          [ 90%]
tools/test_server_lifecycle.py::test_generation_not_found_404 PASSED     [ 90%]
tools/test_server_lifecycle.py::test_happy_compare_and_read_only PASSED  [ 91%]
tools/test_server_lifecycle.py::test_read_only_not_found PASSED          [ 91%]
tools/test_server_lifecycle.py::test_happy_drift PASSED                  [ 91%]
tools/test_server_lifecycle.py::test_model_history_lists_generation PASSED [ 91%]
tools/test_server_nan_safe.py::test_train_response_nan_sanitized PASSED  [ 91%]
tools/test_server_nan_safe.py::test_decompose_response_nan_sanitized PASSED [ 91%]
tools/test_server_nan_safe.py::test_sanitize_helper_contract PASSED      [ 91%]
tools/test_server_phase2_endpoints.py::TestForecastContextEndpoint::test_missing_pickle_returns_400 PASSED [ 91%]
tools/test_server_phase2_endpoints.py::TestForecastContextEndpoint::test_invalid_path_returns_400 PASSED [ 91%]
tools/test_server_phase2_endpoints.py::TestForecastScalingEndpoint::test_missing_pickle_returns_400 PASSED [ 91%]
tools/test_server_phase2_endpoints.py::TestForecastScalingEndpoint::test_invalid_forecast_periods_with_pickle PASSED [ 91%]
tools/test_server_phase2_endpoints.py::TestForecastScalingEndpoint::test_horizon_too_long_returns_400 PASSED [ 91%]
tools/test_server_phase2_endpoints.py::TestForecastScalingEndpoint::test_valid_request_returns_ok_with_metadata PASSED [ 91%]
tools/test_server_phase2_endpoints.py::TestOptimizeRequestPhase2Schema::test_legacy_request_still_works PASSED [ 91%]
tools/test_server_phase2_endpoints.py::TestOptimizeRequestPhase2Schema::test_phase2_fields_accepted PASSED [ 91%]
tools/test_server_promises.py::test_validation_422 PASSED                [ 91%]
tools/test_server_promises.py::test_create_no_data_404 PASSED            [ 91%]
tools/test_server_promises.py::test_check_empty_list_is_ok_without_model PASSED [ 91%]
tools/test_server_promises.py::test_check_no_model_404_when_promises_exist PASSED [ 91%]
tools/test_server_promises.py::test_full_cycle_create_list_check PASSED  [ 91%]
tools/test_server_train_flags.py::test_flags_survive_model_dump[TrainRequest] PASSED [ 91%]
tools/test_server_train_flags.py::test_flags_survive_model_dump[TrainStartRequest] PASSED [ 91%]
tools/test_server_train_flags.py::test_flags_default_on[TrainRequest] PASSED [ 91%]
tools/test_server_train_flags.py::test_flags_default_on[TrainStartRequest] PASSED [ 92%]
tools/test_split_ci.py::test_split_ci_requires_posterior PASSED          [ 92%]
tools/test_sprint_buffer_43_44_45_polish.py::test_impact_num_real_value_unchanged PASSED [ 92%]
tools/test_sprint_buffer_43_44_45_polish.py::test_impact_num_none_renders_semantic_text PASSED [ 92%]
tools/test_sprint_buffer_43_44_45_polish.py::test_impact_num_text_size_scaled_down PASSED [ 92%]
tools/test_sprint_buffer_43_44_45_polish.py::test_builder_real_pptx_renders_semantic_text SKIPPED [ 92%]
tools/test_sprint_buffer_43_44_45_polish.py::test_baseline_total_zero_emits_warning PASSED [ 92%]
tools/test_sprint_buffer_43_44_45_polish.py::test_baseline_total_positive_no_warning PASSED [ 92%]
tools/test_sprint_buffer_43_44_45_polish.py::test_baseline_total_warning_message_actionable PASSED [ 92%]
tools/test_train_task_cleanup.py::test_consumed_older_5min_removed PASSED [ 92%]
tools/test_train_task_cleanup.py::test_terminal_unconsumed_older_1h_removed PASSED [ 92%]
tools/test_train_task_cleanup.py::test_running_never_removed PASSED      [ 92%]
tools/test_unit_cost_inflation.py::TestComputeInflationWeightedAvgCost::test_zero_inflation_returns_current PASSED [ 92%]
tools/test_unit_cost_inflation.py::TestComputeInflationWeightedAvgCost::test_none_inflation_returns_current PASSED [ 92%]
tools/test_unit_cost_inflation.py::TestComputeInflationWeightedAvgCost::test_single_year_returns_current PASSED [ 92%]
tools/test_unit_cost_inflation.py::TestComputeInflationWeightedAvgCost::test_two_year_uniform_spend PASSED [ 92%]
tools/test_unit_cost_inflation.py::TestComputeInflationWeightedAvgCost::test_three_year_proportional PASSED [ 92%]
tools/test_unit_cost_inflation.py::TestComputeInflationWeightedAvgCost::test_inflation_lower_than_current PASSED [ 92%]
tools/test_unit_cost_inflation.py::TestComputeInflationWeightedAvgCost::test_invalid_dates_returns_current PASSED [ 92%]
tools/test_unit_cost_inflation.py::TestComputeInflationWeightedAvgCost::test_zero_spend_returns_current PASSED [ 92%]
tools/test_unit_cost_inflation.py::TestApplyInflationToUnitCosts::test_no_inflation_passthrough PASSED [ 92%]
tools/test_unit_cost_inflation.py::TestApplyInflationToUnitCosts::test_empty_inflation_dict_passthrough PASSED [ 92%]
tools/test_unit_cost_inflation.py::TestApplyInflationToUnitCosts::test_partial_inflation_only_specified_channels PASSED [ 92%]
tools/test_unit_cost_inflation.py::TestApplyInflationToUnitCosts::test_money_channel_uc_1_unchanged PASSED [ 93%]
tools/test_unit_cost_inflation.py::TestApplyInflationToUnitCosts::test_missing_date_column_returns_unchanged PASSED [ 93%]
tools/test_unit_cost_inflation.py::TestApplyInflationToUnitCosts::test_zero_inflation_in_dict_returns_current PASSED [ 93%]
tools/test_validator_derived_metrics.py::TestDerivedMetricsExcluded::test_derived_metric_returns_unused[SOM \u0432 \u0440\u0443\u0431] PASSED [ 93%]
tools/test_validator_derived_metrics.py::TestDerivedMetricsExcluded::test_derived_metric_returns_unused[SOM \u0432 \u0443\u043f.] PASSED [ 93%]
tools/test_validator_derived_metrics.py::TestDerivedMetricsExcluded::test_derived_metric_returns_unused[som \u0432 %] PASSED [ 93%]
tools/test_validator_derived_metrics.py::TestDerivedMetricsExcluded::test_derived_metric_returns_unused[SOM (\u0431\u0440\u0435\u043d\u0434)] PASSED [ 93%]
tools/test_validator_derived_metrics.py::TestDerivedMetricsExcluded::test_derived_metric_returns_unused[som_brand] PASSED [ 93%]
tools/test_validator_derived_metrics.py::TestDerivedMetricsExcluded::test_derived_metric_returns_unused[SOV] PASSED [ 93%]
tools/test_validator_derived_metrics.py::TestDerivedMetricsExcluded::test_derived_metric_returns_unused[SOV (W 25-54)] PASSED [ 93%]
tools/test_validator_derived_metrics.py::TestDerivedMetricsExcluded::test_derived_metric_returns_unused[sov_total] PASSED [ 93%]
tools/test_validator_derived_metrics.py::TestDerivedMetricsExcluded::test_derived_metric_returns_unused[share_of_market] PASSED [ 93%]
tools/test_validator_derived_metrics.py::TestDerivedMetricsExcluded::test_derived_metric_returns_unused[share of market] PASSED [ 93%]
tools/test_validator_derived_metrics.py::TestDerivedMetricsExcluded::test_derived_metric_returns_unused[market_share] PASSED [ 93%]
tools/test_validator_derived_metrics.py::TestDerivedMetricsExcluded::test_derived_metric_returns_unused[market share] PASSED [ 93%]
tools/test_validator_derived_metrics.py::TestDerivedMetricsExcluded::test_derived_metric_returns_unused[share_of_voice] PASSED [ 93%]
tools/test_validator_derived_metrics.py::TestDerivedMetricsExcluded::test_derived_metric_returns_unused[share of voice] PASSED [ 93%]
tools/test_validator_derived_metrics.py::TestDerivedMetricsExcluded::test_derived_metric_returns_unused[\u0434\u043e\u043b\u044f_\u0440\u044b\u043d\u043a\u0430] PASSED [ 93%]
tools/test_validator_derived_metrics.py::TestDerivedMetricsExcluded::test_derived_metric_returns_unused[\u0434\u043e\u043b\u044f \u0440\u044b\u043d\u043a\u0430] PASSED [ 93%]
tools/test_validator_derived_metrics.py::TestDerivedMetricsExcluded::test_derived_metric_returns_unused[\u0434\u043e\u043b\u044f_\u0433\u043e\u043b\u043e\u0441\u0430] PASSED [ 93%]
tools/test_validator_derived_metrics.py::TestDerivedMetricsExcluded::test_derived_metric_returns_unused[\u0434\u043e\u043b\u044f \u0433\u043e\u043b\u043e\u0441\u0430] PASSED [ 93%]
tools/test_validator_derived_metrics.py::TestDerivedFixDoesNotMaskRegression::test_my_fix_does_not_mark_as_unused[svok] PASSED [ 93%]
tools/test_validator_derived_metrics.py::TestDerivedFixDoesNotMaskRegression::test_my_fix_does_not_mark_as_unused[svok_2024] PASSED [ 93%]
tools/test_validator_derived_metrics.py::TestDerivedFixDoesNotMaskRegression::test_my_fix_does_not_mark_as_unused[mosgorsovet] PASSED [ 94%]
tools/test_validator_derived_metrics.py::TestDerivedFixDoesNotMaskRegression::test_my_fix_does_not_mark_as_unused[sovetnik] PASSED [ 94%]
tools/test_validator_derived_metrics.py::TestDerivedFixDoesNotMaskRegression::test_my_fix_does_not_mark_as_unused[somatic] PASSED [ 94%]
tools/test_validator_derived_metrics.py::TestCompetitorOverrideStillWorks::test_competitor_priority_preserved[TRPs \u043a\u043e\u043d\u043a\u0443\u0440\u0435\u043d\u0442\u044b (W 25-54)] PASSED [ 94%]
tools/test_validator_derived_metrics.py::TestCompetitorOverrideStillWorks::test_competitor_priority_preserved[\u041f\u0440\u043e\u0434\u0430\u0436\u0438 \u0432 \u0443\u043f. \u043a\u043e\u043d\u043a\u0443\u0440\u0435\u043d\u0442\u044b] PASSED [ 94%]
tools/test_validator_derived_metrics.py::TestCompetitorOverrideStillWorks::test_competitor_priority_preserved[competitor_trp] PASSED [ 94%]
tools/test_validator_derived_metrics.py::TestCompetitorOverrideStillWorks::test_competitor_priority_preserved[\u043a\u043e\u043d\u043a\u0443\u0440\u0435\u043d\u0442_\u043f\u043e\u043a\u0430\u0437\u044b] PASSED [ 94%]
tools/test_validator_derived_metrics.py::TestCategoryVolumeIsControl::test_category_volume_is_control[\u041f\u0440\u043e\u0434\u0430\u0436\u0438 \u043a\u0430\u0442\u0435\u0433\u043e\u0440\u0438\u0438] PASSED [ 94%]
tools/test_validator_derived_metrics.py::TestCategoryVolumeIsControl::test_category_volume_is_control[\u041f\u0440\u043e\u0434\u0430\u0436\u0438 \u0432 \u0440\u0443\u0431. \u043a\u0430\u0442\u0435\u0433\u043e\u0440\u0438\u044f] PASSED [ 94%]
tools/test_validator_derived_metrics.py::TestCategoryVolumeIsControl::test_category_volume_is_control[\u041e\u0431\u044a\u0451\u043c \u0440\u044b\u043d\u043a\u0430] PASSED [ 94%]
tools/test_validator_derived_metrics.py::TestCategoryVolumeIsControl::test_category_volume_is_control[\u041e\u0431\u044a\u0435\u043c \u0440\u044b\u043d\u043a\u0430, \u0443\u043f.] PASSED [ 94%]
tools/test_validator_derived_metrics.py::TestCategoryVolumeIsControl::test_category_volume_is_control[\u0420\u044b\u043d\u043e\u043a \u0432\u0441\u0435\u0433\u043e] PASSED [ 94%]
tools/test_validator_derived_metrics.py::TestCategoryVolumeIsControl::test_category_volume_is_control[category sales] PASSED [ 94%]
tools/test_validator_derived_metrics.py::TestCategoryVolumeIsControl::test_category_volume_is_control[total market volume] PASSED [ 94%]
tools/test_validator_derived_metrics.py::TestCategoryVolumeIsControl::test_market_share_still_unused[\u0434\u043e\u043b\u044f \u0440\u044b\u043d\u043a\u0430] PASSED [ 94%]
tools/test_validator_derived_metrics.py::TestCategoryVolumeIsControl::test_market_share_still_unused[market_share] PASSED [ 94%]
tools/test_validator_derived_metrics.py::TestCategoryVolumeIsControl::test_text_category_attribute_not_control[\u041a\u0430\u0442\u0435\u0433\u043e\u0440\u0438\u044f] PASSED [ 94%]
tools/test_validator_derived_metrics.py::TestCategoryVolumeIsControl::test_text_category_attribute_not_control[\u041a\u0430\u0442\u0435\u0433\u043e\u0440\u0438\u044f \u043a\u0430\u043d\u0430\u043b\u0430] PASSED [ 94%]
tools/test_validator_derived_metrics.py::TestCategoryVolumeIsControl::test_text_category_attribute_not_control[\u041a\u0430\u0442\u0435\u0433\u043e\u0440\u0438\u0437\u0430\u0446\u0438\u044f] PASSED [ 94%]
tools/test_validator_derived_metrics.py::TestKpiTargetsStillKpi::test_kpi_unaffected[\u041f\u0440\u043e\u0434\u0430\u0436\u0438 \u0432 \u0440\u0443\u0431. \u0431\u0440\u0435\u043d\u0434] PASSED [ 94%]
tools/test_validator_derived_metrics.py::TestKpiTargetsStillKpi::test_kpi_unaffected[sales_packs] PASSED [ 94%]
tools/test_validator_derived_metrics.py::TestKpiTargetsStillKpi::test_kpi_unaffected[revenue] PASSED [ 94%]
tools/test_validator_derived_metrics.py::TestKpiTargetsStillKpi::test_kpi_unaffected[\u041f\u0440\u043e\u0434\u0430\u0436\u0438 \u0432 \u0443\u043f. \u0431\u0440\u0435\u043d\u0434] PASSED [ 94%]
tools/test_validator_input_robustness.py::TestNoneInputSafety::test_none_returns_unknown PASSED [ 95%]
tools/test_validator_input_robustness.py::TestNoneInputSafety::test_none_with_confidence_returns_zero PASSED [ 95%]
tools/test_validator_input_robustness.py::TestNoneInputSafety::test_empty_string_returns_unknown PASSED [ 95%]
tools/test_validator_input_robustness.py::TestNoneInputSafety::test_whitespace_only_returns_unknown PASSED [ 95%]
tools/test_validator_input_robustness.py::TestNoneInputSafety::test_numeric_input_returns_unknown PASSED [ 95%]
tools/test_validator_input_robustness.py::TestNoneInputSafety::test_nan_float_returns_unknown PASSED [ 95%]
tools/test_validator_input_robustness.py::TestNoneInputSafety::test_with_confidence_returns_zero_for_empty PASSED [ 95%]
tools/test_validator_input_robustness.py::TestCyrillicEdgeCases::test_combining_diacritics PASSED [ 95%]
tools/test_validator_input_robustness.py::TestCyrillicEdgeCases::test_mixed_case_cyrillic PASSED [ 95%]
tools/test_validator_input_robustness.py::TestCyrillicEdgeCases::test_with_punctuation PASSED [ 95%]
tools/test_validator_input_robustness.py::TestCyrillicEdgeCases::test_leading_trailing_whitespace PASSED [ 95%]
tools/test_validator_input_robustness.py::TestUnknownConfidenceFloor::test_unknown_returns_zero_confidence PASSED [ 95%]
tools/test_validator_input_robustness.py::TestSpecificColumnNames::test_pilot_dataset_columns[OLV \u0411\u044e\u0434\u0436\u0435\u0442 \u0434\u043e \u041d\u0414\u0421 \u0434\u043e \u0410\u041a-media] PASSED [ 95%]
tools/test_validator_input_robustness.py::TestSpecificColumnNames::test_pilot_dataset_columns[Banners \u041f\u043e\u043a\u0430\u0437\u044b-media] PASSED [ 95%]
tools/test_validator_input_robustness.py::TestSpecificColumnNames::test_pilot_dataset_columns[\u041a\u043e\u043b-\u0432\u043e \u0437\u0430\u043f\u0440\u043e\u0441\u043e\u0432-control] PASSED [ 95%]
tools/test_validator_input_robustness.py::TestSpecificColumnNames::test_pilot_dataset_columns[SOM \u0432 \u0440\u0443\u0431-unused] PASSED [ 95%]
tools/test_validator_input_robustness.py::TestSpecificColumnNames::test_pilot_dataset_columns[SOV-unused] PASSED [ 95%]
tools/test_validator_input_robustness.py::TestSpecificColumnNames::test_pilot_dataset_columns[TRPs \u0431\u0440\u0435\u043d\u0434 (W 25-54)-media] PASSED [ 95%]
tools/test_validator_input_robustness.py::TestSpecificColumnNames::test_pilot_dataset_columns[\u041f\u0440\u043e\u0434\u0430\u0436\u0438 \u0432 \u0440\u0443\u0431. \u0431\u0440\u0435\u043d\u0434-kpi] PASSED [ 95%]
tools/test_validator_numeric_role_gate.py::TestIsNumericParseable::test_numeric_like_passes[values0] PASSED [ 95%]
tools/test_validator_numeric_role_gate.py::TestIsNumericParseable::test_numeric_like_passes[values1] PASSED [ 95%]
tools/test_validator_numeric_role_gate.py::TestIsNumericParseable::test_numeric_like_passes[values2] PASSED [ 95%]
tools/test_validator_numeric_role_gate.py::TestIsNumericParseable::test_numeric_like_passes[values3] PASSED [ 95%]
tools/test_validator_numeric_role_gate.py::TestIsNumericParseable::test_numeric_like_passes[values4] PASSED [ 96%]
tools/test_validator_numeric_role_gate.py::TestIsNumericParseable::test_text_like_fails[values0] PASSED [ 96%]
tools/test_validator_numeric_role_gate.py::TestIsNumericParseable::test_text_like_fails[values1] PASSED [ 96%]
tools/test_validator_numeric_role_gate.py::TestIsNumericParseable::test_text_like_fails[values2] PASSED [ 96%]
tools/test_validator_numeric_role_gate.py::TestIsNumericParseable::test_empty_series_is_false PASSED [ 96%]
tools/test_validator_numeric_role_gate.py::TestIsNumericParseable::test_threshold_boundary PASSED [ 96%]
tools/test_validator_numeric_role_gate.py::TestValidateDataNumericGate::test_text_control_column_demoted PASSED [ 96%]
tools/test_validator_numeric_role_gate.py::TestValidateDataNumericGate::test_money_string_control_kept PASSED [ 96%]
tools/test_validator_numeric_role_gate.py::TestValidateDataNumericGate::test_numeric_media_unaffected PASSED [ 96%]
tools/test_validator_numeric_role_gate.py::TestValidateDataTotalBudgetGate::test_total_budget_column_demoted PASSED [ 96%]
tools/test_validator_numeric_role_gate.py::TestValidateDataTotalBudgetGate::test_real_channel_with_budget_tokens_kept PASSED [ 96%]
tools/test_validator_numeric_role_gate.py::TestValidateDataTotalBudgetGate::test_itogo_budget_demoted PASSED [ 96%]
tools/test_validator_numeric_role_gate.py::TestKpiPatternsLeads::test_leads_detected_as_kpi PASSED [ 96%]
tools/test_validator_numeric_role_gate.py::TestPairExampleRoles::test_apteka_contacts_is_media PASSED [ 96%]
tools/test_validator_numeric_role_gate.py::TestPairExampleRoles::test_promo_indicator_is_control PASSED [ 96%]
tools/test_validator_numeric_role_gate.py::TestPairExampleRoles::test_short_period_uses_date_span_not_row_count PASSED [ 96%]
tools/test_verdicts_kpi_aware.py::test_count_cpu_far_above_value_is_deep_loss PASSED [ 96%]
tools/test_verdicts_kpi_aware.py::test_count_cpu_above_value_is_loss PASSED [ 96%]
tools/test_verdicts_kpi_aware.py::test_count_cpu_near_value_is_breakeven PASSED [ 96%]
tools/test_verdicts_kpi_aware.py::test_count_cpu_below_value_is_profitable PASSED [ 96%]
tools/test_verdicts_kpi_aware.py::test_count_high_efficiency_gap_promotes_to_high_perf PASSED [ 96%]
tools/test_verdicts_kpi_aware.py::test_count_missing_value_falls_back_to_share_based PASSED [ 96%]
tools/test_verdicts_kpi_aware.py::test_count_wide_ci_adds_suffix PASSED  [ 96%]
tools/test_verdicts_kpi_aware.py::test_count_unit_smell_warns_low_cpu PASSED [ 97%]
tools/test_verdicts_kpi_aware.py::test_count_negative_cpu_is_artifact PASSED [ 97%]
tools/test_verdicts_kpi_aware.py::test_effectiveness_top_share_is_top_driver PASSED [ 97%]
tools/test_verdicts_kpi_aware.py::test_effectiveness_above_median_is_significant PASSED [ 97%]
tools/test_verdicts_kpi_aware.py::test_effectiveness_below_p25_is_weak PASSED [ 97%]
tools/test_verdicts_kpi_aware.py::test_effectiveness_negligible_share PASSED [ 97%]
tools/test_verdicts_kpi_aware.py::test_kpi_aware_monetary_roi_delegates_to_v12 PASSED [ 97%]
tools/test_verdicts_kpi_aware.py::test_kpi_aware_count_uses_cpu_logic PASSED [ 97%]
tools/test_verdicts_kpi_aware.py::test_kpi_aware_effectiveness_uses_share PASSED [ 97%]
tools/test_verdicts_kpi_aware.py::test_kpi_aware_count_missing_cpu_returns_neutral PASSED [ 97%]
tools/test_verdicts_kpi_aware.py::test_kpi_aware_effectiveness_missing_share_returns_neutral PASSED [ 97%]
tools/test_verdicts_kpi_aware.py::test_kpi_aware_monetary_missing_roi_returns_neutral PASSED [ 97%]
tools/test_weibull_recovery.py::test_kernel_normalized_sum_to_one PASSED [ 97%]
tools/test_weibull_recovery.py::test_kernel_peaks_near_specified_week PASSED [ 97%]
tools/test_weibull_recovery.py::test_kernel_short_tail_for_low_tail_decay PASSED [ 97%]
tools/test_weibull_recovery.py::test_kernel_non_negative PASSED          [ 97%]
tools/test_weibull_recovery.py::test_kernel_monotonic_decay_after_peak PASSED [ 97%]
tools/test_weibull_recovery.py::test_synthetic_data_generation_shape_correct PASSED [ 97%]
tools/test_weibull_recovery.py::test_synthetic_data_y_correlates_with_lagged_media PASSED [ 97%]
tools/test_weibull_recovery.py::test_synthetic_data_deterministic_with_seed PASSED [ 97%]
tools/test_weibull_recovery.py::test_tail_decay_to_k_inverse_relationship PASSED [ 97%]
tools/test_weibull_recovery.py::test_tail_decay_to_k_handles_near_zero PASSED [ 97%]
tools/test_weibull_recovery.py::test_peak_week_to_lambda_inverse_at_known_point PASSED [ 97%]
tools/test_weibull_recovery.py::test_compute_weibull_peak_matches_input PASSED [ 98%]
tools/test_weibull_recovery.py::test_compute_weibull_half_life_increases_with_slower_tail PASSED [ 98%]
tools/test_weibull_recovery.py::test_weibull_convolution_toeplitz_zero_input_zero_output PASSED [ 98%]
tools/test_weibull_recovery.py::test_weibull_convolution_toeplitz_impulse_response_matches_kernel PASSED [ 98%]
tools/test_weibull_recovery.py::test_weibull_convolution_toeplitz_preserves_total_mass PASSED [ 98%]
tools/test_weibull_recovery.py::test_weibull_kernel_rejects_zero_max_decay PASSED [ 98%]
tools/test_weibull_recovery.py::test_weibull_kernel_rejects_negative_max_decay PASSED [ 98%]
tools/test_weibull_recovery.py::test_weibull_kernel_rejects_zero_peak_week PASSED [ 98%]
tools/test_weibull_recovery.py::test_weibull_kernel_rejects_negative_peak_week PASSED [ 98%]
tools/test_weibull_recovery.py::test_weibull_kernel_rejects_zero_tail_decay PASSED [ 98%]
tools/test_weibull_recovery.py::test_weibull_kernel_max_decay_one_returns_single_element PASSED [ 98%]
tools/test_weibull_recovery.py::test_compute_weibull_half_life_extreme_params PASSED [ 98%]
tools/test_weibull_recovery.py::test_compute_weibull_half_life_returns_finite_for_extreme_peak PASSED [ 98%]
tools/test_weibull_recovery.py::test_tail_decay_to_k_extreme_low_value PASSED [ 98%]
tools/test_weibull_recovery.py::test_baseline_pre_computed_does_not_recover SKIPPED [ 98%]
tools/test_weibull_recovery.py::test_learnable_weibull_recovers_within_tolerance SKIPPED [ 98%]
tools/test_weibull_recovery.py::test_learnable_weibull_jax_backend_required SKIPPED [ 98%]
tools/test_weibull_recovery.py::test_learnable_weibull_warm_start_speeds_convergence SKIPPED [ 98%]
tools/test_y_actual_repair.py::test_y_actual_repair_truncated_pickle_xlsx PASSED [ 98%]
tools/test_y_actual_repair.py::test_y_actual_repair_truncated_pickle_csv PASSED [ 98%]
tools/test_y_actual_repair.py::test_y_actual_no_repair_when_already_full PASSED [ 98%]
tools/test_y_actual_repair.py::test_y_actual_no_repair_when_data_file_missing PASSED [ 98%]
tools/test_y_actual_repair.py::test_y_actual_no_repair_when_data_file_shorter PASSED [ 98%]
tools/test_y_actual_repair.py::test_y_actual_no_repair_when_kpi_column_missing PASSED [ 99%]
tools/test_y_actual_repair.py::test_y_actual_no_repair_when_data_file_unreadable PASSED [ 99%]
tools/test_y_actual_repair.py::test_y_actual_no_repair_when_data_file_field_missing PASSED [ 99%]
tools/test_y_actual_repair.py::test_y_actual_no_repair_when_empty PASSED [ 99%]
tools/test_y_actual_repair.py::test_y_actual_repair_idempotent PASSED    [ 99%]
tools/test_y_actual_repair.py::test_y_actual_repair_alternate_kpi_field_name PASSED [ 99%]
tools/test_y_actual_repair.py::test_y_actual_repair_skips_when_data_file_has_nan PASSED [ 99%]
tools/test_y_actual_repair.py::test_y_actual_repair_direct_call_data_file_missing PASSED [ 99%]
tools/test_y_actual_repair.py::test_y_actual_repair_handles_numpy_array_y_actual PASSED [ 99%]
tools/test_y_actual_repair.py::test_y_actual_repair_handles_empty_numpy_array PASSED [ 99%]
tools/test_y_actual_repair.py::test_y_actual_repair_handles_tuple_y_actual PASSED [ 99%]
tools/test_y_actual_repair.py::test_repair_counter_repaired_increments PASSED [ 99%]
tools/test_y_actual_repair.py::test_repair_counter_skipped_current PASSED [ 99%]
tools/test_y_actual_repair.py::test_repair_counter_skipped_missing_meta PASSED [ 99%]
tools/test_y_actual_repair.py::test_repair_counter_skipped_file_gone PASSED [ 99%]
tools/test_y_actual_repair.py::test_repair_counter_skipped_col_missing PASSED [ 99%]
tools/test_y_actual_repair.py::test_repair_counter_skipped_nan_values PASSED [ 99%]
tools/test_y_actual_repair.py::test_repair_counter_skipped_shorter_file PASSED [ 99%]
tools/test_y_actual_repair.py::test_repair_counter_skipped_empty_pickle PASSED [ 99%]
tools/test_y_actual_repair.py::test_repair_counter_skipped_unsized PASSED [ 99%]
tools/test_y_actual_repair.py::test_repair_counter_independence PASSED   [ 99%]
tools/test_y_actual_repair.py::test_reset_repair_stats_zeros_all PASSED  [ 99%]
tools/test_y_actual_repair.py::test_repair_stats_snapshot_isolation PASSED [100%]

============================== warnings summary ===============================
sidecar\econometrica\server.py:235
  D:\Docs\Aurora_Ai\Dev\Aurora_Econometrica_thinwt\sidecar\econometrica\server.py:235: DeprecationWarning: 
          on_event is deprecated, use lifespan event handlers instead.
  
          Read more about it in the
          [FastAPI docs for Lifespan Events](https://fastapi.tiangolo.com/advanced/events/).
          
    @app.on_event('startup')

C:\Users\ackol\AppData\Local\Programs\Python\Python312\Lib\site-packages\fastapi\applications.py:4599
  C:\Users\ackol\AppData\Local\Programs\Python\Python312\Lib\site-packages\fastapi\applications.py:4599: DeprecationWarning: 
          on_event is deprecated, use lifespan event handlers instead.
  
          Read more about it in the
          [FastAPI docs for Lifespan Events](https://fastapi.tiangolo.com/advanced/events/).
          
    return self.router.on_event(event_type)

tools/test_dirty_import_files.py::test_dirty_mutations_no_exceptions[double_header]
  D:\Docs\Aurora_Ai\Dev\Aurora_Econometrica_thinwt\sidecar\econometrica\engines\planning.py:118: UserWarning: Could not infer format, so each element will be parsed individually, falling back to `dateutil`. To ensure parsing is consistent and as-expected, please specify a format.
    work[date_col] = pd.to_datetime(work[date_col], errors="coerce")

tools/test_dirty_import_files.py::test_dirty_mutations_no_exceptions[double_header]
  D:\Docs\Aurora_Ai\Dev\Aurora_Econometrica_thinwt\sidecar\econometrica\engines\validator.py:549: UserWarning: Could not infer format, so each element will be parsed individually, falling back to `dateutil`. To ensure parsing is consistent and as-expected, please specify a format.
    _dates = pd.to_datetime(df[col], errors='coerce').dropna()

tools/test_dirty_import_files.py::test_dirty_mutations_no_exceptions[double_header]
  D:\Docs\Aurora_Ai\Dev\Aurora_Econometrica_thinwt\sidecar\econometrica\engines\validator.py:274: UserWarning: Could not infer format, so each element will be parsed individually, falling back to `dateutil`. To ensure parsing is consistent and as-expected, please specify a format.
    dates = pd.to_datetime(series.dropna()).sort_values()

tools/test_dirty_import_files.py::test_dirty_mutations_no_exceptions[double_header]
  D:\Docs\Aurora_Ai\Dev\Aurora_Econometrica_thinwt\sidecar\econometrica\engines\validator.py:882: UserWarning: Could not infer format, so each element will be parsed individually, falling back to `dateutil`. To ensure parsing is consistent and as-expected, please specify a format.
    df[date_col] = pd.to_datetime(df[date_col])

tools/test_fourier_integration.py: 18 warnings
tools/test_scenario_seasonality.py: 1 warning
  D:\Docs\Aurora_Ai\Dev\Aurora_Econometrica_thinwt\sidecar\econometrica\engines\modeler.py:931: DeprecationWarning: Scan return signature will change. Updates dict will not be returned, only the first argument. Pass `return_updates=False` to conform to the new API and avoid this warning
    adstock_seq, _ = pt_scan(

tools/test_scenario_seasonality.py::test_predict_scenario_carries_seasonal_wave
  C:\Users\ackol\AppData\Local\Programs\Python\Python312\Lib\site-packages\pytensor\tensor\rewriting\elemwise.py:881: UserWarning: Loop fusion failed because the resulting node would exceed the kernel argument limit.
    warn(

-- Docs: https://docs.pytest.org/en/stable/how-to/capture-warnings.html
=========================== short test summary info ===========================
SKIPPED [1] tools\test_collapse_top_groups.py:105: фикстура mmx_4groups недоступна
SKIPPED [1] tools\test_phase2_synergies.py:96: Conformal not available in this env
SKIPPED [1] tools\test_sprint_buffer_43_44_45_polish.py:68: aurora_pptx not importable in test env
SKIPPED [1] tools\test_weibull_recovery.py:282: Requires B2 - learnable Weibull в modeler.py. Un-skip after B2 ship.
SKIPPED [1] tools\test_weibull_recovery.py:291: Requires B2 - learnable Weibull в modeler.py.
SKIPPED [1] tools\test_weibull_recovery.py:303: Requires B2 + JAX backend.
SKIPPED [1] tools\test_weibull_recovery.py:309: Requires B2 + scipy MLE warm-start.
=== 2288 passed, 7 skipped, 30 deselected, 26 warnings in 230.28s (0:03:50) ===
